epoch (ms),time (-07:00),elapsed (s),X-Axis (T),Y-Axis (T),Z-Axis (T)
1607122215871,2020-12-04T22:51:14.700Z,-0.356,-93.125,-99.8125,194.5625
1607122215911,2020-12-04T22:51:14.705Z,-0.316,-93.5,-99.4375,195.375
1607122215951,2020-12-04T22:51:14.711Z,-0.276,-93.875,-99.4375,194.625
1607122215990,2020-12-04T22:51:14.713Z,-0.237,-93.125,-99.4375,196.1875
1607122216024,2020-12-04T22:51:14.716Z,-0.203,-91.25,-99.0625,195
1607122216065,2020-12-04T22:51:14.726Z,-0.162,-94.625,-99.8125,195.375
1607122216104,2020-12-04T22:51:14.728Z,-0.123,-92,-99.4375,195.75
1607122216144,2020-12-04T22:51:14.730Z,-0.083,-93.125,-99.0625,196.1875
1607122216183,2020-12-04T22:51:14.742Z,-0.044,-93.875,-98.3125,194.625
1607122216204,2020-12-04T22:51:14.743Z,-0.023,-93.125,-100.1875,194.625
1607122216243,2020-12-04T22:51:14.747Z,0.016,-91.25,-99.4375,194.1875
1607122216284,2020-12-04T22:51:14.748Z,0.057,-92.375,-100.9375,196.25
1607122216324,2020-12-04T22:51:14.758Z,0.097,-92,-99.8125,195.375
1607122216364,2020-12-04T22:51:14.760Z,0.137,-93.125,-98.6875,194.5625
1607122216403,2020-12-04T22:51:14.762Z,0.176,-92,-98.6875,195.375
1607122216443,2020-12-04T22:51:14.775Z,0.216,-92.375,-116.25,195.375
1607122216482,2020-12-04T22:51:14.781Z,0.255,-93.875,-99.0625,195
1607122216522,2020-12-04T22:51:14.787Z,0.295,-92.75,-97.9375,195.75
1607122216563,2020-12-04T22:51:14.789Z,0.336,-92.375,-100.1875,195.8125
1607122216602,2020-12-04T22:51:14.791Z,0.375,-92.375,-103.5625,194.9375
1607122216642,2020-12-04T22:51:14.813Z,0.415,-93.125,-106.9375,196.5625
1607122216681,2020-12-04T22:51:14.814Z,0.454,-92,-102.8125,194.5625
1607122216721,2020-12-04T22:51:14.816Z,0.494,-93.125,-100.5625,194.1875
1607122216761,2020-12-04T22:51:14.818Z,0.534,-92.375,-100.5625,194.5625
1607122216800,2020-12-04T22:51:14.821Z,0.573,-92.75,-98.3125,193.8125
1607122216841,2020-12-04T22:51:14.832Z,0.614,-93.125,-98.6875,194.625
1607122216881,2020-12-04T22:51:14.835Z,0.654,-92.75,-100.5625,194.625
1607122216920,2020-12-04T22:51:14.844Z,0.693,-92,-99.8125,195.375
1607122216960,2020-12-04T22:51:14.848Z,0.733,-93.5,-100.9375,195.8125
1607122216999,2020-12-04T22:51:14.850Z,0.772,-93.125,-100.9375,194.125
1607122217039,2020-12-04T22:51:14.852Z,0.812,-92.75,-99.0625,195
1607122217078,2020-12-04T22:51:14.864Z,0.851,-92.75,-99.4375,194.1875
1607122217119,2020-12-04T22:51:14.865Z,0.892,-92.75,-100.9375,195.8125
1607122217159,2020-12-04T22:51:14.882Z,0.932,-94.25,-99.8125,193.75
1607122217199,2020-12-04T22:51:14.885Z,0.972,-93.125,-98.3125,194.9375
1607122217238,2020-12-04T22:51:14.886Z,1.011,-93.125,-112.875,194.9375
1607122217278,2020-12-04T22:51:14.891Z,1.051,-92,-101.6875,194.625
1607122217317,2020-12-04T22:51:14.893Z,1.09,-91.25,-105.4375,196.125
1607122217357,2020-12-04T22:51:14.896Z,1.13,-92.375,-102.4375,194.125
1607122217398,2020-12-04T22:51:14.908Z,1.171,-92,-100.1875,194.625
1607122217437,2020-12-04T22:51:14.911Z,1.21,-92.375,-99.8125,196.1875
1607122217477,2020-12-04T22:51:14.913Z,1.25,-92.375,-98.3125,196.1875
1607122217516,2020-12-04T22:51:14.921Z,1.289,-92.75,-99.4375,196.1875
1607122217556,2020-12-04T22:51:14.924Z,1.329,-90.5,-98.3125,194.9375
1607122217596,2020-12-04T22:51:14.926Z,1.369,-92.75,-100.9375,194.5625
1607122217637,2020-12-04T22:51:14.938Z,1.41,-93.875,-101.3125,195
1607122217676,2020-12-04T22:51:14.942Z,1.449,-92.375,-100.9375,195.375
1607122217716,2020-12-04T22:51:14.948Z,1.489,-92,-106.1875,194.9375
1607122217755,2020-12-04T22:51:14.953Z,1.528,-92,-102.4375,196.1875
1607122217795,2020-12-04T22:51:14.955Z,1.568,-92.75,-100.9375,195.375
1607122217834,2020-12-04T22:51:14.957Z,1.607,-93.125,-99.0625,194.9375
1607122217874,2020-12-04T22:51:14.969Z,1.647,-92.375,-99.4375,195.375
1607122217913,2020-12-04T22:51:14.980Z,1.686,-93.5,-100.1875,194.9375
1607122217953,2020-12-04T22:51:14.982Z,1.726,-92,-99.4375,194.5625
1607122217994,2020-12-04T22:51:14.984Z,1.767,-92.375,-98.3125,194.125
1607122218034,2020-12-04T22:51:14.986Z,1.807,-92.375,-109.5,195.75
1607122218073,2020-12-04T22:51:14.997Z,1.846,-92.75,-99.8125,194.9375
1607122218113,2020-12-04T22:51:15.027Z,1.886,-93.125,-98.6875,195.75
1607122218152,2020-12-04T22:51:15.029Z,1.925,-92.375,-104.3125,195.375
1607122218192,2020-12-04T22:51:15.032Z,1.965,-93.125,-99.4375,194.9375
1607122218231,2020-12-04T22:51:15.048Z,2.004,-93.125,-100.5625,194.9375
1607122218272,2020-12-04T22:51:15.049Z,2.045,-93.125,-98.3125,193.75
1607122218312,2020-12-04T22:51:15.050Z,2.085,-91.625,-99.0625,194.5625
1607122218351,2020-12-04T22:51:15.058Z,2.124,-92.375,-100.5625,194.5625
1607122218391,2020-12-04T22:51:15.061Z,2.164,-93.875,-100.5625,194.9375
1607122218430,2020-12-04T22:51:15.072Z,2.203,-92,-100.5625,195
1607122218470,2020-12-04T22:51:15.074Z,2.243,-93.5,-97.9375,195.75
1607122218511,2020-12-04T22:51:15.086Z,2.284,-93.125,-98.6875,195.375
1607122218551,2020-12-04T22:51:15.087Z,2.324,-92.75,-98.6875,195.375
1607122218590,2020-12-04T22:51:15.089Z,2.363,-93.125,-99.0625,195.375
1607122218630,2020-12-04T22:51:15.091Z,2.403,-93.125,-100.1875,193.375
1607122218669,2020-12-04T22:51:15.102Z,2.442,-93.125,-99.8125,195.75
1607122218709,2020-12-04T22:51:15.106Z,2.482,-92,-99.4375,195.0625
1607122218748,2020-12-04T22:51:15.117Z,2.521,-93.125,-105.4375,194.5625
1607122218788,2020-12-04T22:51:15.132Z,2.561,-93.125,-107.6875,195.75
1607122218829,2020-12-04T22:51:15.137Z,2.602,-93.125,-100.1875,195
1607122218868,2020-12-04T22:51:15.151Z,2.641,-92.75,-99.8125,193.375
1607122218908,2020-12-04T22:51:15.153Z,2.681,-90.875,-100.1875,194.5625
1607122218948,2020-12-04T22:51:15.158Z,2.721,-92,-104.6875,194.25
1607122218987,2020-12-04T22:51:15.159Z,2.76,-92,-99.4375,194.125
1607122219027,2020-12-04T22:51:15.163Z,2.8,-91.625,-99.8125,194.625
1607122219066,2020-12-04T22:51:15.165Z,2.839,-92.375,-99.0625,195
1607122219107,2020-12-04T22:51:15.185Z,2.88,-92,-98.6875,193.375
1607122219147,2020-12-04T22:51:15.185Z,2.92,-92.375,-98.6875,195.0625
1607122219186,2020-12-04T22:51:15.186Z,2.959,-90.875,-102.0625,192.5625
1607122219226,2020-12-04T22:51:15.192Z,2.999,-92.375,-98.3125,192.1875
1607122219265,2020-12-04T22:51:15.195Z,3.038,-90.875,-96.8125,190.5625
1607122219305,2020-12-04T22:51:15.197Z,3.078,-91.625,-96.4375,188.5625
1607122219345,2020-12-04T22:51:15.208Z,3.118,-92.375,-98.6875,189.375
1607122219384,2020-12-04T22:51:15.217Z,3.157,-91.25,-97.5625,189.75
1607122219425,2020-12-04T22:51:15.221Z,3.198,-92.375,-98.6875,188.5
1607122219465,2020-12-04T22:51:15.223Z,3.238,-91.625,-99.4375,190.1875
1607122219504,2020-12-04T22:51:15.225Z,3.277,-91.625,-97.9375,190.125
1607122219544,2020-12-04T22:51:15.236Z,3.317,-92.375,-98.6875,190.5625
1607122219583,2020-12-04T22:51:15.239Z,3.356,-92,-97.1875,190.5625
1607122219623,2020-12-04T22:51:15.242Z,3.396,-90.875,-105.8125,189.375
1607122219662,2020-12-04T22:51:15.252Z,3.435,-90.5,-97.1875,188.9375
1607122219703,2020-12-04T22:51:15.254Z,3.476,-91.625,-100.1875,190.5625
1607122219743,2020-12-04T22:51:15.257Z,3.516,-91.625,-101.6875,189.3125
1607122219783,2020-12-04T22:51:15.267Z,3.556,-92,-100.9375,190.125
1607122219822,2020-12-04T22:51:15.276Z,3.595,-90.875,-103.1875,189.75
1607122219862,2020-12-04T22:51:15.284Z,3.635,-90.875,-100.9375,189.3125
1607122219901,2020-12-04T22:51:15.286Z,3.674,-92,-98.6875,190.125
1607122219941,2020-12-04T22:51:15.286Z,3.714,-92,-97.9375,190.5625
1607122219980,2020-12-04T22:51:15.296Z,3.753,-90.875,-99.8125,189.75
1607122220021,2020-12-04T22:51:15.298Z,3.794,-90.5,-99.0625,189.8125
1607122220061,2020-12-04T22:51:15.301Z,3.834,-91.625,-99.0625,191.3125
1607122220100,2020-12-04T22:51:15.315Z,3.873,-91.25,-97.5625,188.125
1607122220140,2020-12-04T22:51:15.316Z,3.913,-92,-97.1875,189.75
1607122220180,2020-12-04T22:51:15.317Z,3.953,-90.5,-97.5625,190.125
1607122220219,2020-12-04T22:51:15.326Z,3.992,-90.5,-97.9375,184.5
1607122220259,2020-12-04T22:51:15.328Z,4.032,-93.5,-97.5625,183.6875
1607122220300,2020-12-04T22:51:15.330Z,4.073,-92.75,-97.9375,185
1607122220339,2020-12-04T22:51:15.349Z,4.112,-91.625,-98.3125,182.9375
1607122220379,2020-12-04T22:51:15.355Z,4.152,-92,-99.0625,182.0625
1607122220418,2020-12-04T22:51:15.356Z,4.191,-90.125,-106.9375,180.0625
1607122220458,2020-12-04T22:51:15.357Z,4.231,-91.625,-98.6875,177.25
1607122220497,2020-12-04T22:51:15.361Z,4.27,-91.25,-97.1875,176.875
1607122220537,2020-12-04T22:51:15.373Z,4.31,-92,-101.3125,175.3125
1607122220578,2020-12-04T22:51:15.385Z,4.351,-91.25,-96.0625,174.4375
1607122220618,2020-12-04T22:51:15.386Z,4.391,-90.125,-96.8125,176.125
1607122220657,2020-12-04T22:51:15.388Z,4.43,-90.875,-98.3125,174.875
1607122220697,2020-12-04T22:51:15.389Z,4.47,-91.625,-98.6875,174.875
1607122220736,2020-12-04T22:51:15.393Z,4.509,-89.375,-96.0625,174.875
1607122220776,2020-12-04T22:51:15.403Z,4.549,-90.5,-97.1875,173.3125
1607122220815,2020-12-04T22:51:15.415Z,4.588,-89.75,-101.6875,175.25
1607122220855,2020-12-04T22:51:15.417Z,4.628,-90.125,-104.6875,175.25
1607122220896,2020-12-04T22:51:15.420Z,4.669,-89.375,-99.8125,174.0625
1607122220935,2020-12-04T22:51:15.421Z,4.708,-89.75,-97.5625,175.25
1607122220975,2020-12-04T22:51:15.432Z,4.748,-91.25,-96.0625,175.25
1607122221014,2020-12-04T22:51:15.434Z,4.787,-90.125,-97.9375,174.0625
1607122221054,2020-12-04T22:51:15.436Z,4.827,-89.375,-97.1875,174.4375
1607122221094,2020-12-04T22:51:15.447Z,4.867,-89.375,-97.1875,173.6875
1607122221133,2020-12-04T22:51:15.451Z,4.906,-91.625,-99.4375,172.125
1607122221173,2020-12-04T22:51:15.452Z,4.946,-91.25,-97.1875,175.3125
1607122221214,2020-12-04T22:51:15.463Z,4.987,-90.125,-98.3125,174.0625
1607122221253,2020-12-04T22:51:15.464Z,5.026,-88.625,-97.9375,173.625
1607122221293,2020-12-04T22:51:15.493Z,5.066,-89.75,-96.8125,174.4375
1607122221332,2020-12-04T22:51:15.495Z,5.105,-90.875,-99.4375,174.0625
1607122221372,2020-12-04T22:51:15.507Z,5.145,-88.625,-97.5625,173.6875
1607122221411,2020-12-04T22:51:15.509Z,5.184,-89.375,-96.8125,176.0625
1607122221451,2020-12-04T22:51:15.512Z,5.224,-90.125,-96.4375,174.5
1607122221492,2020-12-04T22:51:15.523Z,5.265,-89.75,-94.9375,175.3125
1607122221532,2020-12-04T22:51:15.526Z,5.305,-89.375,-98.3125,177.6875
1607122221571,2020-12-04T22:51:15.536Z,5.344,-89.75,-94.5625,178.125
1607122221612,2020-12-04T22:51:15.538Z,5.385,-89.75,-96.8125,179.375
1607122221652,2020-12-04T22:51:15.541Z,5.425,-89.375,-94.5625,181.3125
1607122221690,2020-12-04T22:51:15.543Z,5.463,-89.375,-94.9375,180.875
1607122221729,2020-12-04T22:51:15.552Z,5.502,-89,-94.1875,182.5625
1607122221770,2020-12-04T22:51:15.554Z,5.543,-87.1875,-95.6875,181.6875
1607122221810,2020-12-04T22:51:15.566Z,5.583,-87.1875,-93.8125,180.875
1607122221849,2020-12-04T22:51:15.569Z,5.622,-87.5625,-94.5625,183.3125
1607122221889,2020-12-04T22:51:15.571Z,5.662,-88.25,-96.8125,184.5
1607122221929,2020-12-04T22:51:15.583Z,5.702,-87.125,-99.4375,184.125
1607122221968,2020-12-04T22:51:15.585Z,5.741,-89.375,-93.0625,184.5625
1607122222008,2020-12-04T22:51:15.587Z,5.781,-86.8125,-102.4375,186.5
1607122222049,2020-12-04T22:51:15.598Z,5.822,-88.25,-94.5625,187.75
1607122222088,2020-12-04T22:51:15.600Z,5.861,-85.3125,-89.6875,191.75
1607122222128,2020-12-04T22:51:15.611Z,5.901,-79.6875,-91.5625,184.9375
1607122222167,2020-12-04T22:51:15.614Z,5.94,-72.5625,-84.125,172.4375
1607122222207,2020-12-04T22:51:15.616Z,5.98,-68.4375,-86,165.1875
1607122222246,2020-12-04T22:51:15.626Z,6.019,-69.1875,-87.125,158.375
1607122222286,2020-12-04T22:51:15.629Z,6.059,-67.6875,-87.125,152.75
1607122222326,2020-12-04T22:51:15.631Z,6.099,-65.125,-88.5625,150.75
1607122222367,2020-12-04T22:51:15.642Z,6.14,-65.125,-93.0625,148.375
1607122222406,2020-12-04T22:51:15.644Z,6.179,-65.875,-88.25,146.75
1607122222446,2020-12-04T22:51:15.652Z,6.219,-63.625,-87.875,143.9375
1607122222485,2020-12-04T22:51:15.658Z,6.258,-65.125,-89.3125,140.6875
1607122222525,2020-12-04T22:51:15.660Z,6.298,-65.5,-87.5,142.3125
1607122222564,2020-12-04T22:51:15.662Z,6.337,-64,-88.1875,140.6875
1607122222604,2020-12-04T22:51:15.687Z,6.377,-64,-87.875,138.6875
1607122222643,2020-12-04T22:51:15.689Z,6.416,-64.375,-88.5625,138.3125
1607122222684,2020-12-04T22:51:15.691Z,6.457,-64.75,-88.1875,137.5
1607122222724,2020-12-04T22:51:15.702Z,6.497,-62.875,-89.3125,135.5
1607122222763,2020-12-04T22:51:15.705Z,6.536,-64,-88.1875,135.875
1607122222803,2020-12-04T22:51:15.707Z,6.576,-63.625,-96.4375,134.3125
1607122222843,2020-12-04T22:51:15.719Z,6.616,-64,-88.25,133.5
1607122222882,2020-12-04T22:51:15.720Z,6.655,-61.75,-94.1875,132.625
1607122222922,2020-12-04T22:51:15.732Z,6.695,-63.25,-98.6875,130.6875
1607122222963,2020-12-04T22:51:15.734Z,6.736,-61.375,-90.0625,129
1607122223002,2020-12-04T22:51:15.736Z,6.775,-62.125,-86.75,128.25
1607122223042,2020-12-04T22:51:15.748Z,6.815,-61,-86.375,126.625
1607122223081,2020-12-04T22:51:15.754Z,6.854,-60.25,-85.625,125.375
1607122223121,2020-12-04T22:51:15.756Z,6.894,-59.5,-84.5,125.8125
1607122223160,2020-12-04T22:51:15.763Z,6.933,-61,-84.875,124.25
1607122223200,2020-12-04T22:51:15.764Z,6.973,-60.625,-84.125,124.625
1607122223240,2020-12-04T22:51:15.770Z,7.013,-61.375,-86.75,123.375
1607122223281,2020-12-04T22:51:15.780Z,7.054,-60.25,-86,123.375
1607122223320,2020-12-04T22:51:15.790Z,7.093,-59.5,-84.5,124.25
1607122223360,2020-12-04T22:51:15.791Z,7.133,-61.75,-86,125.8125
1607122223399,2020-12-04T22:51:15.794Z,7.172,-61.375,-86.75,124.25
1607122223439,2020-12-04T22:51:15.796Z,7.212,-60.625,-86,126.25
1607122223478,2020-12-04T22:51:15.806Z,7.251,-61.375,-85.625,125.375
1607122223518,2020-12-04T22:51:15.808Z,7.291,-60.625,-88.625,125.875
1607122223559,2020-12-04T22:51:15.818Z,7.332,-62.5,-86,127.4375
1607122223598,2020-12-04T22:51:15.822Z,7.371,-61,-96.0625,125.4375
1607122223638,2020-12-04T22:51:15.824Z,7.411,-61,-86.75,123.8125
1607122223678,2020-12-04T22:51:15.826Z,7.451,-60.25,-85.625,124.25
1607122223717,2020-12-04T22:51:15.838Z,7.49,-61,-90.4375,122.625
1607122223757,2020-12-04T22:51:15.839Z,7.53,-59.875,-87.125,120.625
1607122223796,2020-12-04T22:51:15.841Z,7.569,-59.5,-87.125,122.1875
1607122223836,2020-12-04T22:51:15.856Z,7.609,-60.625,-87.8125,119.375
1607122223877,2020-12-04T22:51:15.858Z,7.65,-59.875,-87.875,120.25
1607122223916,2020-12-04T22:51:15.858Z,7.689,-61,-87.5,119.375
1607122223956,2020-12-04T22:51:15.867Z,7.729,-59.125,-91.1875,119.75
1607122223995,2020-12-04T22:51:15.871Z,7.768,-59.5,-93.4375,119
1607122224035,2020-12-04T22:51:15.882Z,7.808,-58.375,-87.8125,119.75
1607122224075,2020-12-04T22:51:15.895Z,7.848,-59.125,-86.75,117.375
1607122224114,2020-12-04T22:51:15.896Z,7.887,-59.125,-86.75,119
1607122224155,2020-12-04T22:51:15.897Z,7.928,-59.125,-86,119
1607122224195,2020-12-04T22:51:15.900Z,7.968,-60.25,-87.8125,117.75
1607122224234,2020-12-04T22:51:15.902Z,8.007,-60.25,-85.625,118.1875
1607122224274,2020-12-04T22:51:15.918Z,8.047,-58.75,-84.875,118.1875
1607122224313,2020-12-04T22:51:15.922Z,8.086,-59.5,-87.125,118.1875
1607122224353,2020-12-04T22:51:15.928Z,8.126,-59.875,-86.375,117.375
1607122224392,2020-12-04T22:51:15.929Z,8.165,-59.5,-99.4375,118.1875
1607122224432,2020-12-04T22:51:15.972Z,8.205,-59.875,-88.25,117.4375
1607122224473,2020-12-04T22:51:15.974Z,8.246,-59.875,-86.75,119
1607122224513,2020-12-04T22:51:15.986Z,8.286,-61,-89.3125,118.625
1607122224552,2020-12-04T22:51:15.990Z,8.325,-59.875,-86.375,117.375
1607122224592,2020-12-04T22:51:15.991Z,8.365,-59.875,-85.625,117.8125
1607122224631,2020-12-04T22:51:15.993Z,8.404,-60.625,-86,118.5625
1607122224671,2020-12-04T22:51:16.003Z,8.444,-59.875,-86.75,118.625
1607122224710,2020-12-04T22:51:16.005Z,8.483,-59.5,-86.75,119.8125
1607122224751,2020-12-04T22:51:16.017Z,8.524,-59.875,-86.75,118.625
1607122224791,2020-12-04T22:51:16.022Z,8.564,-59.875,-87.125,119
1607122224830,2020-12-04T22:51:16.023Z,8.603,-59.125,-85.625,119
1607122224870,2020-12-04T22:51:16.031Z,8.643,-59.125,-87.875,117
1607122224909,2020-12-04T22:51:16.033Z,8.682,-59.875,-84.5,119.4375
1607122224949,2020-12-04T22:51:16.035Z,8.722,-59.125,-87.125,117.8125
1607122224989,2020-12-04T22:51:16.047Z,8.762,-59.125,-91.1875,118.625
1607122225030,2020-12-04T22:51:16.050Z,8.803,-59.875,-91.9375,119.8125
1607122225069,2020-12-04T22:51:16.053Z,8.842,-59.875,-88.625,119
1607122225109,2020-12-04T22:51:16.062Z,8.882,-59.875,-87.125,118.625
1607122225148,2020-12-04T22:51:16.064Z,8.921,-60.625,-86.75,119
1607122225188,2020-12-04T22:51:16.069Z,8.961,-59.5,-95.3125,119
1607122225227,2020-12-04T22:51:16.077Z,9,-59.125,-86.375,117.4375
1607122225267,2020-12-04T22:51:16.087Z,9.04,-60.25,-87.125,119
1607122225306,2020-12-04T22:51:16.090Z,9.079,-61.375,-87.125,118.5625
1607122225347,2020-12-04T22:51:16.093Z,9.12,-59.5,-86.75,116.9375
1607122225387,2020-12-04T22:51:16.095Z,9.16,-59.875,-85.625,119
1607122225427,2020-12-04T22:51:16.106Z,9.2,-60.25,-84.875,117
1607122225466,2020-12-04T22:51:16.110Z,9.239,-59.5,-85.25,117.75
1607122225506,2020-12-04T22:51:16.111Z,9.279,-59.5,-86.75,118.1875
1607122225545,2020-12-04T22:51:16.125Z,9.318,-61,-85.625,117.4375
1607122225585,2020-12-04T22:51:16.126Z,9.358,-60.25,-86,118.1875
1607122225626,2020-12-04T22:51:16.136Z,9.399,-60.25,-87.5,118.1875
1607122225665,2020-12-04T22:51:16.138Z,9.438,-61.75,-87.125,118.1875
1607122225705,2020-12-04T22:51:16.140Z,9.478,-60.625,-85.25,119.4375
1607122225744,2020-12-04T22:51:16.152Z,9.517,-59.875,-86,119.8125
1607122225784,2020-12-04T22:51:16.157Z,9.557,-60.25,-86.375,119.375
1607122225824,2020-12-04T22:51:16.158Z,9.597,-60.25,-86,121
1607122225863,2020-12-04T22:51:16.166Z,9.636,-59.5,-86.75,121
1607122225904,2020-12-04T22:51:16.168Z,9.677,-61,-84.875,119.375
1607122225944,2020-12-04T22:51:16.171Z,9.717,-60.625,-88.25,121
1607122225983,2020-12-04T22:51:16.184Z,9.756,-61,-100.1875,121.375
1607122226023,2020-12-04T22:51:16.194Z,9.796,-59.5,-89.3125,118.1875
1607122226062,2020-12-04T22:51:16.195Z,9.835,-60.625,-89.6875,120.1875
1607122226102,2020-12-04T22:51:16.198Z,9.875,-61.375,-88.5625,119.375
1607122226141,2020-12-04T22:51:16.200Z,9.914,-60.25,-86.75,119
1607122226181,2020-12-04T22:51:16.202Z,9.954,-59.125,-87.5,119.8125
1607122226222,2020-12-04T22:51:16.213Z,9.995,-60.625,-86.75,120.1875
1607122226262,2020-12-04T22:51:16.216Z,10.035,-59.5,-86,119.8125
1607122226301,2020-12-04T22:51:16.219Z,10.074,-60.25,-86,119.4375
1607122226341,2020-12-04T22:51:16.241Z,10.114,-58,-88.1875,118.625
1607122226380,2020-12-04T22:51:16.243Z,10.153,-61.75,-86.375,119.375
1607122226420,2020-12-04T22:51:16.246Z,10.193,-61,-85.625,119.375
1607122226459,2020-12-04T22:51:16.269Z,10.232,-61,-85.25,118.1875
1607122226500,2020-12-04T22:51:16.270Z,10.273,-59.125,-86.75,119
1607122226540,2020-12-04T22:51:16.271Z,10.313,-59.125,-86.375,121
1607122226579,2020-12-04T22:51:16.272Z,10.352,-61,-87.125,117.8125
1607122226619,2020-12-04T22:51:16.275Z,10.392,-59.875,-86,120.625
1607122226659,2020-12-04T22:51:16.289Z,10.432,-59.125,-86,119.8125
1607122226698,2020-12-04T22:51:16.296Z,10.471,-61,-86,118.625
1607122226738,2020-12-04T22:51:16.297Z,10.511,-60.25,-84.5,120.625
1607122226779,2020-12-04T22:51:16.302Z,10.552,-60.625,-99.0625,121.375
1607122226818,2020-12-04T22:51:16.304Z,10.591,-61.375,-85.25,119.8125
1607122226858,2020-12-04T22:51:16.306Z,10.631,-59.875,-88.625,121.8125
1607122226897,2020-12-04T22:51:16.318Z,10.67,-60.625,-87.5,121
1607122226937,2020-12-04T22:51:16.320Z,10.71,-60.625,-86.75,121.4375
1607122226976,2020-12-04T22:51:16.327Z,10.749,-59.875,-88.9375,122.5625
1607122227016,2020-12-04T22:51:16.333Z,10.789,-61,-87.875,122.625
1607122227057,2020-12-04T22:51:16.336Z,10.83,-59.5,-92.3125,123
1607122227097,2020-12-04T22:51:16.347Z,10.87,-61,-94.1875,124.625
1607122227136,2020-12-04T22:51:16.349Z,10.909,-61.375,-92.3125,124.1875
1607122227176,2020-12-04T22:51:16.361Z,10.949,-60.625,-87.125,126.25
1607122227215,2020-12-04T22:51:16.363Z,10.988,-61.375,-87.125,128.25
1607122227255,2020-12-04T22:51:16.365Z,11.028,-62.5,-87.875,126.25
1607122227294,2020-12-04T22:51:16.367Z,11.067,-64,-87.875,129.0625
1607122227334,2020-12-04T22:51:16.378Z,11.107,-62.125,-87.125,129.4375
1607122227375,2020-12-04T22:51:16.380Z,11.148,-63.25,-86,129.8125
1607122227414,2020-12-04T22:51:16.399Z,11.187,-62.5,-93.0625,132.3125
1607122227454,2020-12-04T22:51:16.409Z,11.227,-62.875,-87.8125,131.8125
1607122227493,2020-12-04T22:51:16.409Z,11.266,-63.25,-86.375,132.6875
1607122227533,2020-12-04T22:51:16.410Z,11.306,-63.625,-88.5625,135.875
1607122227573,2020-12-04T22:51:16.413Z,11.346,-65.5,-98.3125,141.125
1607122227612,2020-12-04T22:51:16.438Z,11.385,-68.0625,-88.1875,145.5625
1607122227653,2020-12-04T22:51:16.439Z,11.426,-70.6875,-89.3125,149.125
1607122227693,2020-12-04T22:51:16.452Z,11.466,-72.9375,-90.8125,150.8125
1607122227732,2020-12-04T22:51:16.454Z,11.505,-74.8125,-90.8125,151.1875
1607122227772,2020-12-04T22:51:16.461Z,11.545,-75.1875,-91.1875,155.625
1607122227811,2020-12-04T22:51:16.467Z,11.584,-79.6875,-91.1875,156.375
1607122227851,2020-12-04T22:51:16.469Z,11.624,-80.8125,-89.6875,158.375
1607122227892,2020-12-04T22:51:16.481Z,11.665,-82.6875,-91.5625,158.8125
1607122227931,2020-12-04T22:51:16.483Z,11.704,-82.3125,-91.1875,159.1875
1607122227971,2020-12-04T22:51:16.490Z,11.744,-85.3125,-91.5625,160
1607122228011,2020-12-04T22:51:16.495Z,11.784,-81.1875,-91.9375,159.1875
1607122228050,2020-12-04T22:51:16.498Z,11.823,-83.0625,-93.0625,159.1875
1607122228090,2020-12-04T22:51:16.501Z,11.863,-83.8125,-92.6875,159.5625
1607122228129,2020-12-04T22:51:16.511Z,11.902,-83.4375,-93.4375,159.5625
1607122228169,2020-12-04T22:51:16.513Z,11.942,-81.9375,-99.0625,160.8125
1607122228210,2020-12-04T22:51:16.516Z,11.983,-83.4375,-97.5625,161.625
1607122228249,2020-12-04T22:51:16.527Z,12.022,-84.9375,-95.3125,161.5625
1607122228289,2020-12-04T22:51:16.529Z,12.062,-83.4375,-95.3125,160.8125
1607122228328,2020-12-04T22:51:16.531Z,12.101,-83.4375,-95.6875,162
1607122228368,2020-12-04T22:51:16.543Z,12.141,-83.4375,-109.875,162.375
1607122228408,2020-12-04T22:51:16.545Z,12.181,-83.8125,-97.5625,161.1875
1607122228447,2020-12-04T22:51:16.548Z,12.22,-83.0625,-92.3125,162.8125
1607122228488,2020-12-04T22:51:16.558Z,12.261,-84.1875,-96.4375,160.8125
1607122228528,2020-12-04T22:51:16.561Z,12.301,-83.0625,-94.5625,162.375
1607122228567,2020-12-04T22:51:16.571Z,12.34,-83.4375,-94.5625,161.5625
1607122228607,2020-12-04T22:51:16.574Z,12.38,-83.8125,-96.0625,162
1607122228646,2020-12-04T22:51:16.576Z,12.419,-83.0625,-94.9375,162
1607122228686,2020-12-04T22:51:16.587Z,12.459,-83.0625,-95.6875,162.8125
1607122228725,2020-12-04T22:51:16.589Z,12.498,-83.4375,-96.8125,161.25
1607122228766,2020-12-04T22:51:16.598Z,12.539,-84.1875,-95.3125,161.625
1607122228806,2020-12-04T22:51:16.602Z,12.579,-84.5625,-93.4375,162.8125
1607122228846,2020-12-04T22:51:16.605Z,12.619,-82.3125,-94.5625,160.8125
1607122228885,2020-12-04T22:51:16.607Z,12.658,-84.1875,-95.6875,162.4375
1607122228925,2020-12-04T22:51:16.618Z,12.698,-84.5625,-94.1875,163.25
1607122228966,2020-12-04T22:51:16.621Z,12.739,-83.4375,-94.5625,162
1607122229004,2020-12-04T22:51:16.631Z,12.777,-82.6875,-94.5625,163.1875
1607122229045,2020-12-04T22:51:16.633Z,12.818,-83.0625,-96.0625,162.375
1607122229084,2020-12-04T22:51:16.635Z,12.857,-83.8125,-94.9375,160.8125
1607122229124,2020-12-04T22:51:16.647Z,12.897,-83.4375,-93.0625,162.375
1607122229163,2020-12-04T22:51:16.649Z,12.936,-83.8125,-104.3125,163.1875
1607122229203,2020-12-04T22:51:16.651Z,12.976,-81.9375,-99.8125,161.1875
1607122229243,2020-12-04T22:51:16.662Z,13.016,-82.6875,-96.8125,162.4375
1607122229282,2020-12-04T22:51:16.665Z,13.055,-83.4375,-98.6875,162
1607122229322,2020-12-04T22:51:16.666Z,13.095,-82.6875,-94.5625,160.8125
1607122229363,2020-12-04T22:51:16.677Z,13.136,-82.6875,-93.8125,161.625
1607122229402,2020-12-04T22:51:16.679Z,13.175,-81.5625,-94.1875,162.0625
1607122229442,2020-12-04T22:51:16.682Z,13.215,-82.6875,-94.9375,160
1607122229481,2020-12-04T22:51:16.694Z,13.254,-83.0625,-93.4375,160.4375
1607122229521,2020-12-04T22:51:16.696Z,13.294,-83.4375,-93.4375,160.375
1607122229560,2020-12-04T22:51:16.697Z,13.333,-83.8125,-93.0625,161.625
1607122229600,2020-12-04T22:51:16.708Z,13.373,-83.8125,-93.0625,162.0625
1607122229641,2020-12-04T22:51:16.711Z,13.414,-81.9375,-94.1875,160.4375
1607122229680,2020-12-04T22:51:16.722Z,13.453,-83.4375,-94.1875,160.4375
1607122229720,2020-12-04T22:51:16.724Z,13.493,-79.3125,-92.3125,159.625
1607122229760,2020-12-04T22:51:16.732Z,13.533,-76.6875,-89.6875,156.375
1607122229799,2020-12-04T22:51:16.737Z,13.572,-74.4375,-89.3125,153.5625
1607122229839,2020-12-04T22:51:16.739Z,13.612,-72.1875,-89.6875,150.3125
1607122229878,2020-12-04T22:51:16.742Z,13.651,-70.3125,-86.375,145.125
1607122229919,2020-12-04T22:51:16.753Z,13.692,-69.9375,-86.75,144.75
1607122229959,2020-12-04T22:51:16.756Z,13.732,-67.3125,-97.9375,143.125
1607122229998,2020-12-04T22:51:16.767Z,13.771,-66.1875,-86.375,138.6875
1607122230038,2020-12-04T22:51:16.768Z,13.811,-66.9375,-85.625,137.9375
1607122230077,2020-12-04T22:51:16.771Z,13.85,-64.75,-87.5,134.6875
1607122230117,2020-12-04T22:51:16.782Z,13.89,-64.375,-86.75,133.875
1607122230157,2020-12-04T22:51:16.799Z,13.93,-63.625,-84.125,133.875
1607122230196,2020-12-04T22:51:16.800Z,13.969,-63.25,-85.625,131.0625
1607122230237,2020-12-04T22:51:16.811Z,14.01,-61.75,-88.9375,129.0625
1607122230277,2020-12-04T22:51:16.813Z,14.05,-61.375,-91.5625,128.25
1607122230316,2020-12-04T22:51:16.816Z,14.089,-61,-88.9375,125.375
1607122230356,2020-12-04T22:51:16.829Z,14.129,-61.75,-86.375,125.0625
1607122230395,2020-12-04T22:51:16.832Z,14.168,-61,-86.375,125
1607122230435,2020-12-04T22:51:16.833Z,14.208,-59.125,-86.375,122.1875
1607122230474,2020-12-04T22:51:16.843Z,14.247,-61,-86.375,121.4375
1607122230515,2020-12-04T22:51:16.845Z,14.288,-60.625,-85.25,119.375
1607122230555,2020-12-04T22:51:16.857Z,14.328,-60.25,-85.25,117.75
1607122230595,2020-12-04T22:51:16.860Z,14.368,-59.5,-84.875,117.375
1607122230634,2020-12-04T22:51:16.860Z,14.407,-59.125,-85.25,117.8125
1607122230674,2020-12-04T22:51:16.873Z,14.447,-58,-83.375,116.5625
1607122230713,2020-12-04T22:51:16.874Z,14.486,-60.25,-85.25,116.5625
1607122230753,2020-12-04T22:51:16.902Z,14.526,-58.375,-99.4375,116.5625
1607122230794,2020-12-04T22:51:16.904Z,14.567,-60.25,-85.625,115.75
1607122230833,2020-12-04T22:51:16.905Z,14.606,-59.875,-85.25,115.75
1607122230873,2020-12-04T22:51:16.916Z,14.646,-58.375,-88.9375,114.9375
1607122230912,2020-12-04T22:51:16.919Z,14.685,-59.125,-85.25,116.1875
1607122230952,2020-12-04T22:51:16.922Z,14.725,-59.875,-84.125,117.8125
1607122230992,2020-12-04T22:51:16.933Z,14.765,-58.375,-86,117
1607122231033,2020-12-04T22:51:16.935Z,14.806,-60.25,-84.875,116.5625
1607122231072,2020-12-04T22:51:16.937Z,14.845,-59.5,-84.875,118.1875
1607122231112,2020-12-04T22:51:16.948Z,14.885,-58,-86.75,117
1607122231151,2020-12-04T22:51:16.950Z,14.924,-59.5,-87.125,117.375
1607122231191,2020-12-04T22:51:16.952Z,14.964,-60.625,-85.625,116.5625
1607122231230,2020-12-04T22:51:16.965Z,15.003,-59.875,-85.625,115.75
1607122231270,2020-12-04T22:51:16.966Z,15.043,-60.625,-87.875,115.8125
1607122231309,2020-12-04T22:51:16.976Z,15.082,-60.25,-90.8125,116.1875
1607122231349,2020-12-04T22:51:16.978Z,15.122,-59.5,-85.625,113.8125
1607122231390,2020-12-04T22:51:16.981Z,15.163,-60.25,-84.125,113.75
1607122231430,2020-12-04T22:51:16.993Z,15.203,-61,-84.875,115.75
1607122231469,2020-12-04T22:51:16.999Z,15.242,-59.5,-85.625,113.375
1607122231509,2020-12-04T22:51:17.003Z,15.282,-60.25,-85.625,114.1875
1607122231548,2020-12-04T22:51:17.008Z,15.321,-57.625,-92.6875,114.9375
1607122231588,2020-12-04T22:51:17.011Z,15.361,-59.125,-86.75,115.75
1607122231627,2020-12-04T22:51:17.023Z,15.4,-61,-84.875,116.1875
1607122231668,2020-12-04T22:51:17.026Z,15.441,-59.125,-88.9375,115.75
1607122231708,2020-12-04T22:51:17.034Z,15.481,-59.125,-84.125,116.1875
1607122231747,2020-12-04T22:51:17.038Z,15.52,-61,-84.125,117.75
1607122231787,2020-12-04T22:51:17.040Z,15.56,-59.875,-85.625,117.375
1607122231826,2020-12-04T22:51:17.042Z,15.599,-59.125,-85.625,118.1875
1607122231866,2020-12-04T22:51:17.053Z,15.639,-60.25,-84.125,118.1875
1607122231906,2020-12-04T22:51:17.056Z,15.679,-59.5,-84.5,116.5625
1607122231947,2020-12-04T22:51:17.068Z,15.72,-60.25,-83,117
1607122231986,2020-12-04T22:51:17.068Z,15.759,-59.5,-85.625,117
1607122232026,2020-12-04T22:51:17.071Z,15.799,-59.125,-86,118.1875
1607122232065,2020-12-04T22:51:17.082Z,15.838,-59.875,-86.375,116.5625
1607122232105,2020-12-04T22:51:17.083Z,15.878,-58.375,-83.375,116.625
1607122232144,2020-12-04T22:51:17.086Z,15.917,-60.25,-84.875,115
1607122232184,2020-12-04T22:51:17.099Z,15.957,-59.125,-84.5,115.8125
1607122232223,2020-12-04T22:51:17.100Z,15.996,-59.125,-85.25,114.1875
1607122232264,2020-12-04T22:51:17.101Z,16.037,-60.25,-85.625,115
1607122232304,2020-12-04T22:51:17.112Z,16.077,-59.5,-85.25,115
1607122232344,2020-12-04T22:51:17.114Z,16.117,-59.5,-103.5625,117.4375
1607122232383,2020-12-04T22:51:17.116Z,16.156,-60.25,-87.5,115.375
1607122232423,2020-12-04T22:51:17.129Z,16.196,-59.5,-83.75,116.5625
1607122232462,2020-12-04T22:51:17.132Z,16.235,-59.5,-86,115.375
1607122232502,2020-12-04T22:51:17.132Z,16.275,-58,-83.75,113.75
1607122232541,2020-12-04T22:51:17.143Z,16.314,-60.25,-84.125,117
1607122232582,2020-12-04T22:51:17.145Z,16.355,-60.25,-86,114.1875
1607122232622,2020-12-04T22:51:17.157Z,16.395,-59.5,-85.625,115.375
1607122232661,2020-12-04T22:51:17.159Z,16.434,-59.125,-84.5,114.5625
1607122232701,2020-12-04T22:51:17.170Z,16.474,-59.125,-85.25,113.375
1607122232741,2020-12-04T22:51:17.172Z,16.514,-59.5,-84.125,115
1607122232780,2020-12-04T22:51:17.175Z,16.553,-59.875,-84.5,116.1875
1607122232820,2020-12-04T22:51:17.177Z,16.593,-60.25,-84.125,115
1607122232861,2020-12-04T22:51:17.188Z,16.634,-60.25,-84.5,116.1875
1607122232900,2020-12-04T22:51:17.191Z,16.673,-59.125,-86,116.1875
1607122232940,2020-12-04T22:51:17.201Z,16.713,-59.875,-84.875,114.5625
1607122232979,2020-12-04T22:51:17.203Z,16.752,-59.875,-85.625,117.375
1607122233019,2020-12-04T22:51:17.206Z,16.792,-59.875,-85.25,116.1875
1607122233058,2020-12-04T22:51:17.216Z,16.831,-60.625,-85.25,114.125
1607122233099,2020-12-04T22:51:17.219Z,16.872,-58.75,-86,116.1875
1607122233139,2020-12-04T22:51:17.221Z,16.912,-59.875,-100.5625,116.9375
1607122233179,2020-12-04T22:51:17.233Z,16.952,-59.875,-87.125,115.8125
1607122233218,2020-12-04T22:51:17.237Z,16.991,-60.25,-83.75,116.1875
1607122233258,2020-12-04T22:51:17.246Z,17.031,-59.875,-87.5,116.1875
1607122233297,2020-12-04T22:51:17.248Z,17.07,-59.125,-84.875,116.9375
1607122233337,2020-12-04T22:51:17.250Z,17.11,-61.375,-90.0625,117
1607122233376,2020-12-04T22:51:17.262Z,17.149,-61,-94.9375,115.75
1607122233416,2020-12-04T22:51:17.266Z,17.189,-59.875,-87.875,116.1875
1607122233457,2020-12-04T22:51:17.268Z,17.23,-60.25,-85.25,116.1875
1607122233496,2020-12-04T22:51:17.277Z,17.269,-59.875,-84.875,117
1607122233536,2020-12-04T22:51:17.279Z,17.309,-60.25,-84.5,116.1875
1607122233576,2020-12-04T22:51:17.282Z,17.349,-58.375,-84.125,117.4375
1607122233615,2020-12-04T22:51:17.303Z,17.388,-58.75,-84.875,116.1875
1607122233655,2020-12-04T22:51:17.305Z,17.428,-61,-85.625,117.75
1607122233694,2020-12-04T22:51:17.305Z,17.467,-60.25,-84.875,116.5625
1607122233734,2020-12-04T22:51:17.308Z,17.507,-58.75,-85.25,115.75
1607122233775,2020-12-04T22:51:17.310Z,17.548,-60.625,-85.25,117.8125
1607122233814,2020-12-04T22:51:17.312Z,17.587,-59.125,-85.25,116.1875
1607122233854,2020-12-04T22:51:17.324Z,17.627,-59.5,-85.25,116.1875
1607122233893,2020-12-04T22:51:17.325Z,17.666,-59.875,-83.375,117.375
1607122233933,2020-12-04T22:51:17.367Z,17.706,-59.5,-94.1875,117.375
1607122233972,2020-12-04T22:51:17.369Z,17.745,-60.625,-86,117.375
1607122234012,2020-12-04T22:51:17.371Z,17.785,-61.375,-84.5,116.1875
1607122234053,2020-12-04T22:51:17.382Z,17.826,-59.5,-86.375,117.75
1607122234093,2020-12-04T22:51:17.385Z,17.866,-60.625,-84.875,116.5625
1607122234132,2020-12-04T22:51:17.397Z,17.905,-59.875,-85.25,118.1875
1607122234172,2020-12-04T22:51:17.401Z,17.945,-59.875,-86,117
1607122234211,2020-12-04T22:51:17.405Z,17.984,-60.25,-85.25,116.1875
1607122234251,2020-12-04T22:51:17.412Z,18.024,-60.25,-84.5,117.375
1607122234290,2020-12-04T22:51:17.414Z,18.063,-59.875,-87.125,117.8125
1607122234331,2020-12-04T22:51:17.416Z,18.104,-59.875,-84.875,116.625
1607122234371,2020-12-04T22:51:17.427Z,18.144,-59.875,-85.25,118.5625
1607122234410,2020-12-04T22:51:17.431Z,18.183,-59.5,-92.6875,117.4375
1607122234450,2020-12-04T22:51:17.439Z,18.223,-60.25,-88.9375,118.625
1607122234490,2020-12-04T22:51:17.443Z,18.263,-59.5,-84.875,118.1875
1607122234529,2020-12-04T22:51:17.445Z,18.302,-59.5,-86.75,117
1607122234569,2020-12-04T22:51:17.456Z,18.342,-60.625,-87.5,118.5625
1607122234608,2020-12-04T22:51:17.459Z,18.381,-58.75,-85.625,118.5625
1607122234649,2020-12-04T22:51:17.462Z,18.422,-60.625,-84.875,117.375
1607122234689,2020-12-04T22:51:17.471Z,18.462,-59.5,-84.5,117.375
1607122234728,2020-12-04T22:51:17.474Z,18.501,-60.625,-101.3125,118.625
1607122234768,2020-12-04T22:51:17.476Z,18.541,-58.375,-85.25,117.4375
1607122234807,2020-12-04T22:51:17.486Z,18.58,-58.75,-85.625,119.8125
1607122234847,2020-12-04T22:51:17.489Z,18.62,-61,-86,118.625
1607122234887,2020-12-04T22:51:17.502Z,18.66,-59.5,-85.625,119.8125
1607122234926,2020-12-04T22:51:17.504Z,18.699,-59.5,-84.875,120.25
1607122234967,2020-12-04T22:51:17.505Z,18.74,-59.5,-86.75,121
1607122235007,2020-12-04T22:51:17.506Z,18.78,-61,-86.375,124.625
1607122235046,2020-12-04T22:51:17.518Z,18.819,-62.125,-86,126.25
1607122235086,2020-12-04T22:51:17.520Z,18.859,-62.5,-84.875,128.25
1607122235125,2020-12-04T22:51:17.522Z,18.898,-64,-88.25,129.5
1607122235165,2020-12-04T22:51:17.536Z,18.938,-64.375,-86.375,132.3125
1607122235206,2020-12-04T22:51:17.539Z,18.979,-64.375,-86.75,132.6875
1607122235245,2020-12-04T22:51:17.546Z,19.018,-65.5,-87.5,135.5
1607122235285,2020-12-04T22:51:17.548Z,19.058,-66.5625,-87.125,137.5
1607122235325,2020-12-04T22:51:17.550Z,19.098,-66.9375,-88.9375,138.3125
1607122235364,2020-12-04T22:51:17.564Z,19.137,-66.9375,-86.75,141.5625
1607122235404,2020-12-04T22:51:17.573Z,19.177,-67.3125,-91.5625,142.75
1607122235443,2020-12-04T22:51:17.573Z,19.216,-68.4375,-95.3125,144.3125
1607122235483,2020-12-04T22:51:17.578Z,19.256,-71.8125,-89.6875,147.125
1607122235522,2020-12-04T22:51:17.580Z,19.295,-73.3125,-94.9375,149.5625
1607122235563,2020-12-04T22:51:17.592Z,19.336,-75.5625,-88.1875,147.9375
1607122235603,2020-12-04T22:51:17.595Z,19.376,-77.8125,-87.875,152.375
1607122235642,2020-12-04T22:51:17.606Z,19.415,-77.8125,-88.625,152.8125
1607122235682,2020-12-04T22:51:17.607Z,19.455,-79.3125,-90.8125,152.8125
1607122235722,2020-12-04T22:51:17.609Z,19.495,-78.5625,-90.0625,154.4375
1607122235761,2020-12-04T22:51:17.611Z,19.534,-80.4375,-92.3125,154.875
1607122235801,2020-12-04T22:51:17.623Z,19.574,-80.0625,-94.9375,155.625
1607122235842,2020-12-04T22:51:17.625Z,19.615,-81.5625,-90.4375,156.4375
1607122235881,2020-12-04T22:51:17.637Z,19.654,-79.6875,-91.9375,156.4375
1607122235921,2020-12-04T22:51:17.638Z,19.694,-81.1875,-90.4375,156.8125
1607122235960,2020-12-04T22:51:17.640Z,19.733,-80.8125,-92.3125,158.4375
1607122236000,2020-12-04T22:51:17.651Z,19.773,-79.6875,-90.0625,157.25
1607122236039,2020-12-04T22:51:17.653Z,19.812,-80.4375,-90.4375,157.625
1607122236079,2020-12-04T22:51:17.656Z,19.852,-80.4375,-90.5,156.875
1607122236118,2020-12-04T22:51:17.667Z,19.891,-81.1875,-89,155.6875
1607122236159,2020-12-04T22:51:17.669Z,19.932,-80.0625,-90.4375,157.625
1607122236199,2020-12-04T22:51:17.672Z,19.972,-80.0625,-89.3125,158.0625
1607122236239,2020-12-04T22:51:17.682Z,20.012,-81.5625,-89.6875,157.1875
1607122236278,2020-12-04T22:51:17.684Z,20.051,-81.1875,-90.4375,158.375
1607122236318,2020-12-04T22:51:17.687Z,20.091,-78.9375,-101.6875,158.4375
1607122236357,2020-12-04T22:51:17.698Z,20.13,-81.5625,-90.8125,157.25
1607122236397,2020-12-04T22:51:17.700Z,20.17,-80.0625,-91.1875,157.625
1607122236438,2020-12-04T22:51:17.711Z,20.211,-80.8125,-91.5625,157.1875
1607122236477,2020-12-04T22:51:17.713Z,20.25,-79.3125,-92.6875,157.25
1607122236517,2020-12-04T22:51:17.716Z,20.29,-82.3125,-94.5625,157.625
1607122236556,2020-12-04T22:51:17.726Z,20.329,-81.1875,-90.4375,156
1607122236596,2020-12-04T22:51:17.729Z,20.369,-80.4375,-90.8125,157.625
1607122236636,2020-12-04T22:51:17.731Z,20.409,-80.0625,-90.8125,158.8125
1607122236675,2020-12-04T22:51:17.742Z,20.448,-81.1875,-91.9375,156.8125
1607122236715,2020-12-04T22:51:17.744Z,20.488,-80.4375,-90.8125,158.0625
1607122236756,2020-12-04T22:51:17.747Z,20.529,-81.5625,-90.0625,158
1607122236795,2020-12-04T22:51:17.758Z,20.568,-80.0625,-90.0625,156.8125
1607122236835,2020-12-04T22:51:17.760Z,20.608,-81.5625,-92.3125,158.4375
1607122236874,2020-12-04T22:51:17.762Z,20.647,-80.4375,-91.1875,156.8125
1607122236914,2020-12-04T22:51:17.773Z,20.687,-79.6875,-90.8125,156
1607122236953,2020-12-04T22:51:17.774Z,20.726,-80.4375,-90.4375,157.625
1607122236993,2020-12-04T22:51:17.776Z,20.766,-80.4375,-90.8125,158.8125
1607122237034,2020-12-04T22:51:17.788Z,20.807,-80.4375,-91.1875,155.625
1607122237074,2020-12-04T22:51:17.795Z,20.847,-81.1875,-90.8125,157.625
1607122237113,2020-12-04T22:51:17.802Z,20.886,-80.8125,-109.5625,156.8125
1607122237153,2020-12-04T22:51:17.834Z,20.926,-81.5625,-90.0625,156.375
1607122237192,2020-12-04T22:51:17.836Z,20.965,-82.3125,-90.8125,157.625
1607122237232,2020-12-04T22:51:17.847Z,21.005,-80.0625,-90.0625,155.625
1607122237273,2020-12-04T22:51:17.850Z,21.046,-81.5625,-90.0625,155.625
1607122237312,2020-12-04T22:51:17.852Z,21.085,-81.9375,-89.6875,156.75
1607122237352,2020-12-04T22:51:17.863Z,21.125,-79.6875,-91.1875,155.1875
1607122237391,2020-12-04T22:51:17.865Z,21.164,-80.8125,-91.9375,157.625
1607122237431,2020-12-04T22:51:17.876Z,21.204,-78.9375,-92.6875,157.25
1607122237471,2020-12-04T22:51:17.878Z,21.244,-77.8125,-90.0625,155.5625
1607122237510,2020-12-04T22:51:17.880Z,21.283,-75.1875,-100.1875,152.75
1607122237550,2020-12-04T22:51:17.892Z,21.323,-73.6875,-93.4375,152
1607122237589,2020-12-04T22:51:17.910Z,21.362,-70.6875,-89.3125,143.9375
1607122237630,2020-12-04T22:51:17.910Z,21.403,-69.5625,-88.1875,143.5
1607122237670,2020-12-04T22:51:17.912Z,21.443,-69.1875,-86.75,143.5
1607122237709,2020-12-04T22:51:17.923Z,21.482,-68.4375,-86.75,140.3125
1607122237749,2020-12-04T22:51:17.926Z,21.522,-66.5625,-86.375,140.6875
1607122237788,2020-12-04T22:51:17.936Z,21.561,-65.875,-86.375,140.3125
1607122237828,2020-12-04T22:51:17.938Z,21.601,-65.125,-87.125,137.125
1607122237868,2020-12-04T22:51:17.940Z,21.641,-64.375,-87.5,138.3125
1607122237909,2020-12-04T22:51:17.953Z,21.682,-65.875,-99.8125,138.3125
1607122237948,2020-12-04T22:51:17.955Z,21.721,-65.5,-88.5625,135.5
1607122237988,2020-12-04T22:51:17.958Z,21.761,-63.625,-87.875,135.9375
1607122238027,2020-12-04T22:51:17.968Z,21.8,-65.5,-86,133.5
1607122238067,2020-12-04T22:51:17.971Z,21.84,-65.5,-87.5,132.3125
1607122238106,2020-12-04T22:51:17.981Z,21.879,-64,-87.125,132.6875
1607122238146,2020-12-04T22:51:17.983Z,21.919,-62.5,-87.5,131.0625
1607122238187,2020-12-04T22:51:17.985Z,21.96,-62.5,-87.125,129.875
1607122238226,2020-12-04T22:51:17.998Z,21.999,-62.125,-87.125,130.3125
1607122238266,2020-12-04T22:51:18.000Z,22.039,-62.875,-86.75,129.0625
1607122238305,2020-12-04T22:51:18.008Z,22.078,-62.125,-85.625,128.25
1607122238345,2020-12-04T22:51:18.011Z,22.118,-60.625,-87.5,127.0625
1607122238385,2020-12-04T22:51:18.014Z,22.158,-61.375,-86.375,125.4375
1607122238424,2020-12-04T22:51:18.016Z,22.197,-61,-86.75,126.25
1607122238465,2020-12-04T22:51:18.027Z,22.238,-60.25,-87.875,124.625
1607122238505,2020-12-04T22:51:18.029Z,22.278,-61,-86.375,123.4375
1607122238544,2020-12-04T22:51:18.033Z,22.317,-60.625,-86,123
1607122238584,2020-12-04T22:51:18.043Z,22.357,-61.75,-93.8125,122.625
1607122238623,2020-12-04T22:51:18.045Z,22.396,-61.375,-87.875,120.25
1607122238663,2020-12-04T22:51:18.047Z,22.436,-60.625,-86.375,121.4375
1607122238702,2020-12-04T22:51:18.058Z,22.475,-59.125,-104.3125,119.75
1607122238742,2020-12-04T22:51:18.060Z,22.515,-61.375,-85.625,119.4375
1607122238783,2020-12-04T22:51:18.072Z,22.556,-59.5,-85.625,119.4375
1607122238823,2020-12-04T22:51:18.073Z,22.596,-60.25,-85.625,119.4375
1607122238862,2020-12-04T22:51:18.076Z,22.635,-59.125,-86.75,118.1875
1607122238902,2020-12-04T22:51:18.087Z,22.675,-59.5,-86,118.1875
1607122238941,2020-12-04T22:51:18.089Z,22.714,-58.75,-87.125,118.1875
1607122238981,2020-12-04T22:51:18.092Z,22.754,-59.875,-85.25,118.1875
1607122239020,2020-12-04T22:51:18.103Z,22.793,-60.625,-88.9375,119
1607122239060,2020-12-04T22:51:18.110Z,22.833,-59.5,-86.375,118.1875
1607122239101,2020-12-04T22:51:18.116Z,22.874,-60.625,-86,118.625
1607122239140,2020-12-04T22:51:18.119Z,22.913,-59.5,-85.25,120.25
1607122239180,2020-12-04T22:51:18.121Z,22.953,-60.625,-86,118.1875
1607122239220,2020-12-04T22:51:18.133Z,22.993,-60.625,-86.75,119.8125
1607122239259,2020-12-04T22:51:18.142Z,23.032,-60.25,-86.375,118.5625
1607122239299,2020-12-04T22:51:18.146Z,23.072,-61.375,-85.25,117.8125
1607122239340,2020-12-04T22:51:18.148Z,23.113,-58.75,-86,119
1607122239379,2020-12-04T22:51:18.151Z,23.152,-59.875,-86.375,118.1875
1607122239419,2020-12-04T22:51:18.161Z,23.192,-60.625,-86.75,117.375
1607122239458,2020-12-04T22:51:18.164Z,23.231,-60.625,-87.5,120.1875
1607122239498,2020-12-04T22:51:18.174Z,23.271,-60.25,-99.8125,119
1607122239537,2020-12-04T22:51:18.177Z,23.31,-59.125,-87.875,118.1875
1607122239577,2020-12-04T22:51:18.179Z,23.35,-59.5,-90.0625,119.375
1607122239617,2020-12-04T22:51:18.182Z,23.39,-59.5,-95.3125,118.5625
1607122239656,2020-12-04T22:51:18.192Z,23.429,-60.625,-90.0625,117.375
1607122239697,2020-12-04T22:51:18.195Z,23.47,-58.75,-84.875,118.5625
1607122239737,2020-12-04T22:51:18.207Z,23.51,-58,-87.125,117
1607122239776,2020-12-04T22:51:18.209Z,23.549,-60.25,-85.625,118.1875
1607122239816,2020-12-04T22:51:18.211Z,23.589,-59.875,-86,118.625
1607122239855,2020-12-04T22:51:18.221Z,23.628,-62.125,-84.5,117.8125
1607122239895,2020-12-04T22:51:18.223Z,23.668,-59.125,-85.25,119
1607122239934,2020-12-04T22:51:18.237Z,23.707,-60.625,-85.625,117.75
1607122239975,2020-12-04T22:51:18.238Z,23.748,-60.25,-84.5,118.1875
1607122240015,2020-12-04T22:51:18.239Z,23.788,-59.125,-84.875,118.625
1607122240055,2020-12-04T22:51:18.239Z,23.828,-59.125,-86,118.625
1607122240094,2020-12-04T22:51:18.251Z,23.867,-58.75,-86,117.8125
1607122240134,2020-12-04T22:51:18.253Z,23.907,-59.125,-85.25,118.1875
1607122240173,2020-12-04T22:51:18.255Z,23.946,-58.75,-87.5,118.625
1607122240213,2020-12-04T22:51:18.266Z,23.986,-61,-87.125,117.8125
1607122240252,2020-12-04T22:51:18.269Z,24.025,-59.875,-86,118.625
1607122240293,2020-12-04T22:51:18.301Z,24.066,-60.25,-96.0625,118.1875
1607122240333,2020-12-04T22:51:18.311Z,24.106,-58.75,-86.75,119.4375
1607122240372,2020-12-04T22:51:18.313Z,24.145,-61,-85.625,119.8125
1607122240412,2020-12-04T22:51:18.316Z,24.185,-59.5,-86.375,118.1875
1607122240451,2020-12-04T22:51:18.317Z,24.224,-58.375,-86.75,118.625
1607122240491,2020-12-04T22:51:18.326Z,24.264,-60.625,-85.25,119
1607122240531,2020-12-04T22:51:18.328Z,24.304,-59.875,-86,118.1875
1607122240572,2020-12-04T22:51:18.331Z,24.345,-59.875,-84.125,119.4375
1607122240611,2020-12-04T22:51:18.343Z,24.384,-58.75,-85.25,119.375
1607122240651,2020-12-04T22:51:18.345Z,24.424,-59.125,-92.3125,118.5625
1607122240690,2020-12-04T22:51:18.346Z,24.463,-60.25,-88.25,117.8125
1607122240730,2020-12-04T22:51:18.358Z,24.503,-59.875,-86.375,119
1607122240769,2020-12-04T22:51:18.360Z,24.542,-60.25,-86.75,118.1875
1607122240809,2020-12-04T22:51:18.373Z,24.582,-60.625,-85.25,118.1875
1607122240848,2020-12-04T22:51:18.377Z,24.621,-59.5,-86.75,119
1607122240889,2020-12-04T22:51:18.379Z,24.662,-58.75,-84.5,119
1607122240929,2020-12-04T22:51:18.387Z,24.702,-61,-86.375,118.1875
1607122240969,2020-12-04T22:51:18.389Z,24.742,-59.875,-86.75,119
1607122241008,2020-12-04T22:51:18.391Z,24.781,-60.625,-86,117
1607122241048,2020-12-04T22:51:18.403Z,24.821,-59.875,-84.875,119.375
1607122241087,2020-12-04T22:51:18.409Z,24.86,-59.875,-96.8125,118.1875
1607122241127,2020-12-04T22:51:18.416Z,24.9,-60.625,-85.25,118.625
1607122241168,2020-12-04T22:51:18.419Z,24.941,-61.375,-86.75,118.1875
1607122241207,2020-12-04T22:51:18.421Z,24.98,-59.125,-86.75,118.1875
1607122241247,2020-12-04T22:51:18.434Z,25.02,-59.5,-84.5,117.4375
1607122241286,2020-12-04T22:51:18.445Z,25.059,-60.25,-84.875,118.625
1607122241326,2020-12-04T22:51:18.445Z,25.099,-61.75,-84.875,118.625
1607122241366,2020-12-04T22:51:18.447Z,25.139,-59.875,-84.125,119.8125
1607122241405,2020-12-04T22:51:18.450Z,25.178,-61.75,-86,119.8125
1607122241446,2020-12-04T22:51:18.461Z,25.219,-60.625,-84.5,118.625
1607122241486,2020-12-04T22:51:18.463Z,25.259,-58.375,-85.625,120.25
1607122241525,2020-12-04T22:51:18.465Z,25.298,-59.125,-85.625,119.8125
1607122241565,2020-12-04T22:51:18.478Z,25.338,-60.625,-85.25,118.625
1607122241604,2020-12-04T22:51:18.479Z,25.377,-59.125,-84.125,120.25
1607122241644,2020-12-04T22:51:18.481Z,25.417,-59.875,-88.625,120.25
1607122241683,2020-12-04T22:51:18.491Z,25.456,-60.625,-94.9375,119
1607122241723,2020-12-04T22:51:18.494Z,25.496,-59.875,-89.3125,120.625
1607122241764,2020-12-04T22:51:18.501Z,25.537,-60.25,-86,120.25
1607122241804,2020-12-04T22:51:18.510Z,25.577,-59.125,-86,118.625
1607122241843,2020-12-04T22:51:18.511Z,25.616,-60.25,-85.625,120.1875
1607122241883,2020-12-04T22:51:18.521Z,25.656,-59.875,-91.5625,119.8125
1607122241922,2020-12-04T22:51:18.523Z,25.695,-61.75,-86,118.625
1607122241962,2020-12-04T22:51:18.525Z,25.735,-59.125,-86,121
1607122242001,2020-12-04T22:51:18.537Z,25.774,-60.625,-86,120.25
1607122242041,2020-12-04T22:51:18.540Z,25.814,-59.5,-84.5,119
1607122242082,2020-12-04T22:51:18.543Z,25.855,-60.625,-84.875,121.4375
1607122242121,2020-12-04T22:51:18.552Z,25.894,-61,-86.375,119.4375
1607122242161,2020-12-04T22:51:18.554Z,25.934,-59.875,-86.375,120.25
1607122242201,2020-12-04T22:51:18.557Z,25.974,-61,-85.625,119.375
1607122242240,2020-12-04T22:51:18.569Z,26.013,-60.625,-86.375,120.1875
1607122242280,2020-12-04T22:51:18.571Z,26.053,-60.625,-86.375,120.625
1607122242319,2020-12-04T22:51:18.581Z,26.092,-60.625,-86.75,120.625
1607122242359,2020-12-04T22:51:18.583Z,26.132,-60.25,-85.625,119.375
1607122242400,2020-12-04T22:51:18.585Z,26.173,-59.5,-85.625,122.1875
1607122242439,2020-12-04T22:51:18.596Z,26.212,-59.125,-86.75,122.25
1607122242479,2020-12-04T22:51:18.598Z,26.252,-58.75,-85.25,121.4375
1607122242518,2020-12-04T22:51:18.608Z,26.291,-60.625,-86.375,123.0625
1607122242558,2020-12-04T22:51:18.612Z,26.331,-62.125,-97.1875,125.0625
1607122242597,2020-12-04T22:51:18.613Z,26.37,-61.75,-86.375,125.875
1607122242637,2020-12-04T22:51:18.616Z,26.41,-62.5,-86,127.8125
1607122242678,2020-12-04T22:51:18.627Z,26.451,-62.5,-89.6875,129.0625
1607122242718,2020-12-04T22:51:18.629Z,26.491,-62.125,-94.5625,131.0625
1607122242757,2020-12-04T22:51:18.631Z,26.53,-65.125,-93.4375,133.875
1607122242797,2020-12-04T22:51:18.644Z,26.57,-64,-86,133.875
1607122242836,2020-12-04T22:51:18.645Z,26.609,-65.5,-87.125,135.9375
1607122242876,2020-12-04T22:51:18.647Z,26.649,-66.9375,-85.625,137.4375
1607122242915,2020-12-04T22:51:18.658Z,26.688,-65.8125,-86.75,138.6875
1607122242955,2020-12-04T22:51:18.660Z,26.728,-67.6875,-86,141.125
1607122242996,2020-12-04T22:51:18.673Z,26.769,-69.1875,-88.1875,142.75
1607122243035,2020-12-04T22:51:18.677Z,26.808,-70.3125,-87.8125,143.125
1607122243075,2020-12-04T22:51:18.678Z,26.848,-70.3125,-87.125,146.75
1607122243115,2020-12-04T22:51:18.688Z,26.888,-72.1875,-86.375,147.125
1607122243154,2020-12-04T22:51:18.690Z,26.927,-75.1875,-86.375,146.75
1607122243194,2020-12-04T22:51:18.702Z,26.967,-74.8125,-86.375,150.375
1607122243233,2020-12-04T22:51:18.704Z,27.006,-77.0625,-87.125,151.1875
1607122243273,2020-12-04T22:51:18.711Z,27.046,-80.0625,-87.8125,151.5625
1607122243314,2020-12-04T22:51:18.717Z,27.087,-80.8125,-87.875,153.1875
1607122243353,2020-12-04T22:51:18.719Z,27.126,-81.5625,-103.5625,154.8125
1607122243393,2020-12-04T22:51:18.721Z,27.166,-81.9375,-90.8125,154.8125
1607122243432,2020-12-04T22:51:18.762Z,27.205,-81.9375,-89.6875,157.25
1607122243472,2020-12-04T22:51:18.764Z,27.245,-81.5625,-90.4375,156.8125
1607122243512,2020-12-04T22:51:18.777Z,27.285,-83.0625,-88.9375,156
1607122243551,2020-12-04T22:51:18.778Z,27.324,-80.4375,-90.0625,157.25
1607122243591,2020-12-04T22:51:18.779Z,27.364,-81.9375,-90.4375,156.8125
1607122243632,2020-12-04T22:51:18.781Z,27.405,-81.9375,-90.4375,155.1875
1607122243671,2020-12-04T22:51:18.793Z,27.444,-81.9375,-88.9375,156.8125
1607122243711,2020-12-04T22:51:18.795Z,27.484,-82.3125,-94.5625,154.8125
1607122243750,2020-12-04T22:51:18.797Z,27.523,-83.0625,-94.9375,156.375
1607122243790,2020-12-04T22:51:18.811Z,27.563,-82.3125,-94.1875,157.1875
1607122243829,2020-12-04T22:51:18.812Z,27.602,-83.0625,-91.5625,156
1607122243869,2020-12-04T22:51:18.822Z,27.642,-82.6875,-89.3125,157.625
1607122243909,2020-12-04T22:51:18.824Z,27.682,-82.6875,-89.3125,157.1875
1607122243950,2020-12-04T22:51:18.827Z,27.723,-83.0625,-90.4375,155.1875
1607122243989,2020-12-04T22:51:18.842Z,27.762,-83.4375,-90.0625,156.8125
1607122244029,2020-12-04T22:51:18.845Z,27.802,-82.3125,-90.8125,156.8125
1607122244068,2020-12-04T22:51:18.846Z,27.841,-83.4375,-90.4375,156.375
1607122244108,2020-12-04T22:51:18.853Z,27.881,-83.0625,-90.0625,156.8125
1607122244147,2020-12-04T22:51:18.855Z,27.92,-83.0625,-102.0625,157.25
1607122244187,2020-12-04T22:51:18.857Z,27.96,-82.3125,-91.1875,155.1875
1607122244228,2020-12-04T22:51:18.868Z,28.001,-83.0625,-90.0625,158.0625
1607122244267,2020-12-04T22:51:18.870Z,28.04,-82.3125,-95.3125,156.4375
1607122244307,2020-12-04T22:51:18.881Z,28.08,-83.0625,-90.0625,156.8125
1607122244347,2020-12-04T22:51:18.883Z,28.12,-83.4375,-88.625,157.25
1607122244386,2020-12-04T22:51:18.885Z,28.159,-83.0625,-94.5625,156.375
1607122244426,2020-12-04T22:51:18.898Z,28.199,-83.0625,-88.9375,156.8125
1607122244465,2020-12-04T22:51:18.900Z,28.238,-81.5625,-90.4375,158.0625
1607122244506,2020-12-04T22:51:18.908Z,28.279,-83.4375,-88.9375,156
1607122244546,2020-12-04T22:51:18.913Z,28.319,-81.9375,-89.6875,157.1875
1607122244585,2020-12-04T22:51:18.915Z,28.358,-83.4375,-90.4375,158
1607122244625,2020-12-04T22:51:18.917Z,28.398,-82.3125,-90.4375,157.1875
1607122244664,2020-12-04T22:51:18.928Z,28.437,-82.3125,-89.6875,157.25
1607122244704,2020-12-04T22:51:18.930Z,28.477,-82.3125,-92.3125,156.75
1607122244743,2020-12-04T22:51:18.942Z,28.516,-82.6875,-94.9375,155.9375
1607122244783,2020-12-04T22:51:18.944Z,28.556,-83.8125,-94.5625,156.8125
1607122244823,2020-12-04T22:51:18.948Z,28.596,-82.3125,-92.3125,156.75
1607122244864,2020-12-04T22:51:18.956Z,28.637,-81.9375,-89.6875,155.5625
1607122244903,2020-12-04T22:51:18.959Z,28.676,-81.9375,-90.0625,156.375
1607122244943,2020-12-04T22:51:18.961Z,28.716,-81.9375,-95.6875,157.1875
1607122244982,2020-12-04T22:51:18.972Z,28.755,-80.4375,-89.3125,156
1607122245022,2020-12-04T22:51:18.974Z,28.795,-80.8125,-90.4375,156.375
1607122245061,2020-12-04T22:51:18.977Z,28.834,-79.6875,-90.4375,154.375
1607122245101,2020-12-04T22:51:18.987Z,28.874,-78.9375,-90.4375,155.1875
1607122245140,2020-12-04T22:51:18.990Z,28.913,-75.1875,-89.3125,152.75
1607122245181,2020-12-04T22:51:18.992Z,28.954,-73.6875,-88.9375,147.9375
1607122245221,2020-12-04T22:51:19.017Z,28.994,-72.1875,-88.9375,145.1875
1607122245261,2020-12-04T22:51:19.019Z,29.034,-70.3125,-86.375,144.3125
1607122245300,2020-12-04T22:51:19.021Z,29.073,-69.5625,-84.5,142.75
1607122245340,2020-12-04T22:51:19.032Z,29.113,-68.0625,-87.125,144.375
1607122245379,2020-12-04T22:51:19.035Z,29.152,-67.3125,-86,141.9375
1607122245419,2020-12-04T22:51:19.037Z,29.192,-66.5625,-87.125,139.5
1607122245458,2020-12-04T22:51:19.048Z,29.231,-65.5,-86.375,138.75
1607122245499,2020-12-04T22:51:19.052Z,29.272,-64.375,-87.125,137.0625
1607122245539,2020-12-04T22:51:19.062Z,29.312,-65.5,-86,134.6875
1607122245578,2020-12-04T22:51:19.064Z,29.351,-64.75,-86.375,136.3125
1607122245618,2020-12-04T22:51:19.070Z,29.391,-62.875,-95.3125,134.3125
1607122245658,2020-12-04T22:51:19.078Z,29.431,-62.875,-87.875,131.0625
1607122245697,2020-12-04T22:51:19.080Z,29.47,-62.875,-86.75,130.25
1607122245737,2020-12-04T22:51:19.082Z,29.51,-61,-94.1875,128.6875
1607122245778,2020-12-04T22:51:19.093Z,29.551,-62.875,-92.3125,127.8125
1607122245817,2020-12-04T22:51:19.095Z,29.59,-62.125,-86.75,127.0625
1607122245857,2020-12-04T22:51:19.114Z,29.63,-58.375,-87.5,124.25
1607122245896,2020-12-04T22:51:19.115Z,29.669,-61.375,-86.375,123.8125
1607122245936,2020-12-04T22:51:19.116Z,29.709,-60.25,-86.75,124.25
1607122245975,2020-12-04T22:51:19.122Z,29.748,-59.875,-93.0625,123.0625
1607122246015,2020-12-04T22:51:19.123Z,29.788,-60.25,-86.375,123
1607122246055,2020-12-04T22:51:19.126Z,29.828,-61,-86.75,122.1875
1607122246096,2020-12-04T22:51:19.136Z,29.869,-60.25,-86.75,122.1875
1607122246135,2020-12-04T22:51:19.139Z,29.908,-61.375,-87.125,123
1607122246175,2020-12-04T22:51:19.141Z,29.948,-61.75,-87.125,123.4375
1607122246214,2020-12-04T22:51:19.151Z,29.987,-60.25,-87.5,123.8125
1607122246254,2020-12-04T22:51:19.153Z,30.027,-60.625,-87.125,125.0625
1607122246293,2020-12-04T22:51:19.156Z,30.066,-59.5,-86,123.4375
1607122246333,2020-12-04T22:51:19.167Z,30.106,-59.875,-86,121.8125
1607122246374,2020-12-04T22:51:19.169Z,30.147,-61.375,-87.875,123.0625
1607122246413,2020-12-04T22:51:19.180Z,30.186,-61,-100.1875,121.8125
1607122246453,2020-12-04T22:51:19.183Z,30.226,-59.125,-88.625,121.4375
1607122246493,2020-12-04T22:51:19.185Z,30.266,-59.5,-87.875,122.25
1607122246532,2020-12-04T22:51:19.187Z,30.305,-59.125,-87.5,120.625
1607122246572,2020-12-04T22:51:19.198Z,30.345,-60.25,-87.125,120.625
1607122246611,2020-12-04T22:51:19.227Z,30.384,-60.25,-86,122.1875
1607122246651,2020-12-04T22:51:19.229Z,30.424,-58.75,-89.6875,121.4375
1607122246692,2020-12-04T22:51:19.232Z,30.465,-58.75,-87.125,120.25
1607122246731,2020-12-04T22:51:19.243Z,30.504,-60.25,-87.875,121.4375
1607122246771,2020-12-04T22:51:19.246Z,30.544,-59.5,-87.875,119.8125
1607122246810,2020-12-04T22:51:19.256Z,30.583,-60.625,-91.5625,121.4375
1607122246850,2020-12-04T22:51:19.259Z,30.623,-59.125,-88.625,120.625
1607122246889,2020-12-04T22:51:19.261Z,30.662,-59.875,-87.125,119.8125
1607122246929,2020-12-04T22:51:19.272Z,30.702,-61,-86.375,121.4375
1607122246969,2020-12-04T22:51:19.274Z,30.742,-61,-88.25,121.4375
1607122247010,2020-12-04T22:51:19.277Z,30.783,-60.625,-88.1875,119.375
1607122247049,2020-12-04T22:51:19.288Z,30.822,-59.125,-87.8125,121
1607122247089,2020-12-04T22:51:19.290Z,30.862,-60.25,-87.875,119.8125
1607122247128,2020-12-04T22:51:19.292Z,30.901,-59.5,-86.375,119.8125
1607122247168,2020-12-04T22:51:19.303Z,30.941,-58,-86.75,118.625
1607122247207,2020-12-04T22:51:19.305Z,30.98,-60.625,-101.3125,118.625
1607122247247,2020-12-04T22:51:19.316Z,31.02,-59.5,-85.25,117.8125
1607122247288,2020-12-04T22:51:19.318Z,31.061,-61.375,-86,117.8125
1607122247327,2020-12-04T22:51:19.321Z,31.1,-58.375,-87.5,116.9375
1607122247367,2020-12-04T22:51:19.332Z,31.14,-59.875,-86,116.5625
1607122247407,2020-12-04T22:51:19.334Z,31.18,-60.625,-87.125,118.1875
1607122247446,2020-12-04T22:51:19.339Z,31.219,-59.5,-86,117.4375
1607122247486,2020-12-04T22:51:19.348Z,31.259,-59.125,-85.625,119
1607122247525,2020-12-04T22:51:19.350Z,31.298,-58.375,-86.375,118.625
1607122247566,2020-12-04T22:51:19.356Z,31.339,-59.5,-86.75,117.8125
1607122247606,2020-12-04T22:51:19.362Z,31.379,-59.875,-86.75,118.1875
1607122247645,2020-12-04T22:51:19.364Z,31.418,-60.25,-86.75,118.1875
1607122247685,2020-12-04T22:51:19.366Z,31.458,-59.125,-85.25,118.625
1607122247724,2020-12-04T22:51:19.378Z,31.497,-59.875,-85.625,120.1875
1607122247764,2020-12-04T22:51:19.380Z,31.537,-59.875,-84.875,119.8125
1607122247804,2020-12-04T22:51:19.382Z,31.577,-59.125,-88.9375,117
1607122247843,2020-12-04T22:51:19.393Z,31.616,-59.5,-93.8125,119
1607122247883,2020-12-04T22:51:19.395Z,31.656,-60.25,-86,118.1875
1607122247924,2020-12-04T22:51:19.414Z,31.697,-59.875,-87.125,117.375
1607122247963,2020-12-04T22:51:19.417Z,31.736,-61,-84.875,117.8125
1607122248003,2020-12-04T22:51:19.418Z,31.776,-59.125,-98.6875,118.625
1607122248042,2020-12-04T22:51:19.421Z,31.815,-59.125,-87.875,116.625
1607122248082,2020-12-04T22:51:19.424Z,31.855,-59.875,-84.125,118.625
1607122248121,2020-12-04T22:51:19.426Z,31.894,-59.5,-86.375,119
1607122248161,2020-12-04T22:51:19.437Z,31.934,-59.875,-86.75,116.1875
1607122248202,2020-12-04T22:51:19.439Z,31.975,-59.875,-85.625,120.1875
1607122248242,2020-12-04T22:51:19.451Z,32.015,-59.125,-88.5625,117.375
1607122248281,2020-12-04T22:51:19.453Z,32.054,-59.5,-87.5,117.8125
1607122248321,2020-12-04T22:51:19.455Z,32.094,-59.125,-86.75,118.625
1607122248360,2020-12-04T22:51:19.466Z,32.133,-58.75,-86,118.1875
1607122248400,2020-12-04T22:51:19.469Z,32.173,-59.125,-85.625,118.625
1607122248439,2020-12-04T22:51:19.480Z,32.212,-61,-86.75,118.1875
1607122248479,2020-12-04T22:51:19.483Z,32.252,-60.25,-86.375,116.5625
1607122248520,2020-12-04T22:51:19.484Z,32.293,-60.25,-85.625,116.5625
1607122248559,2020-12-04T22:51:19.486Z,32.332,-59.125,-87.125,119.375
1607122248599,2020-12-04T22:51:19.497Z,32.372,-59.5,-86,117
1607122248638,2020-12-04T22:51:19.499Z,32.411,-59.125,-86.375,118.1875
1607122248678,2020-12-04T22:51:19.501Z,32.451,-58.375,-89.6875,117.75
1607122248718,2020-12-04T22:51:19.517Z,32.491,-59.5,-87.875,117.375
1607122248757,2020-12-04T22:51:19.517Z,32.53,-59.125,-88.5625,117.75
1607122248798,2020-12-04T22:51:19.522Z,32.571,-58.75,-96.0625,119.375
1607122248838,2020-12-04T22:51:19.528Z,32.611,-61,-94.1875,117.75
1607122248877,2020-12-04T22:51:19.531Z,32.65,-59.875,-91.9375,120.625
1607122248917,2020-12-04T22:51:19.543Z,32.69,-58.75,-84.125,117.375
1607122248956,2020-12-04T22:51:19.553Z,32.729,-59.5,-86,116.5625
1607122248996,2020-12-04T22:51:19.554Z,32.769,-59.125,-86,119
1607122249035,2020-12-04T22:51:19.557Z,32.808,-59.125,-86.375,118.1875
1607122249076,2020-12-04T22:51:19.572Z,32.849,-59.125,-86.375,119
1607122249116,2020-12-04T22:51:19.574Z,32.889,-59.875,-85.625,119.8125
1607122249156,2020-12-04T22:51:19.585Z,32.929,-59.5,-87.125,118.1875
1607122249195,2020-12-04T22:51:19.588Z,32.968,-58.75,-86.75,118.625
1607122249235,2020-12-04T22:51:19.590Z,33.008,-59.125,-84.875,119
1607122249274,2020-12-04T22:51:19.592Z,33.047,-60.625,-86.75,118.1875
1607122249314,2020-12-04T22:51:19.603Z,33.087,-59.875,-87.125,119
1607122249353,2020-12-04T22:51:19.606Z,33.126,-59.5,-86.75,119.4375
1607122249394,2020-12-04T22:51:19.618Z,33.167,-60.625,-86,118.1875
1607122249434,2020-12-04T22:51:19.620Z,33.207,-61,-86.375,119
1607122249473,2020-12-04T22:51:19.631Z,33.246,-60.625,-92.3125,120.5625
1607122249513,2020-12-04T22:51:19.633Z,33.286,-59.125,-86,119.375
1607122249553,2020-12-04T22:51:19.635Z,33.326,-60.625,-86.375,120.1875
1607122249592,2020-12-04T22:51:19.648Z,33.365,-59.125,-91.9375,119.4375
1607122249633,2020-12-04T22:51:19.652Z,33.406,-59.875,-87.5,119.4375
1607122249671,2020-12-04T22:51:19.653Z,33.444,-61.375,-86,119
1607122249712,2020-12-04T22:51:19.661Z,33.485,-59.875,-86.375,119
1607122249752,2020-12-04T22:51:19.663Z,33.525,-60.25,-86.375,119.375
1607122249791,2020-12-04T22:51:19.692Z,33.564,-59.875,-85.625,119.8125
1607122249831,2020-12-04T22:51:19.694Z,33.604,-59.5,-93.0625,119.4375
1607122249870,2020-12-04T22:51:19.697Z,33.643,-59.125,-94.5625,121.4375
1607122249910,2020-12-04T22:51:19.709Z,33.683,-59.5,-87.5,119.8125
1607122249950,2020-12-04T22:51:19.720Z,33.723,-61,-85.625,119
1607122249991,2020-12-04T22:51:19.722Z,33.764,-59.125,-85.625,119.75
1607122250030,2020-12-04T22:51:19.723Z,33.803,-59.5,-87.8125,120.1875
1607122250070,2020-12-04T22:51:19.726Z,33.843,-59.5,-86.375,119.75
1607122250109,2020-12-04T22:51:19.727Z,33.882,-60.25,-86,120.1875
1607122250149,2020-12-04T22:51:19.738Z,33.922,-59.125,-86.75,120.625
1607122250188,2020-12-04T22:51:19.741Z,33.961,-59.5,-87.125,118.1875
1607122250228,2020-12-04T22:51:19.752Z,34.001,-58.375,-86.75,121.8125
1607122250267,2020-12-04T22:51:19.755Z,34.04,-60.25,-93.4375,122.625
1607122250308,2020-12-04T22:51:19.757Z,34.081,-59.125,-86.375,121.4375
1607122250348,2020-12-04T22:51:19.767Z,34.121,-59.875,-87.5,124.25
1607122250388,2020-12-04T22:51:19.769Z,34.161,-59.875,-90.8125,124.625
1607122250427,2020-12-04T22:51:19.771Z,34.2,-60.625,-87.125,125.8125
1607122250467,2020-12-04T22:51:19.784Z,34.24,-60.25,-88.1875,128.25
1607122250506,2020-12-04T22:51:19.788Z,34.279,-62.5,-88.5625,130.25
1607122250546,2020-12-04T22:51:19.796Z,34.319,-62.875,-87.5,131.0625
1607122250587,2020-12-04T22:51:19.798Z,34.36,-62.125,-89.3125,133.125
1607122250626,2020-12-04T22:51:19.800Z,34.399,-63.625,-88.9375,135.0625
1607122250666,2020-12-04T22:51:19.814Z,34.439,-64.75,-85.25,137.125
1607122250705,2020-12-04T22:51:19.822Z,34.478,-65.875,-88.625,138.3125
1607122250745,2020-12-04T22:51:19.823Z,34.518,-64.75,-90.0625,137.125
1607122250784,2020-12-04T22:51:19.828Z,34.557,-66.9375,-90.8125,141.5625
1607122250824,2020-12-04T22:51:19.831Z,34.597,-66.5625,-87.125,142.75
1607122250864,2020-12-04T22:51:19.841Z,34.637,-67.6875,-91.1875,141.9375
1607122250905,2020-12-04T22:51:19.844Z,34.678,-67.6875,-91.1875,143.9375
1607122250944,2020-12-04T22:51:19.855Z,34.717,-68.8125,-89.6875,144.375
1607122250984,2020-12-04T22:51:19.857Z,34.757,-69.1875,-86.75,145.5625
1607122251023,2020-12-04T22:51:19.859Z,34.796,-71.4375,-91.9375,146.75
1607122251063,2020-12-04T22:51:19.861Z,34.836,-71.8125,-102.8125,148
1607122251102,2020-12-04T22:51:19.873Z,34.875,-73.6875,-86.375,147.9375
1607122251142,2020-12-04T22:51:19.875Z,34.915,-75.1875,-88.1875,151.1875
1607122251181,2020-12-04T22:51:19.884Z,34.954,-75.5625,-88.9375,150.3125
1607122251222,2020-12-04T22:51:19.888Z,34.995,-76.6875,-88.9375,152.75
1607122251262,2020-12-04T22:51:19.890Z,35.035,-78.1875,-87.125,152.75
1607122251302,2020-12-04T22:51:19.901Z,35.075,-79.3125,-88.5625,152.375
1607122251341,2020-12-04T22:51:19.903Z,35.114,-77.8125,-89.375,153.625
1607122251381,2020-12-04T22:51:19.905Z,35.154,-77.4375,-88.5625,153.5625
1607122251420,2020-12-04T22:51:19.924Z,35.193,-77.4375,-88.9375,152.375
1607122251460,2020-12-04T22:51:19.925Z,35.233,-78.1875,-88.9375,155.1875
1607122251499,2020-12-04T22:51:19.925Z,35.272,-80.0625,-90.8125,153.1875
1607122251540,2020-12-04T22:51:19.932Z,35.313,-79.6875,-88.5625,154.375
1607122251580,2020-12-04T22:51:19.935Z,35.353,-78.9375,-89.3125,155.1875
1607122251619,2020-12-04T22:51:19.938Z,35.392,-78.9375,-90.0625,155.5625
1607122251659,2020-12-04T22:51:19.948Z,35.432,-78.5625,-89.6875,155.1875
1607122251699,2020-12-04T22:51:19.950Z,35.472,-79.6875,-90.4375,156
1607122251738,2020-12-04T22:51:19.955Z,35.511,-80.8125,-91.5625,158
1607122251778,2020-12-04T22:51:19.963Z,35.551,-81.1875,-88.9375,156.375
1607122251819,2020-12-04T22:51:19.965Z,35.592,-81.5625,-88.9375,157.625
1607122251858,2020-12-04T22:51:19.967Z,35.631,-80.0625,-102.4375,157.1875
1607122251898,2020-12-04T22:51:19.978Z,35.671,-81.5625,-99.4375,156.375
1607122251937,2020-12-04T22:51:19.981Z,35.71,-79.3125,-94.5625,157.1875
1607122251977,2020-12-04T22:51:19.991Z,35.75,-81.1875,-89.6875,156
1607122252016,2020-12-04T22:51:19.993Z,35.789,-82.6875,-90.8125,155.5625
1607122252056,2020-12-04T22:51:19.996Z,35.829,-81.1875,-90.0625,157.625
1607122252096,2020-12-04T22:51:20.008Z,35.869,-80.8125,-90.8125,155.625
1607122252137,2020-12-04T22:51:20.010Z,35.91,-78.9375,-90.8125,157.625
1607122252176,2020-12-04T22:51:20.023Z,35.949,-80.8125,-90.0625,158.375
1607122252216,2020-12-04T22:51:20.025Z,35.989,-81.1875,-91.1875,155.9375
1607122252255,2020-12-04T22:51:20.025Z,36.028,-80.0625,-90.4375,156.8125
1607122252295,2020-12-04T22:51:20.036Z,36.068,-80.8125,-91.5625,157.1875
1607122252334,2020-12-04T22:51:20.038Z,36.107,-80.8125,-90.4375,155.1875
1607122252374,2020-12-04T22:51:20.043Z,36.147,-81.1875,-91.1875,157.625
1607122252415,2020-12-04T22:51:20.053Z,36.188,-80.4375,-91.5625,156
1607122252454,2020-12-04T22:51:20.055Z,36.227,-80.0625,-90.0625,155.1875
1607122252494,2020-12-04T22:51:20.057Z,36.267,-80.4375,-90.4375,156
1607122252534,2020-12-04T22:51:20.068Z,36.307,-80.0625,-96.0625,156
1607122252573,2020-12-04T22:51:20.070Z,36.346,-79.6875,-90.4375,154.375
1607122252613,2020-12-04T22:51:20.072Z,36.386,-80.0625,-90.4375,156
1607122252652,2020-12-04T22:51:20.084Z,36.425,-80.4375,-93.4375,155.1875
1607122252693,2020-12-04T22:51:20.085Z,36.466,-80.0625,-90.8125,154.8125
1607122252733,2020-12-04T22:51:20.091Z,36.506,-80.0625,-96.0625,156.375
1607122252772,2020-12-04T22:51:20.097Z,36.545,-77.8125,-90.8125,153.5625
1607122252812,2020-12-04T22:51:20.101Z,36.585,-75.1875,-90.4375,152.75
1607122252851,2020-12-04T22:51:20.112Z,36.624,-72.5625,-89.6875,151.1875
1607122252891,2020-12-04T22:51:20.127Z,36.664,-70.6875,-87.125,145.9375
1607122252930,2020-12-04T22:51:20.129Z,36.703,-69.5625,-93.4375,144.75
1607122252970,2020-12-04T22:51:20.157Z,36.743,-68.4375,-91.5625,143.125
1607122253010,2020-12-04T22:51:20.159Z,36.783,-67.3125,-86.375,139.5
1607122253051,2020-12-04T22:51:20.172Z,36.824,-66.9375,-85.625,139.9375
1607122253090,2020-12-04T22:51:20.174Z,36.863,-65.5,-86.375,139.125
1607122253130,2020-12-04T22:51:20.176Z,36.903,-66.625,-85.625,136.3125
1607122253169,2020-12-04T22:51:20.187Z,36.942,-66.1875,-87.125,136.6875
1607122253209,2020-12-04T22:51:20.190Z,36.982,-62.5,-88.25,135.9375
1607122253248,2020-12-04T22:51:20.192Z,37.021,-63.625,-87.875,131.875
1607122253288,2020-12-04T22:51:20.203Z,37.061,-64,-87.875,131.875
1607122253327,2020-12-04T22:51:20.205Z,37.1,-61.375,-101.6875,130.25
1607122253368,2020-12-04T22:51:20.216Z,37.141,-62.5,-88.9375,127.875
1607122253408,2020-12-04T22:51:20.219Z,37.181,-61.375,-86.375,127.0625
1607122253448,2020-12-04T22:51:20.229Z,37.221,-60.625,-90.0625,124.625
1607122253487,2020-12-04T22:51:20.231Z,37.26,-61.75,-84.875,125.0625
1607122253527,2020-12-04T22:51:20.234Z,37.3,-60.625,-87.5,123.875
1607122253566,2020-12-04T22:51:20.238Z,37.339,-60.625,-85.25,123
1607122253606,2020-12-04T22:51:20.247Z,37.379,-61,-86,121.8125
1607122253647,2020-12-04T22:51:20.249Z,37.42,-61,-87.125,121.8125
1607122253686,2020-12-04T22:51:20.257Z,37.459,-61,-86.75,121.4375
1607122253726,2020-12-04T22:51:20.262Z,37.499,-61.75,-86.375,123.0625
1607122253765,2020-12-04T22:51:20.264Z,37.538,-59.875,-87.125,123
1607122253805,2020-12-04T22:51:20.266Z,37.578,-61.375,-87.125,121.4375
1607122253845,2020-12-04T22:51:20.278Z,37.618,-59.5,-87.5,120.1875
1607122253884,2020-12-04T22:51:20.280Z,37.657,-59.125,-86.75,121
1607122253924,2020-12-04T22:51:20.282Z,37.697,-59.5,-91.9375,119.375
1607122253965,2020-12-04T22:51:20.293Z,37.738,-61.375,-93.4375,120.25
1607122254004,2020-12-04T22:51:20.295Z,37.777,-61,-90.0625,120.25
1607122254044,2020-12-04T22:51:20.306Z,37.817,-58.75,-86.75,118.1875
1607122254083,2020-12-04T22:51:20.308Z,37.856,-59.125,-86.375,119.4375
1607122254123,2020-12-04T22:51:20.311Z,37.896,-59.125,-93.0625,119.375
1607122254162,2020-12-04T22:51:20.324Z,37.935,-59.875,-85.625,117.4375
1607122254202,2020-12-04T22:51:20.325Z,37.975,-59.5,-87.5,119.4375
1607122254242,2020-12-04T22:51:20.327Z,38.015,-59.5,-88.625,116.625
1607122254283,2020-12-04T22:51:20.338Z,38.056,-59.125,-86.75,118.1875
1607122254322,2020-12-04T22:51:20.340Z,38.095,-59.125,-86.75,119
1607122254362,2020-12-04T22:51:20.342Z,38.135,-59.125,-87.125,117.4375
1607122254401,2020-12-04T22:51:20.353Z,38.174,-59.5,-86,117.8125
1607122254441,2020-12-04T22:51:20.356Z,38.214,-58.75,-85.25,119
1607122254480,2020-12-04T22:51:20.367Z,38.253,-59.125,-86,118.625
1607122254520,2020-12-04T22:51:20.369Z,38.293,-59.5,-85.25,118.1875
1607122254561,2020-12-04T22:51:20.371Z,38.334,-60.25,-84.125,118.1875
1607122254600,2020-12-04T22:51:20.383Z,38.373,-59.125,-86.375,118.1875
1607122254640,2020-12-04T22:51:20.385Z,38.413,-59.125,-86.75,118.625
1607122254680,2020-12-04T22:51:20.390Z,38.453,-60.25,-86.75,119.8125
1607122254719,2020-12-04T22:51:20.398Z,38.492,-59.5,-86.375,118.1875
1607122254759,2020-12-04T22:51:20.401Z,38.532,-58.375,-85.25,119.4375
1607122254798,2020-12-04T22:51:20.411Z,38.571,-59.5,-86,119.8125
1607122254839,2020-12-04T22:51:20.414Z,38.612,-58.375,-87.125,118.1875
1607122254879,2020-12-04T22:51:20.415Z,38.652,-59.875,-87.875,119
1607122254918,2020-12-04T22:51:20.427Z,38.691,-58.75,-101.3125,118.625
1607122254958,2020-12-04T22:51:20.429Z,38.731,-59.875,-89.6875,117.8125
1607122254997,2020-12-04T22:51:20.431Z,38.77,-60.625,-89,118.625
1607122255037,2020-12-04T22:51:20.442Z,38.81,-59.875,-91.9375,117.8125
1607122255076,2020-12-04T22:51:20.446Z,38.849,-58.75,-87.875,117
1607122255116,2020-12-04T22:51:20.456Z,38.889,-58.375,-86.375,119
1607122255157,2020-12-04T22:51:20.458Z,38.93,-59.125,-86.375,117
1607122255197,2020-12-04T22:51:20.461Z,38.97,-59.125,-84.125,117
1607122255236,2020-12-04T22:51:20.472Z,39.009,-60.625,-85.625,118.625
1607122255276,2020-12-04T22:51:20.474Z,39.049,-59.125,-86.375,117.4375
1607122255315,2020-12-04T22:51:20.475Z,39.088,-58,-87.5,119.4375
1607122255355,2020-12-04T22:51:20.477Z,39.128,-58.75,-86,119.0625
1607122255394,2020-12-04T22:51:20.488Z,39.167,-58.375,-86.75,117.8125
1607122255434,2020-12-04T22:51:20.491Z,39.207,-59.5,-86.375,118.625
1607122255475,2020-12-04T22:51:20.501Z,39.248,-60.625,-86,119.4375
1607122255514,2020-12-04T22:51:20.503Z,39.287,-58.75,-84.125,117.8125
1607122255554,2020-12-04T22:51:20.506Z,39.327,-59.5,-87.125,119.8125
1607122255594,2020-12-04T22:51:20.517Z,39.367,-61,-85.25,119
1607122255633,2020-12-04T22:51:20.519Z,39.406,-59.875,-86,116.9375
1607122255673,2020-12-04T22:51:20.524Z,39.446,-58,-86.75,118.5625
1607122255712,2020-12-04T22:51:20.533Z,39.485,-60.25,-101.3125,118.625
1607122255753,2020-12-04T22:51:20.535Z,39.526,-59.5,-86.375,118.1875
1607122255793,2020-12-04T22:51:20.537Z,39.566,-60.625,-86.375,119.8125
1607122255832,2020-12-04T22:51:20.549Z,39.605,-60.25,-86.75,118.625
1607122255872,2020-12-04T22:51:20.550Z,39.645,-59.875,-86.375,118.625
1607122255911,2020-12-04T22:51:20.562Z,39.684,-57.625,-86.375,119.8125
1607122255951,2020-12-04T22:51:20.564Z,39.724,-59.5,-84.5,118.1875
1607122255991,2020-12-04T22:51:20.567Z,39.764,-58.375,-87.875,117.375
1607122256030,2020-12-04T22:51:20.578Z,39.803,-61,-91.1875,118.625
1607122256071,2020-12-04T22:51:20.580Z,39.844,-58.375,-89.6875,117.8125
1607122256111,2020-12-04T22:51:20.584Z,39.884,-59.5,-86.375,119.375
1607122256150,2020-12-04T22:51:20.628Z,39.923,-59.125,-86.375,119
1607122256190,2020-12-04T22:51:20.629Z,39.963,-60.25,-85.25,117
1607122256229,2020-12-04T22:51:20.637Z,40.002,-60.25,-87.125,118.625
1607122256269,2020-12-04T22:51:20.639Z,40.042,-59.5,-86.75,118.1875
1607122256308,2020-12-04T22:51:20.641Z,40.081,-58.75,-84.5,118.1875
1607122256349,2020-12-04T22:51:20.653Z,40.122,-59.5,-85.25,118.625
1607122256389,2020-12-04T22:51:20.659Z,40.162,-59.875,-86,117.8125
1607122256429,2020-12-04T22:51:20.660Z,40.202,-60.625,-86.375,117.8125
1607122256468,2020-12-04T22:51:20.682Z,40.241,-60.25,-86,118.625
1607122256508,2020-12-04T22:51:20.684Z,40.281,-58,-96.4375,117.8125
1607122256547,2020-12-04T22:51:20.694Z,40.32,-61,-86.75,117.8125
1607122256587,2020-12-04T22:51:20.697Z,40.36,-59.875,-85.25,119.375
1607122256626,2020-12-04T22:51:20.699Z,40.399,-60.625,-87.5,117.8125
1607122256667,2020-12-04T22:51:20.701Z,40.44,-59.875,-86,117.4375
1607122256707,2020-12-04T22:51:20.711Z,40.48,-59.875,-87.875,117.8125
1607122256746,2020-12-04T22:51:20.713Z,40.519,-60.25,-87.5,117
1607122256786,2020-12-04T22:51:20.724Z,40.559,-58.75,-86.375,117.4375
1607122256826,2020-12-04T22:51:20.727Z,40.599,-59.875,-86.75,119
1607122256865,2020-12-04T22:51:20.729Z,40.638,-59.5,-84.875,118.1875
1607122256906,2020-12-04T22:51:20.732Z,40.679,-59.125,-86.375,119.0625
1607122256946,2020-12-04T22:51:20.743Z,40.719,-60.625,-86.75,119
1607122256985,2020-12-04T22:51:20.745Z,40.758,-60.25,-88.25,117.8125
1607122257025,2020-12-04T22:51:20.757Z,40.798,-59.5,-87.125,119
1607122257064,2020-12-04T22:51:20.760Z,40.837,-60.25,-90.8125,119.375
1607122257104,2020-12-04T22:51:20.761Z,40.877,-61,-93.8125,118.625
1607122257143,2020-12-04T22:51:20.771Z,40.916,-59.5,-87.5,118.625
1607122257183,2020-12-04T22:51:20.774Z,40.956,-58.375,-86.75,119.8125
1607122257224,2020-12-04T22:51:20.776Z,40.997,-59.875,-84.875,117.8125
1607122257263,2020-12-04T22:51:20.787Z,41.036,-60.625,-84.875,119.4375
1607122257303,2020-12-04T22:51:20.789Z,41.076,-58.375,-103.1875,118.1875
1607122257343,2020-12-04T22:51:20.794Z,41.116,-60.625,-84.875,117
1607122257382,2020-12-04T22:51:20.803Z,41.155,-61,-85.625,118.625
1607122257422,2020-12-04T22:51:20.805Z,41.195,-60.625,-85.625,118.625
1607122257461,2020-12-04T22:51:20.807Z,41.234,-59.875,-85.25,119
1607122257501,2020-12-04T22:51:20.819Z,41.274,-59.5,-86.75,120.25
1607122257542,2020-12-04T22:51:20.833Z,41.315,-59.875,-85.625,119.4375
1607122257581,2020-12-04T22:51:20.833Z,41.354,-61,-86,121.0625
1607122257621,2020-12-04T22:51:20.834Z,41.394,-61,-87.5,123.4375
1607122257660,2020-12-04T22:51:20.836Z,41.433,-59.875,-87.5,122.25
1607122257700,2020-12-04T22:51:20.847Z,41.473,-59.5,-86.375,123.875
1607122257740,2020-12-04T22:51:20.849Z,41.513,-61,-87.125,125.8125
1607122257779,2020-12-04T22:51:20.862Z,41.552,-60.25,-90.0625,125.0625
1607122257820,2020-12-04T22:51:20.864Z,41.593,-61.375,-87.5,128.6875
1607122257860,2020-12-04T22:51:20.865Z,41.633,-62.125,-87.125,128.6875
1607122257899,2020-12-04T22:51:20.876Z,41.672,-62.125,-88.25,129.5
1607122257939,2020-12-04T22:51:20.879Z,41.712,-62.875,-88.25,130.3125
1607122257978,2020-12-04T22:51:20.882Z,41.751,-62.5,-89.375,132.3125
1607122258018,2020-12-04T22:51:20.895Z,41.791,-62.5,-87.125,133.125
1607122258057,2020-12-04T22:51:20.895Z,41.83,-64,-88.625,134.75
1607122258097,2020-12-04T22:51:20.906Z,41.87,-64.375,-101.6875,136.3125
1607122258138,2020-12-04T22:51:20.908Z,41.911,-65.125,-95.3125,136.6875
1607122258178,2020-12-04T22:51:20.910Z,41.951,-65.125,-90.4375,137.5
1607122258217,2020-12-04T22:51:20.924Z,41.99,-65.125,-89,139.5625
1607122258257,2020-12-04T22:51:20.926Z,42.03,-65.5,-87.875,140.375
1607122258296,2020-12-04T22:51:20.929Z,42.069,-67.3125,-90.0625,142.75
1607122258336,2020-12-04T22:51:20.936Z,42.109,-68.0625,-92.3125,143.125
1607122258375,2020-12-04T22:51:20.938Z,42.148,-68.125,-89,145.625
1607122258415,2020-12-04T22:51:20.941Z,42.188,-67.6875,-89,146.375
1607122258456,2020-12-04T22:51:20.953Z,42.229,-68.8125,-88.625,147.1875
1607122258495,2020-12-04T22:51:20.955Z,42.268,-70.6875,-87.875,147.5625
1607122258535,2020-12-04T22:51:20.957Z,42.308,-71.4375,-88.625,150.8125
1607122258575,2020-12-04T22:51:20.968Z,42.348,-71.8125,-89.6875,148
1607122258614,2020-12-04T22:51:20.970Z,42.387,-72.1875,-88.625,150.8125
1607122258654,2020-12-04T22:51:20.972Z,42.427,-73.3125,-89.375,151.625
1607122258693,2020-12-04T22:51:20.983Z,42.466,-74.0625,-88.25,150.4375
1607122258734,2020-12-04T22:51:20.986Z,42.507,-74.4375,-90.0625,152.8125
1607122258774,2020-12-04T22:51:20.996Z,42.547,-75.5625,-89.6875,151.625
1607122258813,2020-12-04T22:51:20.998Z,42.586,-76.6875,-88.25,152.375
1607122258853,2020-12-04T22:51:21.001Z,42.626,-76.6875,-89.375,153.1875
1607122258892,2020-12-04T22:51:21.012Z,42.665,-75.9375,-97.5625,153.625
1607122258932,2020-12-04T22:51:21.014Z,42.705,-77.8125,-87.5,152.8125
1607122258972,2020-12-04T22:51:21.016Z,42.745,-77.8125,-88.625,154.8125
1607122259011,2020-12-04T22:51:21.027Z,42.784,-76.3125,-90.8125,153.625
1607122259052,2020-12-04T22:51:21.030Z,42.825,-77.4375,-87.5,153.1875
1607122259092,2020-12-04T22:51:21.032Z,42.865,-76.6875,-87.125,152.8125
1607122259131,2020-12-04T22:51:21.042Z,42.904,-77.8125,-94.5625,152.375
1607122259171,2020-12-04T22:51:21.044Z,42.944,-77.4375,-90.8125,152.375
1607122259210,2020-12-04T22:51:21.047Z,42.983,-78.9375,-87.125,154
1607122259250,2020-12-04T22:51:21.062Z,43.023,-79.6875,-87.125,151.625
1607122259289,2020-12-04T22:51:21.063Z,43.062,-78.1875,-87.875,154
1607122259329,2020-12-04T22:51:21.089Z,43.102,-80.0625,-87.875,152.75
1607122259370,2020-12-04T22:51:21.095Z,43.143,-78.9375,-87.125,152.8125
1607122259409,2020-12-04T22:51:21.102Z,43.182,-79.3125,-87.5,153.1875
1607122259449,2020-12-04T22:51:21.104Z,43.222,-78.1875,-87.875,154.4375
1607122259489,2020-12-04T22:51:21.106Z,43.262,-78.5625,-91.5625,154.4375
1607122259528,2020-12-04T22:51:21.130Z,43.301,-79.3125,-87.875,155.1875
1607122259568,2020-12-04T22:51:21.130Z,43.341,-79.6875,-92.6875,155.5625
1607122259607,2020-12-04T22:51:21.132Z,43.38,-79.3125,-91.1875,154.375
1607122259648,2020-12-04T22:51:21.133Z,43.421,-80.4375,-89.6875,155.625
1607122259688,2020-12-04T22:51:21.136Z,43.461,-81.1875,-98.3125,154.8125
1607122259727,2020-12-04T22:51:21.147Z,43.5,-78.9375,-88.25,153.625
1607122259767,2020-12-04T22:51:21.149Z,43.54,-79.3125,-90.0625,156
1607122259806,2020-12-04T22:51:21.152Z,43.579,-79.3125,-89.3125,154
1607122259846,2020-12-04T22:51:21.162Z,43.619,-79.6875,-89.375,154.4375
1607122259886,2020-12-04T22:51:21.165Z,43.659,-79.3125,-89.3125,155.1875
1607122259927,2020-12-04T22:51:21.167Z,43.7,-80.0625,-89,154.4375
1607122259966,2020-12-04T22:51:21.176Z,43.739,-79.6875,-93.0625,156.8125
1607122260006,2020-12-04T22:51:21.178Z,43.779,-81.9375,-88.625,156.4375
1607122260045,2020-12-04T22:51:21.181Z,43.818,-79.3125,-89.3125,155.625
1607122260085,2020-12-04T22:51:21.194Z,43.858,-80.8125,-88.9375,156.8125
1607122260124,2020-12-04T22:51:21.195Z,43.897,-80.4375,-90.0625,156
1607122260164,2020-12-04T22:51:21.196Z,43.937,-81.5625,-94.5625,155.625
1607122260203,2020-12-04T22:51:21.208Z,43.976,-81.5625,-93.4375,156.8125
1607122260244,2020-12-04T22:51:21.210Z,44.017,-81.5625,-90.4375,156
1607122260284,2020-12-04T22:51:21.212Z,44.057,-79.3125,-90.4375,154.4375
1607122260324,2020-12-04T22:51:21.236Z,44.097,-80.8125,-90.0625,157.625
1607122260363,2020-12-04T22:51:21.239Z,44.136,-80.8125,-92.3125,156.8125
1607122260403,2020-12-04T22:51:21.241Z,44.176,-80.4375,-91.9375,155.625
1607122260442,2020-12-04T22:51:21.253Z,44.215,-81.1875,-89.6875,156
1607122260482,2020-12-04T22:51:21.259Z,44.255,-81.1875,-93.4375,156.4375
1607122260521,2020-12-04T22:51:21.263Z,44.294,-81.5625,-89.6875,155.1875
1607122260562,2020-12-04T22:51:21.268Z,44.335,-80.8125,-88.625,155.625
1607122260602,2020-12-04T22:51:21.270Z,44.375,-80.8125,-89.3125,155.625
1607122260641,2020-12-04T22:51:21.282Z,44.414,-80.4375,-89.375,155.625
1607122260681,2020-12-04T22:51:21.286Z,44.454,-79.6875,-90.0625,156.8125
1607122260721,2020-12-04T22:51:21.294Z,44.494,-80.8125,-89.3125,155.1875
1607122260760,2020-12-04T22:51:21.329Z,44.533,-80.0625,-90.0625,156
1607122260800,2020-12-04T22:51:21.329Z,44.573,-80.4375,-90.8125,156
1607122260841,2020-12-04T22:51:21.330Z,44.614,-80.0625,-90.0625,155.1875
1607122260880,2020-12-04T22:51:21.331Z,44.653,-79.6875,-89.375,156.8125
1607122260920,2020-12-04T22:51:21.331Z,44.693,-80.4375,-89.375,156
1607122260959,2020-12-04T22:51:21.332Z,44.732,-77.8125,-90.8125,154
1607122260999,2020-12-04T22:51:21.332Z,44.772,-76.3125,-90.0625,155.625
1607122261038,2020-12-04T22:51:21.333Z,44.811,-74.0625,-88.25,152.8125
1607122261078,2020-12-04T22:51:21.342Z,44.851,-72.1875,-87.875,149.125
1607122261118,2020-12-04T22:51:21.345Z,44.891,-71.4375,-88.625,148.8125
1607122261159,2020-12-04T22:51:21.355Z,44.932,-69.5625,-100.9375,147.5625
1607122261198,2020-12-04T22:51:21.360Z,44.971,-68.8125,-96.8125,145.125
1607122261238,2020-12-04T22:51:21.361Z,45.011,-68.0625,-90.4375,143.5625
1607122261277,2020-12-04T22:51:21.371Z,45.05,-65.875,-92.3125,140.75
1607122261317,2020-12-04T22:51:21.373Z,45.09,-66.9375,-87.125,139.9375
1607122261356,2020-12-04T22:51:21.375Z,45.129,-66.625,-87.875,141.125
1607122261396,2020-12-04T22:51:21.377Z,45.169,-64.375,-87.5,136.6875
1607122261437,2020-12-04T22:51:21.397Z,45.21,-67.3125,-88.25,135.9375
1607122261476,2020-12-04T22:51:21.398Z,45.249,-64.375,-87.125,135.9375
1607122261516,2020-12-04T22:51:21.401Z,45.289,-62.875,-86,133.5
1607122261555,2020-12-04T22:51:21.403Z,45.328,-63.25,-86.75,132.3125
1607122261595,2020-12-04T22:51:21.406Z,45.368,-62.125,-87.125,131.5
1607122261635,2020-12-04T22:51:21.417Z,45.408,-64,-85.25,128.6875
1607122261674,2020-12-04T22:51:21.419Z,45.447,-62.125,-86,128.6875
1607122261714,2020-12-04T22:51:21.421Z,45.487,-62.875,-85.625,126.25
1607122261755,2020-12-04T22:51:21.433Z,45.528,-60.25,-86.375,124.25
1607122261794,2020-12-04T22:51:21.435Z,45.567,-60.625,-84.5,123.4375
1607122261834,2020-12-04T22:51:21.446Z,45.607,-61.375,-85.625,123.4375
1607122261873,2020-12-04T22:51:21.448Z,45.646,-62.125,-86.375,122.625
1607122261913,2020-12-04T22:51:21.452Z,45.686,-61.75,-85.625,122.25
1607122261952,2020-12-04T22:51:21.462Z,45.725,-60.25,-99.8125,121
1607122261993,2020-12-04T22:51:21.463Z,45.766,-60.625,-86,119.375
1607122262033,2020-12-04T22:51:21.466Z,45.806,-59.125,-83.375,119
1607122262073,2020-12-04T22:51:21.478Z,45.846,-59.875,-86.375,117.8125
1607122262112,2020-12-04T22:51:21.480Z,45.885,-60.25,-85.625,117
1607122262152,2020-12-04T22:51:21.483Z,45.925,-61.375,-84.875,117.8125
1607122262191,2020-12-04T22:51:21.497Z,45.964,-59.875,-88.625,116.1875
1607122262231,2020-12-04T22:51:21.499Z,46.004,-59.125,-91.1875,116.1875
1607122262270,2020-12-04T22:51:21.506Z,46.043,-59.875,-88.25,117.8125
1607122262310,2020-12-04T22:51:21.508Z,46.083,-59.5,-85.25,116.1875
1607122262351,2020-12-04T22:51:21.511Z,46.124,-61,-84.875,117
1607122262390,2020-12-04T22:51:21.528Z,46.163,-59.125,-84.5,116.1875
1607122262430,2020-12-04T22:51:21.530Z,46.203,-59.5,-84.5,115.8125
1607122262470,2020-12-04T22:51:21.553Z,46.243,-59.5,-84.875,116.1875
1607122262509,2020-12-04T22:51:21.555Z,46.282,-59.875,-84.5,115.375
1607122262549,2020-12-04T22:51:21.563Z,46.322,-59.125,-84.5,115.8125
1607122262588,2020-12-04T22:51:21.568Z,46.361,-61,-84.875,116.1875
1607122262629,2020-12-04T22:51:21.570Z,46.402,-59.5,-85.25,115
1607122262669,2020-12-04T22:51:21.572Z,46.442,-59.5,-84.875,115
1607122262708,2020-12-04T22:51:21.583Z,46.481,-59.875,-83.75,115.375
1607122262748,2020-12-04T22:51:21.586Z,46.521,-61,-98.3125,115.75
1607122262787,2020-12-04T22:51:21.598Z,46.56,-59.5,-85.25,115.375
1607122262827,2020-12-04T22:51:21.599Z,46.6,-61.75,-84.5,115.375
1607122262867,2020-12-04T22:51:21.601Z,46.64,-59.875,-84.875,116.1875
1607122262906,2020-12-04T22:51:21.612Z,46.679,-58.375,-84.875,116.1875
1607122262947,2020-12-04T22:51:21.614Z,46.72,-59.5,-85.25,116.625
1607122262987,2020-12-04T22:51:21.616Z,46.76,-59.875,-84.125,116.1875
1607122263026,2020-12-04T22:51:21.617Z,46.799,-59.875,-84.5,116.1875
1607122263066,2020-12-04T22:51:21.629Z,46.839,-60.625,-84.5,117
1607122263105,2020-12-04T22:51:21.631Z,46.878,-60.25,-86,117.4375
1607122263145,2020-12-04T22:51:21.641Z,46.918,-59.5,-84.875,117
1607122263184,2020-12-04T22:51:21.643Z,46.957,-59.875,-85.25,117
1607122263224,2020-12-04T22:51:21.647Z,46.997,-59.5,-85.625,115.375
1607122263265,2020-12-04T22:51:21.658Z,47.038,-59.5,-92.3125,118.1875
1607122263305,2020-12-04T22:51:21.659Z,47.078,-59.125,-86.375,117.8125
1607122263344,2020-12-04T22:51:21.661Z,47.117,-58.375,-85.25,115.375
1607122263384,2020-12-04T22:51:21.673Z,47.157,-60.25,-84.875,117.4375
1607122263423,2020-12-04T22:51:21.676Z,47.196,-60.625,-84.5,117.4375
1607122263463,2020-12-04T22:51:21.687Z,47.236,-61,-86,115.75
1607122263502,2020-12-04T22:51:21.689Z,47.275,-60.625,-85.625,117
1607122263543,2020-12-04T22:51:21.694Z,47.316,-59.875,-99.8125,117
1607122263583,2020-12-04T22:51:21.703Z,47.356,-59.875,-86,115.375
1607122263622,2020-12-04T22:51:21.705Z,47.395,-59.875,-85.25,118.1875
1607122263662,2020-12-04T22:51:21.707Z,47.435,-59.125,-84.5,115.375
1607122263701,2020-12-04T22:51:21.719Z,47.474,-60.25,-83.75,116.1875
1607122263741,2020-12-04T22:51:21.721Z,47.514,-59.5,-85.625,117.8125
1607122263781,2020-12-04T22:51:21.731Z,47.554,-59.5,-87.5,116.1875
1607122263820,2020-12-04T22:51:21.733Z,47.593,-59.125,-88.25,116.25
1607122263861,2020-12-04T22:51:21.736Z,47.634,-61.375,-86,118.1875
1607122263901,2020-12-04T22:51:21.747Z,47.674,-58,-84.125,116.1875
1607122263940,2020-12-04T22:51:21.749Z,47.713,-60.625,-84.875,117
1607122263980,2020-12-04T22:51:21.751Z,47.753,-60.25,-84.875,116.625
1607122264019,2020-12-04T22:51:21.763Z,47.792,-59.5,-85.25,116.1875
1607122264059,2020-12-04T22:51:21.765Z,47.832,-58.75,-84.125,117
1607122264098,2020-12-04T22:51:21.767Z,47.871,-61.75,-86,117.8125
1607122264139,2020-12-04T22:51:21.792Z,47.912,-59.125,-85.25,117.8125
1607122264179,2020-12-04T22:51:21.795Z,47.952,-59.875,-84.875,117.8125
1607122264219,2020-12-04T22:51:21.797Z,47.992,-60.625,-88.625,117
1607122264258,2020-12-04T22:51:21.807Z,48.031,-58.75,-89.6875,115.75
1607122264298,2020-12-04T22:51:21.810Z,48.071,-59.875,-91.5625,117.4375
1607122264337,2020-12-04T22:51:21.813Z,48.11,-59.125,-96.4375,115.375
1607122264377,2020-12-04T22:51:21.823Z,48.15,-59.125,-84.5,115
1607122264416,2020-12-04T22:51:21.824Z,48.189,-58.375,-86,117.8125
1607122264457,2020-12-04T22:51:21.836Z,48.23,-59.125,-85.25,115.8125
1607122264497,2020-12-04T22:51:21.838Z,48.27,-60.25,-83.75,115.8125
1607122264536,2020-12-04T22:51:21.840Z,48.309,-59.125,-86,117
1607122264576,2020-12-04T22:51:21.851Z,48.349,-59.125,-86.75,116.625
1607122264616,2020-12-04T22:51:21.855Z,48.389,-60.25,-84.875,117.4375
1607122264655,2020-12-04T22:51:21.862Z,48.428,-59.875,-85.625,117.4375
1607122264695,2020-12-04T22:51:21.867Z,48.468,-59.5,-84.875,117.4375
1607122264734,2020-12-04T22:51:21.873Z,48.507,-60.625,-84.875,117.4375
1607122264775,2020-12-04T22:51:21.874Z,48.548,-61,-86.375,117.8125
1607122264815,2020-12-04T22:51:21.883Z,48.588,-59.875,-84.5,116.1875
1607122264854,2020-12-04T22:51:21.885Z,48.627,-61,-84.5,117
1607122264894,2020-12-04T22:51:21.887Z,48.667,-60.25,-85.625,117.8125
1607122264933,2020-12-04T22:51:21.898Z,48.706,-60.625,-84.5,117.4375
1607122264973,2020-12-04T22:51:21.900Z,48.746,-60.625,-84.875,117.8125
1607122265013,2020-12-04T22:51:21.911Z,48.786,-59.5,-91.1875,118.1875
1607122265054,2020-12-04T22:51:21.913Z,48.827,-58.75,-85.625,117.4375
1607122265093,2020-12-04T22:51:21.916Z,48.866,-60.625,-84.5,117.4375
1607122265133,2020-12-04T22:51:21.927Z,48.906,-61,-88.9375,119.8125
1607122265172,2020-12-04T22:51:21.930Z,48.945,-58.75,-85.625,117
1607122265212,2020-12-04T22:51:21.932Z,48.985,-59.5,-86.75,118.625
1607122265251,2020-12-04T22:51:21.943Z,49.024,-59.875,-83.75,117.4375
1607122265291,2020-12-04T22:51:21.945Z,49.064,-60.25,-87.125,118.1875
1607122265330,2020-12-04T22:51:21.947Z,49.103,-60.25,-93.4375,118.1875
1607122265371,2020-12-04T22:51:21.958Z,49.144,-60.25,-89.6875,117.4375
1607122265411,2020-12-04T22:51:21.961Z,49.184,-59.5,-84.125,117.8125
1607122265451,2020-12-04T22:51:21.971Z,49.224,-59.5,-84.5,119
1607122265490,2020-12-04T22:51:21.973Z,49.263,-60.25,-84.5,117.8125
1607122265530,2020-12-04T22:51:21.976Z,49.303,-59.875,-84.875,119.4375
1607122265569,2020-12-04T22:51:21.987Z,49.342,-60.25,-86,118.5625
1607122265609,2020-12-04T22:51:21.990Z,49.382,-61,-83.75,117.4375
1607122265648,2020-12-04T22:51:22.018Z,49.421,-60.25,-86.375,118.25
1607122265689,2020-12-04T22:51:22.020Z,49.462,-59.125,-86.375,118.625
1607122265729,2020-12-04T22:51:22.034Z,49.502,-60.25,-84.875,119.0625
1607122265768,2020-12-04T22:51:22.035Z,49.541,-61.375,-86,120.625
1607122265808,2020-12-04T22:51:22.037Z,49.581,-59.5,-93.8125,120.25
1607122265847,2020-12-04T22:51:22.048Z,49.62,-60.25,-87.875,119.8125
1607122265887,2020-12-04T22:51:22.048Z,49.66,-60.625,-88.25,122.625
1607122265927,2020-12-04T22:51:22.051Z,49.7,-61.375,-90.0625,122.25
1607122265966,2020-12-04T22:51:22.065Z,49.739,-61.75,-84.5,121.8125
1607122266007,2020-12-04T22:51:22.067Z,49.78,-62.125,-86,123.875
1607122266047,2020-12-04T22:51:22.068Z,49.82,-60.625,-86.375,125.0625
1607122266086,2020-12-04T22:51:22.078Z,49.859,-61,-87.5,125.0625
1607122266126,2020-12-04T22:51:22.080Z,49.899,-60.625,-86,127.875
1607122266165,2020-12-04T22:51:22.082Z,49.938,-61.375,-87.875,127.875
1607122266205,2020-12-04T22:51:22.094Z,49.978,-62.125,-87.875,130.3125
1607122266244,2020-12-04T22:51:22.097Z,50.017,-61,-90.8125,130.6875
1607122266284,2020-12-04T22:51:22.107Z,50.057,-62.125,-86,130.6875
1607122266325,2020-12-04T22:51:22.109Z,50.098,-64,-89.6875,133.125
1607122266365,2020-12-04T22:51:22.111Z,50.138,-65.125,-94.9375,134.625
1607122266404,2020-12-04T22:51:22.123Z,50.177,-64,-88.25,133.9375
1607122266444,2020-12-04T22:51:22.136Z,50.217,-64.75,-86.75,135.125
1607122266483,2020-12-04T22:51:22.136Z,50.256,-63.625,-87.5,135.5
1607122266523,2020-12-04T22:51:22.138Z,50.296,-65.875,-86.75,134.6875
1607122266562,2020-12-04T22:51:22.141Z,50.335,-65.875,-85.25,136.6875
1607122266603,2020-12-04T22:51:22.151Z,50.376,-65.125,-93.4375,137.125
1607122266643,2020-12-04T22:51:22.153Z,50.416,-67,-87.5,136.6875
1607122266682,2020-12-04T22:51:22.157Z,50.455,-67,-84.875,139.5625
1607122266722,2020-12-04T22:51:22.167Z,50.495,-66.625,-87.5,139.9375
1607122266762,2020-12-04T22:51:22.169Z,50.535,-66.9375,-86.375,138.75
1607122266801,2020-12-04T22:51:22.171Z,50.574,-68.8125,-84.5,141.5625
1607122266841,2020-12-04T22:51:22.182Z,50.614,-70.6875,-85.25,141.5625
1607122266880,2020-12-04T22:51:22.185Z,50.653,-70.3125,-85.625,143.125
1607122266921,2020-12-04T22:51:22.187Z,50.694,-74.0625,-84.875,146.375
1607122266961,2020-12-04T22:51:22.199Z,50.734,-74.0625,-86.75,147.1875
1607122267000,2020-12-04T22:51:22.200Z,50.773,-75.9375,-84.875,149.625
1607122267040,2020-12-04T22:51:22.211Z,50.813,-77.4375,-86.375,151.1875
1607122267079,2020-12-04T22:51:22.213Z,50.852,-77.4375,-85.625,152.375
1607122267120,2020-12-04T22:51:22.216Z,50.893,-77.0625,-86.75,152
1607122267159,2020-12-04T22:51:22.228Z,50.932,-78.9375,-88.9375,153.1875
1607122267198,2020-12-04T22:51:22.235Z,50.971,-77.4375,-87.875,152
1607122267239,2020-12-04T22:51:22.235Z,51.012,-78.9375,-89,152.8125
1607122267279,2020-12-04T22:51:22.243Z,51.052,-77.8125,-86.75,154
1607122267318,2020-12-04T22:51:22.245Z,51.091,-78.9375,-89.3125,152.375
1607122267358,2020-12-04T22:51:22.257Z,51.131,-78.5625,-93.0625,153.625
1607122267397,2020-12-04T22:51:22.260Z,51.17,-78.1875,-105.0625,153.1875
1607122267437,2020-12-04T22:51:22.268Z,51.21,-78.9375,-88.25,153.25
1607122267476,2020-12-04T22:51:22.269Z,51.249,-78.1875,-88.625,152.8125
1607122267517,2020-12-04T22:51:22.273Z,51.29,-79.3125,-88.9375,153.1875
1607122267557,2020-12-04T22:51:22.275Z,51.33,-78.5625,-88.9375,152.375
1607122267597,2020-12-04T22:51:22.286Z,51.37,-78.1875,-87.875,153.1875
1607122267636,2020-12-04T22:51:22.290Z,51.409,-79.6875,-89.6875,152.8125
1607122267676,2020-12-04T22:51:22.300Z,51.449,-78.9375,-89.6875,153.5625
1607122267715,2020-12-04T22:51:22.302Z,51.488,-78.9375,-90.0625,154.4375
1607122267755,2020-12-04T22:51:22.304Z,51.528,-80.8125,-88.9375,155.1875
1607122267794,2020-12-04T22:51:22.307Z,51.567,-76.6875,-87.5,154.8125
1607122267835,2020-12-04T22:51:22.318Z,51.608,-80.4375,-88.625,155.625
1607122267875,2020-12-04T22:51:22.327Z,51.648,-80.4375,-88.625,154.8125
1607122267914,2020-12-04T22:51:22.330Z,51.687,-80.4375,-87.5,156
1607122267954,2020-12-04T22:51:22.347Z,51.727,-78.5625,-92.3125,154
1607122267993,2020-12-04T22:51:22.349Z,51.766,-80.0625,-90.0625,154.8125
1607122268033,2020-12-04T22:51:22.351Z,51.806,-80.4375,-88.625,155.1875
1607122268073,2020-12-04T22:51:22.362Z,51.846,-80.0625,-88.9375,156
1607122268114,2020-12-04T22:51:22.367Z,51.887,-80.4375,-90.8125,154.8125
1607122268153,2020-12-04T22:51:22.367Z,51.926,-80.4375,-89.3125,156.4375
1607122268193,2020-12-04T22:51:22.377Z,51.966,-80.8125,-106.1875,155.1875
1607122268232,2020-12-04T22:51:22.379Z,52.005,-78.9375,-91.1875,156
1607122268272,2020-12-04T22:51:22.393Z,52.045,-80.4375,-89.6875,156.4375
1607122268311,2020-12-04T22:51:22.397Z,52.084,-81.5625,-91.9375,156.4375
1607122268351,2020-12-04T22:51:22.400Z,52.124,-80.0625,-92.6875,154.8125
1607122268390,2020-12-04T22:51:22.406Z,52.163,-80.8125,-96.8125,156.8125
1607122268431,2020-12-04T22:51:22.409Z,52.204,-78.1875,-99.4375,154
1607122268471,2020-12-04T22:51:22.411Z,52.244,-80.0625,-93.0625,155.1875
1607122268511,2020-12-04T22:51:22.422Z,52.284,-80.0625,-88.625,156
1607122268550,2020-12-04T22:51:22.425Z,52.323,-80.4375,-89.3125,155.1875
1607122268590,2020-12-04T22:51:22.437Z,52.363,-80.4375,-89.6875,156
1607122268629,2020-12-04T22:51:22.438Z,52.402,-81.1875,-90.8125,156.4375
1607122268669,2020-12-04T22:51:22.440Z,52.442,-80.0625,-88.625,154.8125
1607122268710,2020-12-04T22:51:22.442Z,52.483,-79.6875,-89.6875,155.1875
1607122268749,2020-12-04T22:51:22.453Z,52.522,-79.6875,-90.4375,156
1607122268789,2020-12-04T22:51:22.456Z,52.562,-80.4375,-90.8125,155.5625
1607122268828,2020-12-04T22:51:22.499Z,52.601,-79.6875,-89.6875,157.1875
1607122268868,2020-12-04T22:51:22.502Z,52.641,-81.1875,-89.6875,156
1607122268908,2020-12-04T22:51:22.511Z,52.681,-81.5625,-89.6875,155.625
1607122268947,2020-12-04T22:51:22.513Z,52.72,-81.1875,-90.0625,156.8125
1607122268987,2020-12-04T22:51:22.516Z,52.76,-81.1875,-100.9375,156.8125
1607122269028,2020-12-04T22:51:22.537Z,52.801,-79.6875,-89.6875,155.1875
1607122269067,2020-12-04T22:51:22.539Z,52.84,-80.8125,-90.0625,157.25
1607122269107,2020-12-04T22:51:22.540Z,52.88,-82.3125,-89.375,156.0625
1607122269146,2020-12-04T22:51:22.543Z,52.919,-80.4375,-89.6875,156
1607122269186,2020-12-04T22:51:22.546Z,52.959,-80.4375,-89.375,157.625
1607122269225,2020-12-04T22:51:22.557Z,52.998,-81.1875,-88.25,157.25
1607122269265,2020-12-04T22:51:22.560Z,53.038,-80.4375,-89.375,155.1875
1607122269305,2020-12-04T22:51:22.570Z,53.078,-79.3125,-89.375,156.8125
1607122269346,2020-12-04T22:51:22.573Z,53.119,-80.8125,-88.625,155.1875
1607122269385,2020-12-04T22:51:22.575Z,53.158,-79.3125,-89.375,156
1607122269425,2020-12-04T22:51:22.587Z,53.198,-81.1875,-90.4375,156.4375
1607122269464,2020-12-04T22:51:22.591Z,53.237,-80.4375,-93.4375,155.625
1607122269504,2020-12-04T22:51:22.595Z,53.277,-79.3125,-90.4375,155.5625
1607122269543,2020-12-04T22:51:22.603Z,53.316,-81.1875,-90.0625,156.4375
1607122269583,2020-12-04T22:51:22.605Z,53.356,-78.5625,-89.6875,154
1607122269624,2020-12-04T22:51:22.607Z,53.397,-78.1875,-88.625,154.8125
1607122269663,2020-12-04T22:51:22.618Z,53.436,-77.4375,-92.3125,154.4375
1607122269703,2020-12-04T22:51:22.620Z,53.476,-78.5625,-88.625,153.1875
1607122269743,2020-12-04T22:51:22.632Z,53.516,-77.4375,-89,154.4375
1607122269782,2020-12-04T22:51:22.633Z,53.555,-78.1875,-101.6875,154
1607122269822,2020-12-04T22:51:22.636Z,53.595,-77.0625,-88.1875,153.1875
1607122269861,2020-12-04T22:51:22.646Z,53.634,-77.8125,-90.4375,153.1875
1607122269901,2020-12-04T22:51:22.649Z,53.674,-77.0625,-91.1875,154.4375
1607122269942,2020-12-04T22:51:22.651Z,53.715,-79.3125,-89.6875,154.375
1607122269981,2020-12-04T22:51:22.662Z,53.754,-78.5625,-89.6875,154.8125
1607122270021,2020-12-04T22:51:22.664Z,53.794,-79.3125,-90.0625,155.1875
1607122270060,2020-12-04T22:51:22.667Z,53.833,-79.6875,-90.8125,154.375
1607122270100,2020-12-04T22:51:22.678Z,53.873,-78.5625,-89.6875,155.625
1607122270139,2020-12-04T22:51:22.680Z,53.912,-80.4375,-89.6875,154
1607122270179,2020-12-04T22:51:22.682Z,53.952,-81.5625,-89.6875,156.4375
1607122270220,2020-12-04T22:51:22.705Z,53.993,-80.8125,-88.5625,158
1607122270260,2020-12-04T22:51:22.706Z,54.033,-81.1875,-89.75,155.625
1607122270299,2020-12-04T22:51:22.706Z,54.072,-78.5625,-88.25,156.8125
1607122270339,2020-12-04T22:51:22.708Z,54.112,-79.3125,-89.3125,156.4375
1607122270378,2020-12-04T22:51:22.711Z,54.151,-78.1875,-87.875,155.625
1607122270418,2020-12-04T22:51:22.721Z,54.191,-77.8125,-89.6875,153.5625
1607122270457,2020-12-04T22:51:22.723Z,54.23,-74.0625,-94.5625,152.375
1607122270497,2020-12-04T22:51:22.725Z,54.27,-76.6875,-91.9375,150.4375
1607122270538,2020-12-04T22:51:22.737Z,54.311,-75.1875,-86.75,150
1607122270577,2020-12-04T22:51:22.741Z,54.35,-75.5625,-96.8125,148.8125
1607122270617,2020-12-04T22:51:22.742Z,54.39,-74.8125,-87.875,149.1875
1607122270657,2020-12-04T22:51:22.751Z,54.43,-74.0625,-87.125,149.625
1607122270696,2020-12-04T22:51:22.754Z,54.469,-73.3125,-87.125,148.375
1607122270736,2020-12-04T22:51:22.756Z,54.509,-73.3125,-86.75,147.5625
1607122270775,2020-12-04T22:51:22.767Z,54.548,-72.9375,-87.5,147.5625
1607122270816,2020-12-04T22:51:22.772Z,54.589,-72.5625,-86,149.5625
1607122270856,2020-12-04T22:51:22.781Z,54.629,-74.8125,-86,149.1875
1607122270895,2020-12-04T22:51:22.783Z,54.668,-75.5625,-86.375,150
1607122270935,2020-12-04T22:51:22.785Z,54.708,-77.0625,-87.875,148.8125
1607122270974,2020-12-04T22:51:22.796Z,54.747,-75.5625,-87.5,150
1607122271014,2020-12-04T22:51:22.799Z,54.787,-75.9375,-87.5,150.375
1607122271054,2020-12-04T22:51:22.801Z,54.827,-74.8125,-86.75,149.1875
1607122271093,2020-12-04T22:51:22.812Z,54.866,-75.5625,-87.125,150.4375
1607122271134,2020-12-04T22:51:22.815Z,54.907,-75.1875,-85.25,149.5625
1607122271174,2020-12-04T22:51:22.817Z,54.947,-76.6875,-86.75,150
1607122271213,2020-12-04T22:51:22.828Z,54.986,-78.1875,-86.75,150
1607122271254,2020-12-04T22:51:22.830Z,55.027,-76.3125,-91.1875,151.1875
1607122271292,2020-12-04T22:51:22.834Z,55.065,-76.6875,-89,149.5625
1607122271332,2020-12-04T22:51:22.843Z,55.105,-76.6875,-86.375,151.25
1607122271371,2020-12-04T22:51:22.845Z,55.144,-77.4375,-94.5625,150.375
1607122271412,2020-12-04T22:51:22.847Z,55.185,-77.4375,-85.625,150.8125
1607122271452,2020-12-04T22:51:22.858Z,55.225,-76.3125,-86.75,151.5625
1607122271492,2020-12-04T22:51:22.861Z,55.265,-77.0625,-89.375,150.4375
1607122271531,2020-12-04T22:51:22.872Z,55.304,-76.3125,-91.1875,152
1607122271571,2020-12-04T22:51:22.873Z,55.344,-77.0625,-90.4375,152.8125
1607122271610,2020-12-04T22:51:22.876Z,55.383,-76.6875,-89.375,152.875
1607122271650,2020-12-04T22:51:22.887Z,55.423,-78.1875,-89,153.6875
1607122271691,2020-12-04T22:51:22.903Z,55.464,-78.9375,-89,153.1875
1607122271730,2020-12-04T22:51:22.905Z,55.503,-77.0625,-89,152.8125
1607122271770,2020-12-04T22:51:22.916Z,55.543,-78.9375,-87.875,153.25
1607122271809,2020-12-04T22:51:22.919Z,55.582,-78.5625,-87.875,154.875
