epoch (ms),time (-07:00),elapsed (s),X-Axis (g),Y-Axis (g),Z-Axis (g)
1612376890689,2021-02-03T18:28:43.488Z,0.007,0.23627804219722748,-0.7953162789344788,0.5943948030471802
1612376890728,2021-02-03T18:28:43.503Z,0.046,0.24335812032222748,-0.8014197945594788,0.5965920686721802
1612376890768,2021-02-03T18:28:43.518Z,0.086,0.24067257344722748,-0.7997108101844788,0.5934182405471802
1612376890807,2021-02-03T18:28:43.548Z,0.125,0.24213741719722748,-0.8038612008094788,0.5985451936721802
1612376890847,2021-02-03T18:28:43.550Z,0.165,0.23945187032222748,-0.8011756539344788,0.5951272249221802
1612376890886,2021-02-03T18:28:43.565Z,0.204,0.24531124532222748,-0.7972694039344788,0.5963479280471802
1612376890925,2021-02-03T18:28:43.580Z,0.243,0.24140499532222748,-0.8041053414344788,0.5985451936721802
1612376890964,2021-02-03T18:28:43.595Z,0.282,0.24653194844722748,-0.8019080758094788,0.5975686311721802
1612376891004,2021-02-03T18:28:43.624Z,0.322,0.24604366719722748,-0.8045936226844788,0.5936623811721802
1612376891043,2021-02-03T18:28:43.639Z,0.361,0.24677608907222748,-0.8038612008094788,0.5970803499221802
1612376891083,2021-02-03T18:28:43.654Z,0.401,0.24872921407222748,-0.7997108101844788,0.5904885530471802
1612376891122,2021-02-03T18:28:43.668Z,0.44,0.25165891647338867,-0.8011756539344788,0.5970803499221802
1612376891162,2021-02-03T18:28:43.698Z,0.48,0.25092649459838867,-0.7992225289344788,0.5958596467971802
1612376891201,2021-02-03T18:28:43.728Z,0.519,0.24848507344722748,-0.7977576851844788,0.5931740999221802
1612376891241,2021-02-03T18:28:43.730Z,0.559,0.24897335469722748,-0.8043494820594788,0.5936623811721802
1612376891280,2021-02-03T18:28:43.745Z,0.598,0.25434446334838867,-0.8021522164344788,0.5939065217971802
1612376891320,2021-02-03T18:28:43.788Z,0.638,0.25678586959838867,-0.7994666695594788,0.5878030061721802
1612376891358,2021-02-03T18:28:43.802Z,0.676,0.24286983907222748,-0.7972694039344788,0.5992776155471802
1612376891398,2021-02-03T18:28:43.805Z,0.716,0.24531124532222748,-0.7987342476844788,0.5963479280471802
1612376891437,2021-02-03T18:28:43.819Z,0.755,0.24824093282222748,-0.8070350289344788,0.5936623811721802
1612376891477,2021-02-03T18:28:43.835Z,0.795,0.24921749532222748,-0.8021522164344788,0.5856057405471802
1612376891516,2021-02-03T18:28:43.864Z,0.834,0.24482296407222748,-0.8031287789344788,0.5907326936721802
1612376891556,2021-02-03T18:28:43.894Z,0.874,0.25312376022338867,-0.7962928414344788,0.5968362092971802
1612376891595,2021-02-03T18:28:43.908Z,0.913,0.24824093282222748,-0.7965369820594788,0.5856057405471802
1612376891635,2021-02-03T18:28:43.923Z,0.953,0.24994991719722748,-0.8009315133094788,0.5851174592971802
1612376891675,2021-02-03T18:28:43.937Z,0.993,0.27875852584838867,-0.8092322945594788,0.5758401155471802
1612376891714,2021-02-03T18:28:43.940Z,1.032,0.27338743209838867,-0.8009315133094788,0.5672951936721802
1612376891752,2021-02-03T18:28:43.984Z,1.07,0.28974485397338867,-0.8021522164344788,0.5743752717971802
1612376891792,2021-02-03T18:28:44.000Z,1.11,0.29511594772338867,-0.8026404976844788,0.5699807405471802
1612376891831,2021-02-03T18:28:44.015Z,1.149,0.29731321334838867,-0.7796912789344788,0.5843850374221802
1612376891871,2021-02-03T18:28:44.036Z,1.189,0.30952024459838867,-0.7787147164344788,0.5968362092971802
1612376891910,2021-02-03T18:28:44.060Z,1.228,0.33564329147338867,-0.7660194039344788,0.5865823030471802
1612376891950,2021-02-03T18:28:44.075Z,1.268,0.33710813522338867,-0.7613807320594788,0.6119729280471802
1612376891989,2021-02-03T18:28:44.089Z,1.307,0.35248899459838867,-0.7169471383094788,0.6500588655471802
1612376892029,2021-02-03T18:28:44.103Z,1.347,0.33930540084838867,-0.7152381539344788,0.6461526155471802
1612376892069,2021-02-03T18:28:44.118Z,1.387,0.35273313522338867,-0.7071815133094788,0.6603127717971802
1612376892108,2021-02-03T18:28:44.134Z,1.426,0.37836790084838867,-0.6954627633094788,0.6659280061721802
1612376892148,2021-02-03T18:28:44.149Z,1.466,0.35102415084838867,-0.6739783883094788,0.6886330842971802
1612376892186,2021-02-03T18:28:44.164Z,1.504,0.39277219772338867,-0.6913123726844788,0.6686135530471802
1612376892225,2021-02-03T18:28:44.179Z,1.543,0.39203977584838867,-0.6744666695594788,0.6756936311721802
1612376892265,2021-02-03T18:28:44.207Z,1.583,0.37006711959838867,-0.6869178414344788,0.6771584749221802
1612376892304,2021-02-03T18:28:44.210Z,1.622,0.34565305709838867,-0.6739783883094788,0.6866799592971802
1612376892344,2021-02-03T18:28:44.224Z,1.662,0.39326047897338867,-0.6979041695594788,0.6625100374221802
1612376892384,2021-02-03T18:28:44.254Z,1.702,0.33661985397338867,-0.6803260445594788,0.6725198030471802
1612376892423,2021-02-03T18:28:44.283Z,1.741,0.31977415084838867,-0.7022987008094788,0.6571389436721802
1612376892463,2021-02-03T18:28:44.298Z,1.781,0.32880735397338867,-0.7430701851844788,0.6498147249221802
1612376892502,2021-02-03T18:28:44.313Z,1.82,0.28583860397338867,-0.7044959664344788,0.6507912874221802
1612376892542,2021-02-03T18:28:44.328Z,1.86,0.29853391647338867,-0.7440467476844788,0.6656838655471802
1612376892581,2021-02-03T18:28:44.343Z,1.899,0.31391477584838867,-0.7413612008094788,0.6346780061721802
1612376892619,2021-02-03T18:28:44.357Z,1.937,0.25629758834838867,-0.7237830758094788,0.6493264436721802
1612376892659,2021-02-03T18:28:44.360Z,1.977,0.22162960469722748,-0.7916541695594788,0.5980569124221802
1612376892698,2021-02-03T18:28:44.375Z,2.016,0.24116085469722748,-0.7887244820594788,0.6044045686721802
1612376892738,2021-02-03T18:28:44.389Z,2.056,0.24067257344722748,-0.8204627633094788,0.6217385530471802
1612376892778,2021-02-03T18:28:44.419Z,2.096,0.24921749532222748,-0.8451209664344788,0.5943948030471802
1612376892817,2021-02-03T18:28:44.449Z,2.135,0.20698116719722748,-0.8673377633094788,0.5560647249221802
1612376892857,2021-02-03T18:28:44.464Z,2.175,0.14252804219722748,-0.8861365914344788,0.5013772249221802
1612376892896,2021-02-03T18:28:44.523Z,2.214,0.13984249532222748,-0.8717322945594788,0.5060158967971802
1612376892936,2021-02-03T18:28:44.553Z,2.254,0.11982296407222748,-0.8951697945594788,0.4964943826198578
1612376892975,2021-02-03T18:28:44.568Z,2.293,0.09174679219722748,-0.8961463570594788,0.4383889138698578
1612376893015,2021-02-03T18:28:44.583Z,2.333,0.10737179219722748,-0.9005408883094788,0.4933205544948578
1612376893053,2021-02-03T18:28:44.599Z,2.371,0.12568233907222748,-0.8929725289344788,0.4984475076198578
1612376893093,2021-02-03T18:28:44.614Z,2.411,0.14277218282222748,-0.8995643258094788,0.4950295388698578
1612376893132,2021-02-03T18:28:44.629Z,2.45,0.16816280782222748,-0.8946815133094788,0.5401955842971802
1612376893172,2021-02-03T18:28:44.644Z,2.49,0.14057491719722748,-0.8876014351844788,0.4776955544948578
1612376893211,2021-02-03T18:28:44.658Z,2.529,0.12348507344722748,-0.8924842476844788,0.5043069124221802
1612376893251,2021-02-03T18:28:44.675Z,2.569,0.12641476094722748,-0.8932166695594788,0.4920998513698578
1612376893290,2021-02-03T18:28:44.690Z,2.608,0.12763546407222748,-0.8983436226844788,0.5082131624221802
1612376893330,2021-02-03T18:28:44.705Z,2.648,0.13300655782222748,-0.8980994820594788,0.4776955544948578
1612376893369,2021-02-03T18:28:44.733Z,2.687,0.11811397969722748,-0.8919959664344788,0.5062600374221802
1612376893409,2021-02-03T18:28:44.748Z,2.727,0.13105343282222748,-0.8949256539344788,0.4881936013698578
1612376893447,2021-02-03T18:28:44.763Z,2.765,0.13032101094722748,-0.8941932320594788,0.5011330842971802
1612376893487,2021-02-03T18:28:44.777Z,2.805,0.12958858907222748,-0.8956580758094788,0.4884377419948578
1612376893526,2021-02-03T18:28:44.780Z,2.844,0.13251827657222748,-0.8880897164344788,0.5001565217971802
1612376893566,2021-02-03T18:28:44.810Z,2.884,0.13398312032222748,-0.8959022164344788,0.5045510530471802
1612376893605,2021-02-03T18:28:44.839Z,2.923,0.12421749532222748,-0.8963904976844788,0.4823342263698578
1612376893645,2021-02-03T18:28:44.854Z,2.963,0.14545772969722748,-0.8912635445594788,0.5111428499221802
1612376893684,2021-02-03T18:28:44.884Z,3.002,0.13984249532222748,-0.8944373726844788,0.4940529763698578
1612376893724,2021-02-03T18:28:44.900Z,3.042,0.12812374532222748,-0.8868690133094788,0.4996682107448578
1612376893763,2021-02-03T18:28:44.914Z,3.081,0.14570187032222748,-0.8907752633094788,0.5067483186721802
1612376893803,2021-02-03T18:28:44.928Z,3.121,0.12958858907222748,-0.8893104195594788,0.4877053201198578
1612376893843,2021-02-03T18:28:44.943Z,3.161,0.14057491719722748,-0.8976112008094788,0.5006448030471802
1612376893881,2021-02-03T18:28:44.973Z,3.199,0.13080929219722748,-0.8910194039344788,0.5001565217971802
1612376893920,2021-02-03T18:28:45.003Z,3.238,0.13447140157222748,-0.8954139351844788,0.5030862092971802
1612376893960,2021-02-03T18:28:45.017Z,3.278,0.13056515157222748,-0.8917518258094788,0.4908791482448578
1612376893999,2021-02-03T18:28:45.020Z,3.317,0.13666866719722748,-0.8954139351844788,0.5087014436721802
1612376894039,2021-02-03T18:28:45.035Z,3.357,0.13764522969722748,-0.8900428414344788,0.5074807405471802
1612376894078,2021-02-03T18:28:45.049Z,3.396,0.13007687032222748,-0.8949256539344788,0.4918557107448578
1612376894118,2021-02-03T18:28:45.093Z,3.436,0.13959835469722748,-0.8900428414344788,0.5138283967971802
1612376894157,2021-02-03T18:28:45.095Z,3.475,0.13520382344722748,-0.8888221383094788,0.4979592263698578
1612376894197,2021-02-03T18:28:45.110Z,3.515,0.13129757344722748,-0.8905311226844788,0.4952736794948578
1612376894237,2021-02-03T18:28:45.140Z,3.555,0.14301632344722748,-0.8834510445594788,0.5106545686721802
1612376894276,2021-02-03T18:28:45.153Z,3.594,0.13788937032222748,-0.8927283883094788,0.5018655061721802
1612376894314,2021-02-03T18:28:45.168Z,3.632,0.14374874532222748,-0.8905311226844788,0.5155373811721802
1612376894354,2021-02-03T18:28:45.182Z,3.672,0.13715694844722748,-0.8863807320594788,0.5004006624221802
1612376894393,2021-02-03T18:28:45.185Z,3.711,0.13764522969722748,-0.8883338570594788,0.5023537874221802
1612376894433,2021-02-03T18:28:45.200Z,3.751,0.14106319844722748,-0.8876014351844788,0.5050393342971802
1612376894472,2021-02-03T18:28:45.214Z,3.79,0.14252804219722748,-0.8893104195594788,0.5060158967971802
1612376894512,2021-02-03T18:28:45.230Z,3.83,0.14228390157222748,-0.8910194039344788,0.5033303499221802
1612376894551,2021-02-03T18:28:45.245Z,3.869,0.14106319844722748,-0.8866248726844788,0.5123635530471802
1612376894591,2021-02-03T18:28:45.259Z,3.909,0.13715694844722748,-0.8873572945594788,0.5023537874221802
1612376894631,2021-02-03T18:28:45.289Z,3.949,0.13886593282222748,-0.8902869820594788,0.5065041780471802
1612376894670,2021-02-03T18:28:45.319Z,3.988,0.13447140157222748,-0.8922401070594788,0.4957619607448578
1612376894708,2021-02-03T18:28:45.333Z,4.026,0.13178585469722748,-0.8844276070594788,0.5084573030471802
1612376894748,2021-02-03T18:28:45.363Z,4.066,0.14008663594722748,-0.8900428414344788,0.5021096467971802
1612376894787,2021-02-03T18:28:45.378Z,4.105,0.14521358907222748,-0.8876014351844788,0.5091897249221802
1612376894827,2021-02-03T18:28:45.393Z,4.145,0.14155147969722748,-0.8863807320594788,0.5104104280471802
1612376894866,2021-02-03T18:28:45.408Z,4.184,0.14326046407222748,-0.8927283883094788,0.5099221467971802
1612376894906,2021-02-03T18:28:45.410Z,4.224,0.14496944844722748,-0.8902869820594788,0.5023537874221802
1612376894946,2021-02-03T18:28:45.425Z,4.264,0.13325069844722748,-0.8866248726844788,0.5025979280471802
1612376894985,2021-02-03T18:28:45.453Z,4.303,0.15302608907222748,-0.8939490914344788,0.5143166780471802
1612376895025,2021-02-03T18:28:45.467Z,4.343,0.12690304219722748,-0.8832069039344788,0.4879494607448578
1612376895064,2021-02-03T18:28:45.470Z,4.382,0.13495968282222748,-0.8873572945594788,0.5021096467971802
1612376895104,2021-02-03T18:28:45.497Z,4.422,0.15278194844722748,-0.8932166695594788,0.5118752717971802
1612376895142,2021-02-03T18:28:45.500Z,4.46,0.12372921407222748,-0.8839393258094788,0.4925881326198578
1612376895181,2021-02-03T18:28:45.515Z,4.499,0.14374874532222748,-0.8854041695594788,0.5104104280471802
1612376895221,2021-02-03T18:28:45.530Z,4.539,0.13911007344722748,-0.8929725289344788,0.5023537874221802
1612376895260,2021-02-03T18:28:45.573Z,4.578,0.13544796407222748,-0.8902869820594788,0.5006448030471802
1612376895300,2021-02-03T18:28:45.575Z,4.618,0.14350460469722748,-0.8851600289344788,0.5177346467971802
1612376895340,2021-02-03T18:28:45.589Z,4.658,0.13618038594722748,-0.8871131539344788,0.4989357888698578
1612376895379,2021-02-03T18:28:45.603Z,4.697,0.14252804219722748,-0.8888221383094788,0.5035744905471802
1612376895419,2021-02-03T18:28:45.649Z,4.737,0.14545772969722748,-0.8895545601844788,0.5199319124221802
1612376895458,2021-02-03T18:28:45.664Z,4.776,0.14130733907222748,-0.8876014351844788,0.5099221467971802
1612376895498,2021-02-03T18:28:45.679Z,4.816,0.14277218282222748,-0.8890662789344788,0.5028420686721802
1612376895537,2021-02-03T18:28:45.694Z,4.855,0.13593624532222748,-0.8927283883094788,0.4996682107448578
1612376895575,2021-02-03T18:28:45.710Z,4.893,0.13325069844722748,-0.8905311226844788,0.4918557107448578
1612376895615,2021-02-03T18:28:45.724Z,4.933,0.13618038594722748,-0.8902869820594788,0.5089455842971802
1612376895655,2021-02-03T18:28:45.737Z,4.973,0.14155147969722748,-0.8907752633094788,0.5045510530471802
1612376895694,2021-02-03T18:28:45.739Z,5.012,0.14130733907222748,-0.8883338570594788,0.5008889436721802
1612376895734,2021-02-03T18:28:45.768Z,5.052,0.14106319844722748,-0.8919959664344788,0.5104104280471802
1612376895773,2021-02-03T18:28:45.770Z,5.091,0.14057491719722748,-0.8912635445594788,0.5028420686721802
1612376895813,2021-02-03T18:28:45.785Z,5.131,0.14326046407222748,-0.8829627633094788,0.5106545686721802
1612376895852,2021-02-03T18:28:45.800Z,5.17,0.14594601094722748,-0.8932166695594788,0.5045510530471802
1612376895892,2021-02-03T18:28:45.842Z,5.21,0.14423702657222748,-0.8846717476844788,0.5089455842971802
1612376895931,2021-02-03T18:28:45.846Z,5.249,0.13935421407222748,-0.8861365914344788,0.5062600374221802
1612376895971,2021-02-03T18:28:45.918Z,5.289,0.14203976094722748,-0.8880897164344788,0.5096780061721802
1612376896009,2021-02-03T18:28:45.933Z,5.327,0.14472530782222748,-0.8851600289344788,0.5104104280471802
1612376896049,2021-02-03T18:28:45.948Z,5.367,0.14692257344722748,-0.8858924508094788,0.5150490999221802
1612376896088,2021-02-03T18:28:45.950Z,5.406,0.14155147969722748,-0.8895545601844788,0.5033303499221802
1612376896128,2021-02-03T18:28:45.965Z,5.446,0.14789913594722748,-0.8827186226844788,0.5172463655471802
1612376896167,2021-02-03T18:28:45.980Z,5.485,0.13349483907222748,-0.8888221383094788,0.4938088357448578
1612376896207,2021-02-03T18:28:45.995Z,5.525,0.15571163594722748,-0.8793006539344788,0.5189553499221802
1612376896246,2021-02-03T18:28:46.010Z,5.564,0.15229366719722748,-0.8873572945594788,0.5060158967971802
1612376896286,2021-02-03T18:28:46.026Z,5.604,0.15131710469722748,-0.8912635445594788,0.5089455842971802
1612376896325,2021-02-03T18:28:46.040Z,5.643,0.15546749532222748,-0.8622108101844788,0.5126076936721802
1612376896365,2021-02-03T18:28:46.054Z,5.683,0.15253780782222748,-0.8619666695594788,0.5216408967971802
1612376896403,2021-02-03T18:28:46.069Z,5.721,0.15204952657222748,-0.8590369820594788,0.5253030061721802
1612376896443,2021-02-03T18:28:46.085Z,5.761,0.21308468282222748,-0.8424354195594788,0.5597268342971802
1612376896482,2021-02-03T18:28:46.115Z,5.8,0.19013546407222748,-0.8409705758094788,0.5553323030471802
1612376896522,2021-02-03T18:28:46.129Z,5.84,0.24409054219722748,-0.8263221383094788,0.5780373811721802
1612376896561,2021-02-03T18:28:46.143Z,5.879,0.24311397969722748,-0.8138709664344788,0.5614358186721802
1612376896601,2021-02-03T18:28:46.161Z,5.919,0.28705930709838867,-0.7940955758094788,0.5975686311721802
1612376896640,2021-02-03T18:28:46.203Z,5.958,0.26557493209838867,-0.7608924508094788,0.5985451936721802
1612376896680,2021-02-03T18:28:46.217Z,5.998,0.35370969772338867,-0.7477088570594788,0.6434670686721802
1612376896719,2021-02-03T18:28:46.219Z,6.037,0.32368040084838867,-0.7567420601844788,0.6258889436721802
1612376896759,2021-02-03T18:28:46.248Z,6.077,0.35102415084838867,-0.7306190133094788,0.6310158967971802
1612376896799,2021-02-03T18:28:46.264Z,6.117,0.26752805709838867,-0.7457557320594788,0.6022073030471802
1612376896837,2021-02-03T18:28:46.278Z,6.155,0.38178586959838867,-0.6976600289344788,0.6415139436721802
1612376896876,2021-02-03T18:28:46.292Z,6.194,0.40009641647338867,-0.7433143258094788,0.6075783967971802
1612376896916,2021-02-03T18:28:46.308Z,6.234,0.40278196334838867,-0.6961951851844788,0.6568948030471802
1612376896955,2021-02-03T18:28:46.322Z,6.273,0.35883665084838867,-0.7311072945594788,0.6012307405471802
1612376896995,2021-02-03T18:28:46.325Z,6.313,0.35346555709838867,-0.7110877633094788,0.6361428499221802
1612376897034,2021-02-03T18:28:46.339Z,6.352,0.40522336959838867,-0.7230506539344788,0.5892678499221802
1612376897074,2021-02-03T18:28:46.367Z,6.392,0.40961790084838867,-0.7091346383094788,0.6227151155471802
1612376897113,2021-02-03T18:28:46.370Z,6.431,0.44990110397338867,-0.7218299508094788,0.6114846467971802
1612376897153,2021-02-03T18:28:46.427Z,6.471,0.42206907272338867,-0.7333045601844788,0.5900002717971802
1612376897193,2021-02-03T18:28:46.430Z,6.511,0.41767454147338867,-0.7345252633094788,0.5782815217971802
1612376897231,2021-02-03T18:28:46.445Z,6.549,0.47748899459838867,-0.7262244820594788,0.5797463655471802
1612376897270,2021-02-03T18:28:46.474Z,6.588,0.5114245414733887,-0.7335487008094788,0.5253030061721802
1612376897310,2021-02-03T18:28:46.502Z,6.628,0.35346555709838867,-0.7357459664344788,0.5892678499221802
1612376897349,2021-02-03T18:28:46.505Z,6.667,0.43769407272338867,-0.7398963570594788,0.5797463655471802
1612376897389,2021-02-03T18:28:46.520Z,6.707,0.43305540084838867,-0.7533240914344788,0.5589944124221802
1612376897428,2021-02-03T18:28:46.535Z,6.746,0.36933469772338867,-0.7604041695594788,0.5714455842971802
1612376897468,2021-02-03T18:28:46.550Z,6.786,0.37104368209838867,-0.7735877633094788,0.5587502717971802
1612376897508,2021-02-03T18:28:46.565Z,6.826,0.38056516647338867,-0.7767615914344788,0.5536233186721802
1612376897547,2021-02-03T18:28:46.580Z,6.865,0.37348508834838867,-0.7748084664344788,0.5519143342971802
1612376897587,2021-02-03T18:28:46.595Z,6.905,0.38788938522338867,-0.7777381539344788,0.5570412874221802
1612376897626,2021-02-03T18:28:46.609Z,6.944,0.35688352584838867,-0.7789588570594788,0.5680276155471802
1612376897664,2021-02-03T18:28:46.625Z,6.982,0.34662961959838867,-0.7804237008094788,0.5675393342971802
1612376897705,2021-02-03T18:28:46.640Z,7.023,0.33442258834838867,-0.7894569039344788,0.5545998811721802
1612376897743,2021-02-03T18:28:46.670Z,7.061,0.34369993209838867,-0.7921424508094788,0.5497170686721802
1612376897783,2021-02-03T18:28:46.685Z,7.101,0.36713743209838867,-0.7857947945594788,0.5487405061721802
1612376897822,2021-02-03T18:28:46.713Z,7.14,0.37592649459838867,-0.7843299508094788,0.5548440217971802
1612376897862,2021-02-03T18:28:46.715Z,7.18,0.35395383834838867,-0.7862830758094788,0.5567971467971802
1612376897902,2021-02-03T18:28:46.759Z,7.22,0.35908079147338867,-0.7855506539344788,0.5604592561721802
1612376897941,2021-02-03T18:28:46.774Z,7.259,0.35883665084838867,-0.7838416695594788,0.5599709749221802
1612376897981,2021-02-03T18:28:46.790Z,7.299,0.35737180709838867,-0.7857947945594788,0.5565530061721802
1612376898020,2021-02-03T18:28:46.817Z,7.338,0.35322141647338867,-0.7889686226844788,0.5524026155471802
1612376898060,2021-02-03T18:28:46.820Z,7.378,0.35370969772338867,-0.7904334664344788,0.5521584749221802
1612376898098,2021-02-03T18:28:46.834Z,7.416,0.35248899459838867,-0.7909217476844788,0.5521584749221802
1612376898137,2021-02-03T18:28:46.849Z,7.455,0.35297727584838867,-0.7867713570594788,0.5543557405471802
1612376898177,2021-02-03T18:28:46.864Z,7.495,0.35224485397338867,-0.7914100289344788,0.5545998811721802
1612376898217,2021-02-03T18:28:46.878Z,7.535,0.35297727584838867,-0.7897010445594788,0.5550881624221802
1612376898256,2021-02-03T18:28:46.893Z,7.574,0.35395383834838867,-0.7887244820594788,0.5589944124221802
1612376898296,2021-02-03T18:28:46.909Z,7.614,0.35419797897338867,-0.7897010445594788,0.5543557405471802
1612376898335,2021-02-03T18:28:46.923Z,7.653,0.35688352584838867,-0.7894569039344788,0.5565530061721802
1612376898375,2021-02-03T18:28:46.953Z,7.693,0.35126829147338867,-0.7897010445594788,0.5602151155471802
1612376898414,2021-02-03T18:28:46.982Z,7.732,0.35493040084838867,-0.7872596383094788,0.5589944124221802
1612376898454,2021-02-03T18:28:46.997Z,7.772,0.35370969772338867,-0.7911658883094788,0.5548440217971802
1612376898492,2021-02-03T18:28:47.000Z,7.81,0.35175657272338867,-0.7909217476844788,0.5548440217971802
1612376898531,2021-02-03T18:28:47.030Z,7.849,0.35151243209838867,-0.7916541695594788,0.5536233186721802
1612376898571,2021-02-03T18:28:47.044Z,7.889,0.34882688522338867,-0.7914100289344788,0.5533791780471802
1612376898611,2021-02-03T18:28:47.060Z,7.929,0.35468626022338867,-0.7892127633094788,0.5587502717971802
1612376898650,2021-02-03T18:28:47.074Z,7.968,0.34467649459838867,-0.7928748726844788,0.5524026155471802
1612376898690,2021-02-03T18:28:47.089Z,8.008,0.35053586959838867,-0.7904334664344788,0.5577737092971802
1612376898729,2021-02-03T18:28:47.104Z,8.047,0.34614133834838867,-0.7906776070594788,0.5553323030471802
1612376898769,2021-02-03T18:28:47.120Z,8.087,0.34931516647338867,-0.7955604195594788,0.5553323030471802
1612376898808,2021-02-03T18:28:47.134Z,8.126,0.34907102584838867,-0.7926307320594788,0.5548440217971802
1612376898848,2021-02-03T18:28:47.149Z,8.166,0.34492063522338867,-0.7948279976844788,0.5499612092971802
1612376898887,2021-02-03T18:28:47.163Z,8.205,0.34369993209838867,-0.7977576851844788,0.5377541780471802
1612376898926,2021-02-03T18:28:47.179Z,8.244,0.35151243209838867,-0.7867713570594788,0.5641213655471802
1612376898965,2021-02-03T18:28:47.194Z,8.283,0.35932493209838867,-0.8004432320594788,0.5277444124221802
1612376899005,2021-02-03T18:28:47.224Z,8.323,0.34418821334838867,-0.8001990914344788,0.5345803499221802
1612376899044,2021-02-03T18:28:47.238Z,8.362,0.36884641647338867,-0.7779822945594788,0.5665627717971802
1612376899084,2021-02-03T18:28:47.284Z,8.402,0.37714719772338867,-0.7833533883094788,0.5470315217971802
1612376899123,2021-02-03T18:28:47.314Z,8.441,0.36786985397338867,-0.7709022164344788,0.5714455842971802
1612376899163,2021-02-03T18:28:47.329Z,8.481,0.37934446334838867,-0.7733436226844788,0.5672951936721802
1612376899202,2021-02-03T18:28:47.344Z,8.52,0.38227415084838867,-0.7535682320594788,0.5873147249221802
1612376899242,2021-02-03T18:28:47.359Z,8.56,0.39985227584838867,-0.7252479195594788,0.6156350374221802
1612376899281,2021-02-03T18:28:47.374Z,8.599,0.39057493209838867,-0.7247596383094788,0.6092873811721802
1612376899321,2021-02-03T18:28:47.389Z,8.639,0.41669797897338867,-0.7215858101844788,0.6180764436721802
1612376899359,2021-02-03T18:28:47.403Z,8.677,0.40327024459838867,-0.7088904976844788,0.6293069124221802
1612376899400,2021-02-03T18:28:47.418Z,8.718,0.38349485397338867,-0.6979041695594788,0.6332131624221802
1612376899438,2021-02-03T18:28:47.434Z,8.756,0.41913938522338867,-0.7064490914344788,0.6261330842971802
1612376899478,2021-02-03T18:28:47.450Z,8.796,0.39496946334838867,-0.7025428414344788,0.6402932405471802
1612376899517,2021-02-03T18:28:47.465Z,8.835,0.39228391647338867,-0.6954627633094788,0.6473733186721802
1612376899557,2021-02-03T18:28:47.479Z,8.875,0.37665891647338867,-0.6976600289344788,0.6402932405471802
1612376899596,2021-02-03T18:28:47.508Z,8.914,0.39960813522338867,-0.7232947945594788,0.6197854280471802
1612376899636,2021-02-03T18:28:47.538Z,8.954,0.36445188522338867,-0.7169471383094788,0.6315041780471802
1612376899676,2021-02-03T18:28:47.553Z,8.994,0.39741086959838867,-0.7208533883094788,0.6302834749221802
1612376899715,2021-02-03T18:28:47.568Z,9.033,0.33735227584838867,-0.7272010445594788,0.6300393342971802
1612376899753,2021-02-03T18:28:47.583Z,9.071,0.35810422897338867,-0.7372108101844788,0.6200295686721802
1612376899793,2021-02-03T18:28:47.598Z,9.111,0.32294797897338867,-0.7489295601844788,0.6168557405471802
1612376899832,2021-02-03T18:28:47.613Z,9.15,0.37690305709838867,-0.7545447945594788,0.6239358186721802
1612376899872,2021-02-03T18:28:47.628Z,9.19,0.34077024459838867,-0.7672401070594788,0.6151467561721802
1612376899911,2021-02-03T18:28:47.630Z,9.229,0.29511594772338867,-0.7667518258094788,0.5733987092971802
1612376899951,2021-02-03T18:28:47.658Z,9.269,0.31782102584838867,-0.7887244820594788,0.5765725374221802
1612376899990,2021-02-03T18:28:47.673Z,9.308,0.34247922897338867,-0.8065467476844788,0.5760842561721802
1612376900030,2021-02-03T18:28:47.687Z,9.348,0.33344602584838867,-0.7887244820594788,0.5965920686721802
1612376900070,2021-02-03T18:28:47.690Z,9.388,0.27827024459838867,-0.8092322945594788,0.5741311311721802
1612376900109,2021-02-03T18:28:47.718Z,9.427,0.29120969772338867,-0.8336463570594788,0.5560647249221802
1612376900149,2021-02-03T18:28:47.733Z,9.467,0.28119993209838867,-0.8280311226844788,0.5763283967971802
1612376900187,2021-02-03T18:28:47.748Z,9.505,0.25410032272338867,-0.8419471383094788,0.5414162874221802
1612376900226,2021-02-03T18:28:47.779Z,9.544,0.23676632344722748,-0.8578162789344788,0.5140725374221802
1612376900266,2021-02-03T18:28:47.793Z,9.584,0.21723507344722748,-0.8871131539344788,0.5069924592971802
1612376900305,2021-02-03T18:28:47.808Z,9.623,0.22309444844722748,-0.8775916695594788,0.5299416780471802
1612376900345,2021-02-03T18:28:47.822Z,9.663,0.20746944844722748,-0.8805213570594788,0.5033303499221802
1612376900384,2021-02-03T18:28:47.837Z,9.702,0.18476437032222748,-0.8961463570594788,0.5077248811721802
1612376900424,2021-02-03T18:28:47.853Z,9.742,0.12470577657222748,-0.8849158883094788,0.4789162576198578
1612376900464,2021-02-03T18:28:47.870Z,9.782,0.14838741719722748,-0.8919959664344788,0.5001565217971802
1612376900503,2021-02-03T18:28:47.885Z,9.821,0.14911983907222748,-0.8746619820594788,0.4862404763698578
1612376900543,2021-02-03T18:28:47.913Z,9.861,0.15961788594722748,-0.8951697945594788,0.5155373811721802
1612376900582,2021-02-03T18:28:47.928Z,9.9,0.15278194844722748,-0.8822303414344788,0.4857521951198578
1612376900620,2021-02-03T18:28:47.942Z,9.938,0.14179562032222748,-0.8949256539344788,0.4979592263698578
1612376900660,2021-02-03T18:28:47.945Z,9.978,0.13691280782222748,-0.8961463570594788,0.4847756326198578
1612376900699,2021-02-03T18:28:47.960Z,10.017,0.16059444844722748,-0.9002967476844788,0.4938088357448578
1612376900739,2021-02-03T18:28:47.974Z,10.057,0.13080929219722748,-0.8937049508094788,0.4908791482448578
1612376900779,2021-02-03T18:28:47.989Z,10.097,0.15815304219722748,-0.8946815133094788,0.5006448030471802
1612376900818,2021-02-03T18:28:48.003Z,10.136,0.14179562032222748,-0.8900428414344788,0.4969826638698578
1612376900858,2021-02-03T18:28:48.019Z,10.176,0.15180538594722748,-0.8897987008094788,0.5025979280471802
1612376900897,2021-02-03T18:28:48.033Z,10.215,0.14155147969722748,-0.8878455758094788,0.4852639138698578
1612376900937,2021-02-03T18:28:48.063Z,10.255,0.15888546407222748,-0.8939490914344788,0.4982033669948578
1612376900976,2021-02-03T18:28:48.092Z,10.294,0.15253780782222748,-0.8822303414344788,0.5001565217971802
1612376901014,2021-02-03T18:28:48.107Z,10.332,0.14472530782222748,-0.8915076851844788,0.4940529763698578
1612376901054,2021-02-03T18:28:48.110Z,10.372,0.15937374532222748,-0.8902869820594788,0.5043069124221802
1612376901093,2021-02-03T18:28:48.139Z,10.411,0.15644405782222748,-0.8915076851844788,0.5025979280471802
1612376901133,2021-02-03T18:28:48.153Z,10.451,0.13813351094722748,-0.8880897164344788,0.4913674294948578
1612376901173,2021-02-03T18:28:48.169Z,10.491,0.15742062032222748,-0.8863807320594788,0.5052834749221802
1612376901212,2021-02-03T18:28:48.199Z,10.53,0.16108272969722748,-0.8861365914344788,0.5028420686721802
1612376901252,2021-02-03T18:28:48.214Z,10.57,0.15571163594722748,-0.8919959664344788,0.5004006624221802
1612376901291,2021-02-03T18:28:48.229Z,10.609,0.14985226094722748,-0.8897987008094788,0.4930764138698578
1612376901331,2021-02-03T18:28:48.260Z,10.649,0.16523312032222748,-0.8893104195594788,0.4979592263698578
1612376901370,2021-02-03T18:28:48.274Z,10.688,0.14887569844722748,-0.8866248726844788,0.4982033669948578
1612376901410,2021-02-03T18:28:48.289Z,10.728,0.15180538594722748,-0.8915076851844788,0.4899025857448578
1612376901448,2021-02-03T18:28:48.303Z,10.766,0.15717647969722748,-0.8917518258094788,0.4957619607448578
1612376901488,2021-02-03T18:28:48.334Z,10.806,0.15278194844722748,-0.8907752633094788,0.4952736794948578
1612376901527,2021-02-03T18:28:48.348Z,10.845,0.16327999532222748,-0.8846717476844788,0.5135842561721802
1612376901567,2021-02-03T18:28:48.362Z,10.885,0.15180538594722748,-0.8893104195594788,0.4899025857448578
1612376901606,2021-02-03T18:28:48.365Z,10.924,0.16181515157222748,-0.8866248726844788,0.5101662874221802
1612376901646,2021-02-03T18:28:48.392Z,10.964,0.16181515157222748,-0.8924842476844788,0.4886818826198578
1612376901685,2021-02-03T18:28:48.408Z,11.003,0.15937374532222748,-0.8873572945594788,0.5045510530471802
1612376901725,2021-02-03T18:28:48.425Z,11.043,0.16157101094722748,-0.8863807320594788,0.4996682107448578
1612376901764,2021-02-03T18:28:48.439Z,11.082,0.16327999532222748,-0.8873572945594788,0.4991799294948578
1612376901804,2021-02-03T18:28:48.455Z,11.122,0.15595577657222748,-0.8868690133094788,0.4969826638698578
1612376901842,2021-02-03T18:28:48.483Z,11.16,0.16938351094722748,-0.8910194039344788,0.5008889436721802
1612376901882,2021-02-03T18:28:48.485Z,11.2,0.15644405782222748,-0.8868690133094788,0.5033303499221802
1612376901921,2021-02-03T18:28:48.499Z,11.239,0.15986202657222748,-0.8841834664344788,0.5004006624221802
1612376901961,2021-02-03T18:28:48.515Z,11.279,0.16327999532222748,-0.8878455758094788,0.5001565217971802
1612376902000,2021-02-03T18:28:48.529Z,11.318,0.16816280782222748,-0.8846717476844788,0.5062600374221802
1612376902040,2021-02-03T18:28:48.544Z,11.358,0.16205929219722748,-0.8858924508094788,0.4977150857448578
1612376902079,2021-02-03T18:28:48.559Z,11.397,0.17084835469722748,-0.8866248726844788,0.5033303499221802
1612376902119,2021-02-03T18:28:48.575Z,11.437,0.16279171407222748,-0.8836951851844788,0.4930764138698578
1612376902158,2021-02-03T18:28:48.589Z,11.476,0.17060421407222748,-0.8888221383094788,0.5087014436721802
1612376902198,2021-02-03T18:28:48.649Z,11.516,0.16108272969722748,-0.8861365914344788,0.4960061013698578
1612376902238,2021-02-03T18:28:48.664Z,11.556,0.16645382344722748,-0.8827186226844788,0.5013772249221802
1612376902276,2021-02-03T18:28:48.694Z,11.594,0.16401241719722748,-0.8856483101844788,0.5057717561721802
1612376902315,2021-02-03T18:28:48.708Z,11.633,0.16230343282222748,-0.8858924508094788,0.4952736794948578
1612376902355,2021-02-03T18:28:48.724Z,11.673,0.17036007344722748,-0.8827186226844788,0.5062600374221802
1612376902394,2021-02-03T18:28:48.738Z,11.712,0.17402218282222748,-0.8897987008094788,0.4999123513698578
1612376902434,2021-02-03T18:28:48.754Z,11.752,0.17597530782222748,-0.8849158883094788,0.5094338655471802
1612376902473,2021-02-03T18:28:48.769Z,11.791,0.16498897969722748,-0.8841834664344788,0.4996682107448578
1612376902513,2021-02-03T18:28:48.785Z,11.831,0.17182491719722748,-0.8829627633094788,0.5055276155471802
1612376902552,2021-02-03T18:28:48.799Z,11.87,0.15912960469722748,-0.8900428414344788,0.4960061013698578
1612376902592,2021-02-03T18:28:48.814Z,11.91,0.17426632344722748,-0.8854041695594788,0.5072365999221802
1612376902632,2021-02-03T18:28:48.828Z,11.95,0.16791866719722748,-0.8851600289344788,0.4974709451198578
1612376902671,2021-02-03T18:28:48.844Z,11.989,0.17036007344722748,-0.8839393258094788,0.5021096467971802
1612376902709,2021-02-03T18:28:48.859Z,12.027,0.17939327657222748,-0.8832069039344788,0.5087014436721802
1612376902749,2021-02-03T18:28:48.889Z,12.067,0.16596554219722748,-0.8851600289344788,0.4974709451198578
1612376902788,2021-02-03T18:28:48.903Z,12.106,0.17158077657222748,-0.8844276070594788,0.5045510530471802
1612376902828,2021-02-03T18:28:48.918Z,12.146,0.17841671407222748,-0.8851600289344788,0.5030862092971802
1612376902867,2021-02-03T18:28:48.933Z,12.185,0.16279171407222748,-0.8836951851844788,0.4979592263698578
1612376902907,2021-02-03T18:28:48.935Z,12.225,0.17255733907222748,-0.8871131539344788,0.5016213655471802
1612376902947,2021-02-03T18:28:48.963Z,12.265,0.18159054219722748,-0.8849158883094788,0.5082131624221802
1612376902986,2021-02-03T18:28:48.980Z,12.304,0.16889522969722748,-0.8834510445594788,0.5023537874221802
1612376903026,2021-02-03T18:28:49.010Z,12.344,0.17719601094722748,-0.8802772164344788,0.5033303499221802
1612376903065,2021-02-03T18:28:49.038Z,12.383,0.16865108907222748,-0.8834510445594788,0.5035744905471802
1612376903105,2021-02-03T18:28:49.053Z,12.423,0.17744015157222748,-0.8849158883094788,0.5021096467971802
1612376903143,2021-02-03T18:28:49.055Z,12.461,0.17719601094722748,-0.8802772164344788,0.5033303499221802
1612376903182,2021-02-03T18:28:49.069Z,12.5,0.17499874532222748,-0.8849158883094788,0.5047951936721802
1612376903222,2021-02-03T18:28:49.084Z,12.54,0.18110226094722748,-0.8793006539344788,0.5057717561721802
1612376903261,2021-02-03T18:28:49.100Z,12.579,0.17548702657222748,-0.8807654976844788,0.5023537874221802
1612376903301,2021-02-03T18:28:49.115Z,12.619,0.18525265157222748,-0.8766151070594788,0.5108987092971802
1612376903341,2021-02-03T18:28:49.130Z,12.659,0.18085812032222748,-0.8773475289344788,0.5011330842971802
1612376903380,2021-02-03T18:28:49.144Z,12.698,0.17817257344722748,-0.8771033883094788,0.5057717561721802
1612376903420,2021-02-03T18:28:49.174Z,12.738,0.18207882344722748,-0.8788123726844788,0.5133401155471802
1612376903459,2021-02-03T18:28:49.203Z,12.777,0.18574093282222748,-0.8739295601844788,0.5040627717971802
1612376903499,2021-02-03T18:28:49.217Z,12.817,0.18793819844722748,-0.8697791695594788,0.5216408967971802
1612376903537,2021-02-03T18:28:49.220Z,12.855,0.21845577657222748,-0.8717322945594788,0.5128518342971802
1612376903576,2021-02-03T18:28:49.263Z,12.894,0.20331905782222748,-0.8512244820594788,0.5128518342971802
1612376903616,2021-02-03T18:28:49.278Z,12.934,0.27094602584838867,-0.8644080758094788,0.5160256624221802
1612376903655,2021-02-03T18:28:49.293Z,12.973,0.20698116719722748,-0.8712440133094788,0.4820900857448578
1612376903695,2021-02-03T18:28:49.295Z,13.013,0.29682493209838867,-0.8448768258094788,0.5128518342971802
1612376903735,2021-02-03T18:28:49.323Z,13.053,0.28925657272338867,-0.8399940133094788,0.4972268044948578
1612376903774,2021-02-03T18:28:49.325Z,13.092,0.32636594772338867,-0.8468299508094788,0.4850197732448578
1612376903814,2021-02-03T18:28:49.339Z,13.132,0.39008665084838867,-0.8316932320594788,0.5345803499221802
1612376903853,2021-02-03T18:28:49.354Z,13.171,0.37861204147338867,-0.8231483101844788,0.4879494607448578
1612376903893,2021-02-03T18:28:49.383Z,13.211,0.37787961959838867,-0.8111854195594788,0.5145608186721802
1612376903932,2021-02-03T18:28:49.399Z,13.25,0.40400266647338867,-0.8106971383094788,0.4908791482448578
1612376903970,2021-02-03T18:28:49.413Z,13.288,0.42451047897338867,-0.7892127633094788,0.5292092561721802
1612376904010,2021-02-03T18:28:49.443Z,13.328,0.39301633834838867,-0.8045936226844788,0.4816018044948578
1612376904050,2021-02-03T18:28:49.488Z,13.368,0.46284055709838867,-0.7691932320594788,0.4986916482448578
1612376904089,2021-02-03T18:28:49.503Z,13.407,0.41279172897338867,-0.7752967476844788,0.5414162874221802
1612376904129,2021-02-03T18:28:49.518Z,13.447,0.47968626022338867,-0.7591834664344788,0.5126076936721802
1612376904168,2021-02-03T18:28:49.535Z,13.486,0.45331907272338867,-0.7650428414344788,0.5250588655471802
1612376904208,2021-02-03T18:28:49.550Z,13.526,0.44648313522338867,-0.7496619820594788,0.5318948030471802
1612376904247,2021-02-03T18:28:49.565Z,13.565,0.40473508834838867,-0.7408729195594788,0.5506936311721802
1612376904287,2021-02-03T18:28:49.593Z,13.605,0.47211790084838867,-0.7333045601844788,0.5631448030471802
1612376904326,2021-02-03T18:28:49.595Z,13.644,0.5182604789733887,-0.7367225289344788,0.5392190217971802
1612376904366,2021-02-03T18:28:49.610Z,13.684,0.46039915084838867,-0.7323279976844788,0.5360451936721802
1612376904404,2021-02-03T18:28:49.624Z,13.722,0.49482297897338867,-0.7245154976844788,0.5477639436721802
1612376904444,2021-02-03T18:28:49.639Z,13.762,0.5111804008483887,-0.7301307320594788,0.5423928499221802
1612376904483,2021-02-03T18:28:49.654Z,13.801,0.48945188522338867,-0.7228065133094788,0.5240823030471802
1612376904523,2021-02-03T18:28:49.669Z,13.841,0.40912961959838867,-0.7425819039344788,0.5843850374221802
1612376904562,2021-02-03T18:28:49.684Z,13.88,0.46650266647338867,-0.7257362008094788,0.5712014436721802
1612376904602,2021-02-03T18:28:49.699Z,13.92,0.45991086959838867,-0.7391639351844788,0.5536233186721802
1612376904641,2021-02-03T18:28:49.728Z,13.959,0.40229368209838867,-0.7533240914344788,0.5607033967971802
1612376904681,2021-02-03T18:28:49.758Z,13.999,0.40253782272338867,-0.7440467476844788,0.5721780061721802
1612376904720,2021-02-03T18:28:49.772Z,14.038,0.39130735397338867,-0.7401404976844788,0.5936623811721802
1612376904760,2021-02-03T18:28:49.775Z,14.078,0.34565305709838867,-0.7262244820594788,0.6275979280471802
1612376904798,2021-02-03T18:28:49.805Z,14.116,0.33710813522338867,-0.7318397164344788,0.6234475374221802
1612376904838,2021-02-03T18:28:49.833Z,14.156,0.38691282272338867,-0.7406287789344788,0.6031838655471802
1612376904877,2021-02-03T18:28:49.848Z,14.195,0.38056516647338867,-0.7496619820594788,0.5880471467971802
1612376904917,2021-02-03T18:28:49.850Z,14.235,0.38911008834838867,-0.7545447945594788,0.5758401155471802
1612376904956,2021-02-03T18:28:49.865Z,14.274,0.39814329147338867,-0.7472205758094788,0.5934182405471802
1612376904996,2021-02-03T18:28:49.893Z,14.314,0.39301633834838867,-0.7281776070594788,0.6048928499221802
1612376905035,2021-02-03T18:28:49.907Z,14.353,0.39741086959838867,-0.7325721383094788,0.6122170686721802
1612376905075,2021-02-03T18:28:49.910Z,14.393,0.39863157272338867,-0.7269569039344788,0.6039162874221802
1612376905114,2021-02-03T18:28:49.925Z,14.432,0.38715696334838867,-0.7384315133094788,0.6002541780471802
1612376905154,2021-02-03T18:28:49.940Z,14.472,0.39106321334838867,-0.7435584664344788,0.5875588655471802
1612376905194,2021-02-03T18:28:49.955Z,14.512,0.39130735397338867,-0.7511268258094788,0.5751076936721802
1612376905232,2021-02-03T18:28:49.970Z,14.55,0.40327024459838867,-0.7489295601844788,0.5712014436721802
1612376905271,2021-02-03T18:28:50.028Z,14.589,0.41645383834838867,-0.7413612008094788,0.5824319124221802
1612376905311,2021-02-03T18:28:50.042Z,14.629,0.40595579147338867,-0.7284217476844788,0.5983010530471802
1612376905350,2021-02-03T18:28:50.045Z,14.668,0.39716672897338867,-0.7230506539344788,0.6063576936721802
1612376905390,2021-02-03T18:28:50.073Z,14.708,0.42548704147338867,-0.7091346383094788,0.6078225374221802
1612376905429,2021-02-03T18:28:50.090Z,14.747,0.43720579147338867,-0.7269569039344788,0.5931740999221802
1612376905469,2021-02-03T18:28:50.104Z,14.787,0.41743040084838867,-0.7350135445594788,0.5834084749221802
1612376905509,2021-02-03T18:28:50.119Z,14.827,0.42280149459838867,-0.7237830758094788,0.5814553499221802
1612376905548,2021-02-03T18:28:50.148Z,14.866,0.43744993209838867,-0.7337928414344788,0.5814553499221802
1612376905588,2021-02-03T18:28:50.150Z,14.906,0.42963743209838867,-0.7303748726844788,0.5782815217971802
1612376905627,2021-02-03T18:28:50.164Z,14.945,0.43989133834838867,-0.7186561226844788,0.5939065217971802
1612376905665,2021-02-03T18:28:50.179Z,14.983,0.43085813522338867,-0.7210975289344788,0.5868264436721802
1612376905705,2021-02-03T18:28:50.194Z,15.023,0.40375852584838867,-0.7337928414344788,0.5858498811721802
1612376905744,2021-02-03T18:28:50.209Z,15.062,0.43085813522338867,-0.7189002633094788,0.5902444124221802
1612376905784,2021-02-03T18:28:50.223Z,15.102,0.44941282272338867,-0.7318397164344788,0.5770608186721802
1612376905823,2021-02-03T18:28:50.238Z,15.141,0.44330930709838867,-0.7130408883094788,0.5826760530471802
1612376905863,2021-02-03T18:28:50.253Z,15.181,0.44428586959838867,-0.7367225289344788,0.5672951936721802
1612376905903,2021-02-03T18:28:50.255Z,15.221,0.42475461959838867,-0.7306190133094788,0.5675393342971802
1612376905942,2021-02-03T18:28:50.284Z,15.26,0.44599485397338867,-0.7149940133094788,0.5934182405471802
1612376905982,2021-02-03T18:28:50.315Z,15.3,0.46552610397338867,-0.7005897164344788,0.5902444124221802
1612376906021,2021-02-03T18:28:50.329Z,15.339,0.44965696334838867,-0.7145057320594788,0.5882912874221802
1612376906059,2021-02-03T18:28:50.358Z,15.377,0.46821165084838867,-0.6954627633094788,0.5934182405471802
1612376906099,2021-02-03T18:28:50.373Z,15.417,0.46869993209838867,-0.7059608101844788,0.5904885530471802
1612376906138,2021-02-03T18:28:50.388Z,15.456,0.46235227584838867,-0.7074256539344788,0.5909768342971802
1612376906178,2021-02-03T18:28:50.418Z,15.496,0.44233274459838867,-0.7130408883094788,0.6002541780471802
1612376906218,2021-02-03T18:28:50.433Z,15.536,0.43012571334838867,-0.7286658883094788,0.5919533967971802
1612376906257,2021-02-03T18:28:50.448Z,15.575,0.43671751022338867,-0.7086463570594788,0.5897561311721802
1612376906297,2021-02-03T18:28:50.463Z,15.615,0.42841672897338867,-0.7357459664344788,0.5782815217971802
1612376906336,2021-02-03T18:28:50.478Z,15.654,0.41205930709838867,-0.7403846383094788,0.5792580842971802
1612376906376,2021-02-03T18:28:50.492Z,15.694,0.41132688522338867,-0.7196326851844788,0.5780373811721802
1612376906415,2021-02-03T18:28:50.495Z,15.733,0.41523313522338867,-0.7479529976844788,0.5865823030471802
1612376906455,2021-02-03T18:28:50.523Z,15.773,0.41181516647338867,-0.7357459664344788,0.5738869905471802
1612376906493,2021-02-03T18:28:50.553Z,15.811,0.38373899459838867,-0.7716346383094788,0.5653420686721802
1612376906532,2021-02-03T18:28:50.568Z,15.85,0.35273313522338867,-0.8253455758094788,0.6197854280471802
1612376906572,2021-02-03T18:28:50.570Z,15.89,0.5426745414733887,-0.7606483101844788,0.6578713655471802
1612376906612,2021-02-03T18:28:50.599Z,15.93,0.44501829147338867,-0.8001990914344788,0.7723733186721802
1612376906651,2021-02-03T18:28:50.613Z,15.969,0.27265501022338867,-0.6971717476844788,0.5524026155471802
1612376906691,2021-02-03T18:28:50.643Z,16.009,0.25605344772338867,-0.6554237008094788,0.5262795686721802
1612376906730,2021-02-03T18:28:50.658Z,16.048,0.19648312032222748,-0.6703162789344788,0.6383401155471802
1612376906770,2021-02-03T18:28:50.674Z,16.088,0.14350460469722748,-0.7228065133094788,0.6156350374221802
1612376906809,2021-02-03T18:28:50.689Z,16.127,0.21918819844722748,-0.8063026070594788,0.7352639436721802
1612376906849,2021-02-03T18:28:50.704Z,16.167,0.14765499532222748,-0.7694373726844788,0.6456643342971802
1612376906888,2021-02-03T18:28:50.718Z,16.206,0.08491085469722748,-0.7735877633094788,0.6991311311721802
1612376906926,2021-02-03T18:28:50.733Z,16.244,0.10615108907222748,-0.7210975289344788,0.6593362092971802
1612376906966,2021-02-03T18:28:50.748Z,16.284,0.17621944844722748,-0.7704139351844788,0.6117287874221802
1612376907006,2021-02-03T18:28:50.763Z,16.324,0.21332882344722748,-0.8817420601844788,0.7179299592971802
1612376907045,2021-02-03T18:28:50.778Z,16.363,0.13788937032222748,-0.7293983101844788,0.6444436311721802
1612376907085,2021-02-03T18:28:50.793Z,16.403,0.22797726094722748,-0.7220740914344788,0.6659280061721802
1612376907124,2021-02-03T18:28:50.808Z,16.442,0.10810421407222748,-0.8087440133094788,0.6544533967971802
1612376907164,2021-02-03T18:28:50.838Z,16.482,0.28046751022338867,-0.7831092476844788,0.6476174592971802
1612376907203,2021-02-03T18:28:50.840Z,16.521,0.22870968282222748,-0.7723670601844788,0.5626565217971802
1612376907243,2021-02-03T18:28:50.870Z,16.561,0.31171751022338867,-0.7948279976844788,0.6573830842971802
1612376907282,2021-02-03T18:28:50.884Z,16.6,0.33832883834838867,-0.7757850289344788,0.6070901155471802
1612376907322,2021-02-03T18:28:50.914Z,16.64,0.33564329147338867,-0.7804237008094788,0.5890237092971802
1612376907360,2021-02-03T18:28:50.928Z,16.678,0.32880735397338867,-0.7618690133094788,0.6315041780471802
1612376907400,2021-02-03T18:28:50.944Z,16.718,0.33515501022338867,-0.7259803414344788,0.6703225374221802
1612376907439,2021-02-03T18:28:50.958Z,16.757,0.31879758834838867,-0.7035194039344788,0.6612893342971802
1612376907479,2021-02-03T18:28:50.973Z,16.797,0.35444211959838867,-0.6859412789344788,0.6908303499221802
1612376907518,2021-02-03T18:28:50.988Z,16.836,0.37446165084838867,-0.6959510445594788,0.6703225374221802
1612376907558,2021-02-03T18:28:51.004Z,16.876,0.32343626022338867,-0.7022987008094788,0.6715432405471802
1612376907597,2021-02-03T18:28:51.018Z,16.915,0.34833860397338867,-0.7015662789344788,0.6578713655471802
1612376907637,2021-02-03T18:28:51.033Z,16.955,0.35151243209838867,-0.7044959664344788,0.6698342561721802
1612376907676,2021-02-03T18:28:51.048Z,16.994,0.31147336959838867,-0.7030311226844788,0.6942483186721802
1612376907716,2021-02-03T18:28:51.063Z,17.034,0.32416868209838867,-0.7005897164344788,0.6737405061721802
1612376907754,2021-02-03T18:28:51.078Z,17.072,0.32343626022338867,-0.7181678414344788,0.6654397249221802
1612376907794,2021-02-03T18:28:51.108Z,17.112,0.34516477584838867,-0.7208533883094788,0.6737405061721802
1612376907833,2021-02-03T18:28:51.123Z,17.151,0.30463743209838867,-0.7293983101844788,0.6698342561721802
1612376907873,2021-02-03T18:28:51.138Z,17.191,0.30707883834838867,-0.7430701851844788,0.6542092561721802
1612376907912,2021-02-03T18:28:51.152Z,17.23,0.25727415084838867,-0.7647987008094788,0.6283303499221802
1612376907952,2021-02-03T18:28:51.155Z,17.27,0.28290891647338867,-0.7709022164344788,0.6178323030471802
1612376907991,2021-02-03T18:28:51.169Z,17.309,0.23676632344722748,-0.7621131539344788,0.6283303499221802
1612376908031,2021-02-03T18:28:51.200Z,17.349,0.27094602584838867,-0.7814002633094788,0.6127053499221802
1612376908071,2021-02-03T18:28:51.214Z,17.389,0.20527218282222748,-0.7970252633094788,0.5860940217971802
1612376908110,2021-02-03T18:28:51.229Z,17.428,0.27216672897338867,-0.8128944039344788,0.6007424592971802
1612376908150,2021-02-03T18:28:51.244Z,17.468,0.16425655782222748,-0.8255897164344788,0.5441018342971802
1612376908188,2021-02-03T18:28:51.260Z,17.506,0.15449093282222748,-0.8224158883094788,0.5878030061721802
1612376908227,2021-02-03T18:28:51.274Z,17.545,0.14448116719722748,-0.8524451851844788,0.5318948030471802
1612376908267,2021-02-03T18:28:51.288Z,17.585,0.14570187032222748,-0.8871131539344788,0.5040627717971802
1612376908306,2021-02-03T18:28:51.305Z,17.624,0.10786007344722748,-0.8956580758094788,0.4957619607448578
1612376908346,2021-02-03T18:28:51.333Z,17.664,0.17670772969722748,-0.9164100289344788,0.5194436311721802
1612376908385,2021-02-03T18:28:51.364Z,17.703,-0.007130158133804798,-0.8890662789344788,0.4039650857448578
1612376908425,2021-02-03T18:28:51.393Z,17.743,0.09687374532222748,-0.9120154976844788,0.5108987092971802
1612376908465,2021-02-03T18:28:51.423Z,17.783,0.056346405297517776,-0.8937049508094788,0.4640236794948578
1612376908504,2021-02-03T18:28:51.425Z,17.822,0.10786007344722748,-0.9129920601844788,0.4916115701198578
1612376908544,2021-02-03T18:28:51.468Z,17.862,0.052196014672517776,-0.9088416695594788,0.4789162576198578
1612376908583,2021-02-03T18:28:51.483Z,17.901,0.08857296407222748,-0.9073768258094788,0.4757424294948578
1612376908621,2021-02-03T18:28:51.498Z,17.939,0.08686397969722748,-0.9081092476844788,0.4918557107448578
1612376908661,2021-02-03T18:28:51.512Z,17.979,0.08271358907222748,-0.9046912789344788,0.4703713357448578
1612376908700,2021-02-03T18:28:51.528Z,18.018,0.10444210469722748,-0.9020057320594788,0.5069924592971802
1612376908740,2021-02-03T18:28:51.543Z,18.058,0.08930538594722748,-0.9103065133094788,0.4667092263698578
1612376908780,2021-02-03T18:28:51.558Z,18.098,0.10834835469722748,-0.9049354195594788,0.5099221467971802
1612376908819,2021-02-03T18:28:51.573Z,18.137,0.10346554219722748,-0.9068885445594788,0.4754982888698578
1612376908859,2021-02-03T18:28:51.588Z,18.177,0.10786007344722748,-0.8980994820594788,0.4955178201198578
1612376908898,2021-02-03T18:28:51.590Z,18.216,0.09125851094722748,-0.9044471383094788,0.4816018044948578
1612376908938,2021-02-03T18:28:51.604Z,18.256,0.10786007344722748,-0.9005408883094788,0.4982033669948578
1612376908977,2021-02-03T18:28:51.618Z,18.295,0.10517452657222748,-0.8998084664344788,0.4911232888698578
1612376909017,2021-02-03T18:28:51.633Z,18.335,0.10810421407222748,-0.9017615914344788,0.4952736794948578
1612376909055,2021-02-03T18:28:51.648Z,18.373,0.10834835469722748,-0.8959022164344788,0.4920998513698578
1612376909094,2021-02-03T18:28:51.650Z,18.412,0.10273312032222748,-0.9017615914344788,0.4881936013698578
1612376909134,2021-02-03T18:28:51.664Z,18.452,0.11786983907222748,-0.8976112008094788,0.5011330842971802
1612376909174,2021-02-03T18:28:51.679Z,18.492,0.10346554219722748,-0.8959022164344788,0.4952736794948578
1612376909213,2021-02-03T18:28:51.693Z,18.531,0.10712765157222748,-0.9002967476844788,0.4894143044948578
1612376909253,2021-02-03T18:28:51.707Z,18.571,0.11738155782222748,-0.8990760445594788,0.4996682107448578
1612376909292,2021-02-03T18:28:51.710Z,18.61,0.10419796407222748,-0.8968787789344788,0.4884377419948578
1612376909332,2021-02-03T18:28:51.737Z,18.65,0.12202022969722748,-0.8973670601844788,0.5038186311721802
1612376909371,2021-02-03T18:28:51.753Z,18.689,0.10663937032222748,-0.8980994820594788,0.4908791482448578
1612376909411,2021-02-03T18:28:51.768Z,18.729,0.11445187032222748,-0.8980994820594788,0.4957619607448578
1612376909449,2021-02-03T18:28:51.770Z,18.767,0.10810421407222748,-0.8983436226844788,0.4923439919948578
1612376909488,2021-02-03T18:28:51.785Z,18.806,0.11518429219722748,-0.8944373726844788,0.4984475076198578
1612376909528,2021-02-03T18:28:51.813Z,18.846,0.11445187032222748,-0.8973670601844788,0.4935646951198578
1612376909568,2021-02-03T18:28:51.815Z,18.886,0.12104366719722748,-0.8949256539344788,0.5035744905471802
1612376909607,2021-02-03T18:28:51.829Z,18.925,0.10468624532222748,-0.8973670601844788,0.4886818826198578
1612376909647,2021-02-03T18:28:51.844Z,18.965,0.11982296407222748,-0.8919959664344788,0.5104104280471802
1612376909686,2021-02-03T18:28:51.858Z,19.004,0.11494015157222748,-0.8973670601844788,0.4935646951198578
1612376909726,2021-02-03T18:28:51.873Z,19.044,0.11274288594722748,-0.8927283883094788,0.5001565217971802
1612376909765,2021-02-03T18:28:51.875Z,19.083,0.11542843282222748,-0.8993201851844788,0.5001565217971802
1612376909805,2021-02-03T18:28:51.890Z,19.123,0.12446163594722748,-0.8939490914344788,0.5018655061721802
1612376909844,2021-02-03T18:28:51.904Z,19.162,0.11664913594722748,-0.8966346383094788,0.4977150857448578
1612376909883,2021-02-03T18:28:51.918Z,19.201,0.11542843282222748,-0.8946815133094788,0.5016213655471802
1612376909922,2021-02-03T18:28:51.932Z,19.24,0.11884640157222748,-0.8932166695594788,0.5028420686721802
1612376909962,2021-02-03T18:28:51.947Z,19.28,0.11811397969722748,-0.8949256539344788,0.4960061013698578
1612376910001,2021-02-03T18:28:51.950Z,19.319,0.11786983907222748,-0.8939490914344788,0.4989357888698578
1612376910041,2021-02-03T18:28:51.964Z,19.359,0.12153194844722748,-0.8971229195594788,0.4999123513698578
1612376910080,2021-02-03T18:28:51.978Z,19.398,0.12665890157222748,-0.8910194039344788,0.5050393342971802
1612376910120,2021-02-03T18:28:51.993Z,19.438,0.12006710469722748,-0.8885779976844788,0.5008889436721802
1612376910159,2021-02-03T18:28:52.008Z,19.477,0.13007687032222748,-0.8946815133094788,0.5035744905471802
1612376910199,2021-02-03T18:28:52.023Z,19.517,0.12128780782222748,-0.8949256539344788,0.5033303499221802
1612376910238,2021-02-03T18:28:52.025Z,19.556,0.12494991719722748,-0.8966346383094788,0.5025979280471802
1612376910278,2021-02-03T18:28:52.053Z,19.596,0.12006710469722748,-0.8937049508094788,0.5006448030471802
1612376910316,2021-02-03T18:28:52.055Z,19.634,0.12665890157222748,-0.8895545601844788,0.5033303499221802
1612376910356,2021-02-03T18:28:52.069Z,19.674,0.12617062032222748,-0.8927283883094788,0.4999123513698578
1612376910395,2021-02-03T18:28:52.083Z,19.713,0.12250851094722748,-0.8932166695594788,0.5045510530471802
1612376910435,2021-02-03T18:28:52.098Z,19.753,0.12641476094722748,-0.8929725289344788,0.5004006624221802
1612376910474,2021-02-03T18:28:52.113Z,19.792,0.13007687032222748,-0.8912635445594788,0.5057717561721802
1612376910514,2021-02-03T18:28:52.115Z,19.832,0.12739132344722748,-0.8915076851844788,0.5050393342971802
1612376910553,2021-02-03T18:28:52.129Z,19.871,0.12787960469722748,-0.8878455758094788,0.5055276155471802
1612376910593,2021-02-03T18:28:52.144Z,19.911,0.13105343282222748,-0.8895545601844788,0.5030862092971802
1612376910633,2021-02-03T18:28:52.159Z,19.951,0.12812374532222748,-0.8885779976844788,0.5087014436721802
1612376910672,2021-02-03T18:28:52.172Z,19.99,0.13202999532222748,-0.8897987008094788,0.5072365999221802
1612376910712,2021-02-03T18:28:52.189Z,20.03,0.12592647969722748,-0.8897987008094788,0.5013772249221802
1612376910750,2021-02-03T18:28:52.203Z,20.068,0.13129757344722748,-0.8873572945594788,0.5067483186721802
1612376910789,2021-02-03T18:28:52.218Z,20.107,0.12763546407222748,-0.8905311226844788,0.5008889436721802
1612376910830,2021-02-03T18:28:52.219Z,20.148,0.13032101094722748,-0.8876014351844788,0.4989357888698578
1612376910868,2021-02-03T18:28:52.234Z,20.186,0.13520382344722748,-0.8910194039344788,0.5030862092971802
1612376910908,2021-02-03T18:28:52.248Z,20.226,0.13837765157222748,-0.8902869820594788,0.5113869905471802
1612376910947,2021-02-03T18:28:52.264Z,20.265,0.13178585469722748,-0.8927283883094788,0.5025979280471802
1612376910987,2021-02-03T18:28:52.278Z,20.305,0.13764522969722748,-0.8902869820594788,0.5047951936721802
1612376911027,2021-02-03T18:28:52.295Z,20.345,0.13251827657222748,-0.8878455758094788,0.5050393342971802
1612376911066,2021-02-03T18:28:52.309Z,20.384,0.13495968282222748,-0.8895545601844788,0.5077248811721802
1612376911106,2021-02-03T18:28:52.323Z,20.424,0.14057491719722748,-0.8885779976844788,0.5072365999221802
1612376911145,2021-02-03T18:28:52.338Z,20.463,0.13740108907222748,-0.8888221383094788,0.5060158967971802
1612376911183,2021-02-03T18:28:52.352Z,20.501,0.14203976094722748,-0.8878455758094788,0.5118752717971802
1612376911223,2021-02-03T18:28:52.367Z,20.541,0.13691280782222748,-0.8885779976844788,0.5062600374221802
1612376911262,2021-02-03T18:28:52.370Z,20.58,0.13178585469722748,-0.8893104195594788,0.5047951936721802
1612376911302,2021-02-03T18:28:52.384Z,20.62,0.13911007344722748,-0.8871131539344788,0.5140725374221802
1612376911342,2021-02-03T18:28:52.399Z,20.66,0.12836788594722748,-0.8890662789344788,0.4952736794948578
1612376911381,2021-02-03T18:28:52.413Z,20.699,0.13984249532222748,-0.8817420601844788,0.5145608186721802
1612376911421,2021-02-03T18:28:52.427Z,20.739,0.12592647969722748,-0.8807654976844788,0.5043069124221802
1612376911460,2021-02-03T18:28:52.430Z,20.778,0.11713741719722748,-0.8661170601844788,0.5123635530471802
1612376911500,2021-02-03T18:28:52.474Z,20.818,0.17646358907222748,-0.8749061226844788,0.5323830842971802
1612376911539,2021-02-03T18:28:52.488Z,20.857,0.16913937032222748,-0.8509803414344788,0.5216408967971802
1612376911579,2021-02-03T18:28:52.503Z,20.897,0.15351437032222748,-0.8702674508094788,0.5318948030471802
1612376911617,2021-02-03T18:28:52.518Z,20.935,0.22260616719722748,-0.8414588570594788,0.5299416780471802
1612376911656,2021-02-03T18:28:52.520Z,20.974,0.20893429219722748,-0.8551307320594788,0.5519143342971802
1612376911696,2021-02-03T18:28:52.534Z,21.014,0.27875852584838867,-0.8204627633094788,0.5409280061721802
1612376911736,2021-02-03T18:28:52.549Z,21.054,0.22309444844722748,-0.8260779976844788,0.5821877717971802
1612376911775,2021-02-03T18:28:52.563Z,21.093,0.21650265157222748,-0.7967811226844788,0.5751076936721802
1612376911815,2021-02-03T18:28:52.578Z,21.133,0.29633665084838867,-0.8036170601844788,0.5924416780471802
1612376911854,2021-02-03T18:28:52.592Z,21.172,0.28828001022338867,-0.7843299508094788,0.6107522249221802
1612376911894,2021-02-03T18:28:52.609Z,21.212,0.30781126022338867,-0.7652869820594788,0.6246682405471802
1612376911933,2021-02-03T18:28:52.623Z,21.251,0.32685422897338867,-0.7665076851844788,0.6498147249221802
1612376911973,2021-02-03T18:28:52.638Z,21.291,0.25727415084838867,-0.6935096383094788,0.6629983186721802
1612376912011,2021-02-03T18:28:52.640Z,21.329,0.27558469772338867,-0.7550330758094788,0.6459084749221802
1612376912051,2021-02-03T18:28:52.655Z,21.369,0.27997922897338867,-0.7191444039344788,0.6844826936721802
1612376912090,2021-02-03T18:28:52.669Z,21.408,0.32319211959838867,-0.7127967476844788,0.6625100374221802
1612376912130,2021-02-03T18:28:52.683Z,21.448,0.29536008834838867,-0.6881385445594788,0.6957131624221802
1612376912169,2021-02-03T18:28:52.698Z,21.487,0.33808469772338867,-0.7142615914344788,0.6637307405471802
1612376912209,2021-02-03T18:28:52.713Z,21.527,0.31415891647338867,-0.7125526070594788,0.6893655061721802
1612376912248,2021-02-03T18:28:52.715Z,21.566,0.29755735397338867,-0.7074256539344788,0.6813088655471802
1612376912288,2021-02-03T18:28:52.729Z,21.606,0.31904172897338867,-0.6993690133094788,0.6717873811721802
1612376912327,2021-02-03T18:28:52.743Z,21.645,0.30732297897338867,-0.6832557320594788,0.7042580842971802
1612376912367,2021-02-03T18:28:52.758Z,21.685,0.41376829147338867,-0.6986365914344788,0.6627541780471802
1612376912406,2021-02-03T18:28:52.772Z,21.724,0.27827024459838867,-0.7135291695594788,0.6888772249221802
1612376912445,2021-02-03T18:28:52.775Z,21.763,0.33124876022338867,-0.7174354195594788,0.6678811311721802
1612376912484,2021-02-03T18:28:52.789Z,21.802,0.32612180709838867,-0.7423377633094788,0.6317483186721802
1612376912524,2021-02-03T18:28:52.804Z,21.842,0.29780149459838867,-0.7496619820594788,0.6358987092971802
1612376912563,2021-02-03T18:28:52.818Z,21.881,0.26435422897338867,-0.7591834664344788,0.6478615999221802
1612376912603,2021-02-03T18:28:52.833Z,21.921,0.26972532272338867,-0.7501502633094788,0.6383401155471802
1612376912642,2021-02-03T18:28:52.848Z,21.96,0.26313352584838867,-0.7462440133094788,0.6532326936721802
1612376912682,2021-02-03T18:28:52.863Z,22,0.27411985397338867,-0.7330604195594788,0.6527444124221802
1612376912721,2021-02-03T18:28:52.878Z,22.039,0.29365110397338867,-0.7396522164344788,0.6634865999221802
1612376912761,2021-02-03T18:28:52.880Z,22.079,0.26264524459838867,-0.7379432320594788,0.6651955842971802
1612376912801,2021-02-03T18:28:52.894Z,22.119,0.26679563522338867,-0.7303748726844788,0.6695901155471802
1612376912840,2021-02-03T18:28:52.909Z,22.158,0.27631711959838867,-0.7323279976844788,0.6671487092971802
1612376912878,2021-02-03T18:28:52.924Z,22.196,0.28071165084838867,-0.7406287789344788,0.6581155061721802
1612376912918,2021-02-03T18:28:52.938Z,22.236,0.28730344772338867,-0.7396522164344788,0.6525002717971802
1612376912957,2021-02-03T18:28:52.953Z,22.275,0.27924680709838867,-0.7462440133094788,0.6488381624221802
1612376912997,2021-02-03T18:28:52.968Z,22.315,0.27827024459838867,-0.7572303414344788,0.6356545686721802
1612376913036,2021-02-03T18:28:52.983Z,22.354,0.27534055709838867,-0.7555213570594788,0.6451760530471802
1612376913076,2021-02-03T18:28:52.985Z,22.394,0.26630735397338867,-0.7579627633094788,0.6371194124221802
1612376913115,2021-02-03T18:28:52.999Z,22.433,0.27485227584838867,-0.7650428414344788,0.6358987092971802
1612376913155,2021-02-03T18:28:53.014Z,22.473,0.27192258834838867,-0.7674842476844788,0.6275979280471802
1612376913195,2021-02-03T18:28:53.028Z,22.513,0.27973508834838867,-0.7660194039344788,0.6293069124221802
1612376913234,2021-02-03T18:28:53.043Z,22.552,0.27924680709838867,-0.7638221383094788,0.6285744905471802
1612376913274,2021-02-03T18:28:53.045Z,22.592,0.27973508834838867,-0.7640662789344788,0.6341897249221802
1612376913312,2021-02-03T18:28:53.073Z,22.63,0.27241086959838867,-0.7652869820594788,0.6300393342971802
1612376913351,2021-02-03T18:28:53.075Z,22.669,0.28266477584838867,-0.7662635445594788,0.6317483186721802
1612376913391,2021-02-03T18:28:53.089Z,22.709,0.27900266647338867,-0.7657752633094788,0.6266213655471802
1612376913430,2021-02-03T18:28:53.103Z,22.748,0.27802610397338867,-0.7689490914344788,0.6241799592971802
1612376913470,2021-02-03T18:28:53.118Z,22.788,0.28242063522338867,-0.7701697945594788,0.6254006624221802
1612376913509,2021-02-03T18:28:53.133Z,22.827,0.27875852584838867,-0.7662635445594788,0.6290627717971802
1612376913549,2021-02-03T18:28:53.148Z,22.867,0.28022336959838867,-0.7679725289344788,0.6263772249221802
1612376913589,2021-02-03T18:28:53.163Z,22.907,0.27827024459838867,-0.7694373726844788,0.6173440217971802
1612376913628,2021-02-03T18:28:53.165Z,22.946,0.27851438522338867,-0.7718787789344788,0.6222268342971802
1612376913668,2021-02-03T18:28:53.179Z,22.986,0.28315305709838867,-0.7738319039344788,0.6146584749221802
1612376913707,2021-02-03T18:28:53.193Z,23.025,0.28315305709838867,-0.7691932320594788,0.6178323030471802
1612376913745,2021-02-03T18:28:53.208Z,23.063,0.27485227584838867,-0.7694373726844788,0.6236916780471802
1612376913785,2021-02-03T18:28:53.223Z,23.103,0.29218626022338867,-0.7701697945594788,0.6168557405471802
1612376913824,2021-02-03T18:28:53.225Z,23.142,0.29902219772338867,-0.7696815133094788,0.6048928499221802
1612376913864,2021-02-03T18:28:53.239Z,23.182,0.27607297897338867,-0.7623572945594788,0.6007424592971802
1612376913904,2021-02-03T18:28:53.254Z,23.222,0.30097532272338867,-0.7557654976844788,0.6319924592971802
1612376913943,2021-02-03T18:28:53.268Z,23.261,0.33466672897338867,-0.7684608101844788,0.6024514436721802
1612376913983,2021-02-03T18:28:53.283Z,23.301,0.33173704147338867,-0.7672401070594788,0.6124612092971802
1612376914022,2021-02-03T18:28:53.285Z,23.34,0.31220579147338867,-0.7477088570594788,0.6380959749221802
1612376914062,2021-02-03T18:28:53.300Z,23.38,0.35810422897338867,-0.7416053414344788,0.6356545686721802
