epoch (ms),time (-07:00),elapsed (s),W-Axis,X-Axis (i),Y-Axis (j),Z-Axis (k)
1613783648871,2021-02-20T01:15:07.826Z,39.416,0.8784042571006753,-0.2212358146060437,-0.30504136458451514,-0.29395652966965696
1613783648911,2021-02-20T01:15:07.840Z,39.455999999999996,0.8783358929580833,-0.2213521580220133,-0.3052163059858984,-0.293891626013479
1613783648951,2021-02-20T01:15:07.855Z,39.496,0.8783185695149359,-0.22142817417020635,-0.3051910482754318,-0.2939123647984692
1613783648990,2021-02-20T01:15:07.870Z,39.535,0.8782325465697766,-0.22176947603931765,-0.3050883425175669,-0.2940187016206547
1613783649030,2021-02-20T01:15:07.872Z,39.575,0.8781636965556343,-0.22207822702094174,-0.3049819407253555,-0.294101681338911
1613783649069,2021-02-20T01:15:07.886Z,39.614000000000004,0.8781695851659024,-0.2220982408754678,-0.30496044020988033,-0.2940912800416996
1613783649109,2021-02-20T01:15:07.931Z,39.654,0.8781803464228871,-0.22214080516104234,-0.3049192523487711,-0.29406970497834123
1613783649147,2021-02-20T01:15:07.945Z,39.692,0.8781862775643209,-0.22215268810274413,-0.3049002639630592,-0.2940627043705191
1613783649186,2021-02-20T01:15:07.960Z,39.731,0.8781873678971424,-0.22215342323533366,-0.30489721883856064,-0.29406205017856785
1613783649226,2021-02-20T01:15:07.962Z,39.771,0.8781798101955456,-0.22222084255091676,-0.3048585224346649,-0.2940737992406484
1613783649265,2021-02-20T01:15:07.977Z,39.81,0.8780804012024124,-0.22262918783402208,-0.3047225633483555,-0.2942026735687181
1613783649305,2021-02-20T01:15:07.991Z,39.85,0.8780251151019571,-0.22285493667066208,-0.3046553578387332,-0.29426635450194394
1613783649345,2021-02-20T01:15:08.006Z,39.89,0.8780380347636006,-0.22339799362193594,-0.3039271597830441,-0.2945688841347288
1613783649384,2021-02-20T01:15:08.020Z,39.929,0.8780550679051876,-0.22357077584093787,-0.3036523870823352,-0.2946703815029548
1613783649424,2021-02-20T01:15:08.035Z,39.969,0.8780796114704137,-0.22389132906423195,-0.3032610063631191,-0.29475690103786817
1613783649463,2021-02-20T01:15:08.049Z,40.008,0.8781401646197919,-0.22381768096360555,-0.3032267597431991,-0.2946676588043537
1613783649503,2021-02-20T01:15:08.052Z,40.048,0.8781864454577905,-0.22369474998739067,-0.3032412138060063,-0.2946082009920127
1613783649541,2021-02-20T01:15:08.066Z,40.086,0.8783153689419108,-0.22328004166206772,-0.3033234184708039,-0.2944537985542146
1613783649580,2021-02-20T01:15:08.081Z,40.125,0.8783056793496321,-0.22323736275120246,-0.3033244797566898,-0.2945139614252655
1613783649620,2021-02-20T01:15:08.095Z,40.165,0.8782771117586001,-0.2231847661609428,-0.303336330204628,-0.29462679086031124
1613783649659,2021-02-20T01:15:08.110Z,40.204,0.8778863733688924,-0.2235660457589278,-0.3036604980801053,-0.2951678175930991
1613783649699,2021-02-20T01:15:08.112Z,40.244,0.8773612662696805,-0.22452719631823292,-0.3040263058582439,-0.29562265121151643
1613783649739,2021-02-20T01:15:08.127Z,40.284,0.8768847526008917,-0.2255238560566965,-0.3044346645254497,-0.29585749279115503
1613783649778,2021-02-20T01:15:08.141Z,40.323,0.8765701765488175,-0.22589388287870724,-0.30501202457008064,-0.29591273059943896
1613783649818,2021-02-20T01:15:08.155Z,40.363,0.8764098856351547,-0.2255975087798736,-0.30568499923739784,-0.2959191741582856
1613783649857,2021-02-20T01:15:08.169Z,40.402,0.8758596196000235,-0.2252538645964132,-0.30735841531798663,-0.29607672615674985
1613783649897,2021-02-20T01:15:08.184Z,40.442,0.8752399169877051,-0.22421457621512314,-0.31018820786636137,-0.2957468296105347
1613783649935,2021-02-20T01:15:08.187Z,40.48,0.8751792106035832,-0.2233190112705108,-0.3113745743336344,-0.29535714481115666
1613783649976,2021-02-20T01:15:08.201Z,40.521,0.8749691795226087,-0.22068365716056407,-0.31508506939243536,-0.2940222056133444
1613783650014,2021-02-20T01:15:08.215Z,40.559,0.8746760151415501,-0.21986084686664528,-0.3170293034059212,-0.293420342398302
1613783650054,2021-02-20T01:15:08.230Z,40.599000000000004,0.8745475328303274,-0.2197445243464339,-0.317656106234172,-0.2932124741757951
1613783650093,2021-02-20T01:15:08.245Z,40.638000000000005,0.8742856911698939,-0.2200207075213111,-0.3178424525442698,-0.2935840490184136
1613783650133,2021-02-20T01:15:08.247Z,40.678000000000004,0.8741683794797152,-0.22031077904863453,-0.3177082924048073,-0.293860929505802
1613783650172,2021-02-20T01:15:08.262Z,40.717,0.8739458694134085,-0.21994633917887169,-0.31770373225829274,-0.2947991922075183
1613783650212,2021-02-20T01:15:08.276Z,40.757,0.8740661857281774,-0.21940429716127868,-0.3177912575216917,-0.2947520551184369
1613783650251,2021-02-20T01:15:08.290Z,40.796,0.8741646979001284,-0.21909559913331025,-0.3178666012463984,-0.2946082537839973
1613783650291,2021-02-20T01:15:08.305Z,40.836,0.8746127232460741,-0.21788206501044266,-0.3184481052265697,-0.2935486235029543
1613783650330,2021-02-20T01:15:08.307Z,40.875,0.8748912724527793,-0.21663353226345627,-0.3193633098202328,-0.29264697235010056
1613783650368,2021-02-20T01:15:08.322Z,40.913000000000004,0.8749618275115358,-0.21552399080390314,-0.3204527691526181,-0.2920637473704177
1613783650408,2021-02-20T01:15:08.336Z,40.953,0.8749112933602192,-0.2150859704008685,-0.3211518292451669,-0.2917700407169116
1613783650448,2021-02-20T01:15:08.350Z,40.993,0.8746410363729864,-0.2150012263533236,-0.3227136444312573,-0.2909182597515165
1613783650487,2021-02-20T01:15:08.365Z,41.032,0.8744199684717096,-0.21519461112655355,-0.3244630518260592,-0.2894904593933038
1613783650527,2021-02-20T01:15:08.379Z,41.071999999999996,0.8742225211406691,-0.2139826419141985,-0.3277411649818803,-0.2872840776412649
1613783650566,2021-02-20T01:15:08.381Z,41.111000000000004,0.8741309211168057,-0.21291193689643154,-0.32917995497671,-0.2867127432048081
1613783650606,2021-02-20T01:15:08.395Z,41.151,0.8736648503520372,-0.21040084963119612,-0.3329930368900905,-0.2855815980005329
1613783650645,2021-02-20T01:15:08.410Z,41.19,0.8721324580842463,-0.2093113066430858,-0.3388291296715524,-0.2841981234162409
1613783650685,2021-02-20T01:15:08.425Z,41.23,0.8711058338206404,-0.20938417710236412,-0.3419853875592368,-0.2835117058584553
1613783650724,2021-02-20T01:15:08.427Z,41.269,0.870133970812812,-0.20972637285891726,-0.3446823206445818,-0.28297671140932473
1613783650763,2021-02-20T01:15:08.441Z,41.308,0.870133970812812,-0.20972637285891726,-0.3446823206445818,-0.28297671140932473
1613783650802,2021-02-20T01:15:08.485Z,41.347,0.8686681916319478,-0.2132006193283507,-0.34752938728654004,-0.2813972170031737
1613783650842,2021-02-20T01:15:08.500Z,41.387,0.8691868097201815,-0.21302914575952844,-0.34774066856531605,-0.279659257474459
1613783650881,2021-02-20T01:15:08.514Z,41.426,0.8695520584634375,-0.2124177190423712,-0.3481128840354483,-0.2785235182661551
1613783650921,2021-02-20T01:15:08.575Z,41.466,0.8709644780507642,-0.208585693106344,-0.35094779210697946,-0.2734017809384974
1613783650960,2021-02-20T01:15:08.577Z,41.505,0.8715227621591124,-0.20700964422382925,-0.35237995665187705,-0.2709676150149609
1613783651000,2021-02-20T01:15:08.591Z,41.545,0.8723152316617883,-0.20590457074648416,-0.3557887367685442,-0.2647334870113537
1613783651039,2021-02-20T01:15:08.605Z,41.583999999999996,0.8725400940410052,-0.205876470284378,-0.3566120484685241,-0.2629001904929755
1613783651079,2021-02-20T01:15:08.620Z,41.623999999999995,0.8738568478112536,-0.2053645723516915,-0.35692573058911364,-0.25846397195666115
1613783651118,2021-02-20T01:15:08.635Z,41.663000000000004,0.8747471325468217,-0.2054203765729099,-0.35546769397350303,-0.25741530943383506
1613783651157,2021-02-20T01:15:08.637Z,41.702,0.8747541145927241,-0.20579039820805048,-0.35468756262105017,-0.2581710361957944
1613783651196,2021-02-20T01:15:08.652Z,41.74100000000001,0.8745299359213532,-0.20596419338296995,-0.35346463682785795,-0.26045900394044136
1613783651236,2021-02-20T01:15:08.666Z,41.781000000000006,0.8744414874341478,-0.20475354119308564,-0.35249059593597937,-0.2630179693472377
1613783651275,2021-02-20T01:15:08.680Z,41.82,0.8743816415852609,-0.20462328322840004,-0.35193181521271705,-0.26406448882910466
1613783651315,2021-02-20T01:15:08.695Z,41.86,0.8743466777648109,-0.20445595217433712,-0.3516305251939868,-0.2647104539944047
1613783651354,2021-02-20T01:15:08.710Z,41.898999999999994,0.8748300544715454,-0.2035228093496679,-0.3500062266574569,-0.2659821106178775
1613783651394,2021-02-20T01:15:08.712Z,41.93899999999999,0.8751787743330405,-0.2032922380654567,-0.34928365009404083,-0.2659611074503904
1613783651433,2021-02-20T01:15:08.726Z,41.978,0.8757982078668485,-0.20396565522260585,-0.3478490339609222,-0.2652858084392805
1613783651473,2021-02-20T01:15:08.740Z,42.018,0.8758962964699716,-0.20413221675576845,-0.3475849229036402,-0.2651800092062639
1613783651513,2021-02-20T01:15:08.755Z,42.058,0.8759007447404011,-0.20410507737056616,-0.3474698954701915,-0.2653369075283352
1613783651552,2021-02-20T01:15:08.769Z,42.097,0.8755490918075393,-0.20483502341999169,-0.3472079426178593,-0.2662762580452829
1613783651590,2021-02-20T01:15:08.772Z,42.135,0.875441854664609,-0.2052813076742916,-0.3471117288547693,-0.2664105694456877
1613783651630,2021-02-20T01:15:08.786Z,42.175,0.8752053437952709,-0.2066921702840378,-0.3469145660729901,-0.2663535935215909
1613783651669,2021-02-20T01:15:08.801Z,42.214,0.8747674559157685,-0.21032462185930054,-0.34596627833917515,-0.2661818659535929
1613783651709,2021-02-20T01:15:08.815Z,42.254,0.8747433445138091,-0.2115729047813827,-0.34531502168177597,-0.26611749847027744
1613783651748,2021-02-20T01:15:08.830Z,42.293,0.8750780606702988,-0.21455500085348814,-0.3431668415278778,-0.26540734394143817
1613783651788,2021-02-20T01:15:08.832Z,42.333,0.87544371260048,-0.215305343531397,-0.34150919112952616,-0.2657317961576525
1613783651827,2021-02-20T01:15:08.847Z,42.372,0.8757378524104487,-0.21573390657951247,-0.3405622931051689,-0.26563023156716586
1613783651867,2021-02-20T01:15:08.861Z,42.412,0.8762514512085402,-0.21571836283004805,-0.3387639392961256,-0.2662479589131559
1613783651907,2021-02-20T01:15:08.875Z,42.452,0.8767322558315366,-0.21624347090166465,-0.3358375942259997,-0.2679410815486098
1613783651946,2021-02-20T01:15:08.890Z,42.49100000000001,0.8768720442980872,-0.216541020996985,-0.3347819548700131,-0.26856367373025203
1613783651986,2021-02-20T01:15:08.905Z,42.531000000000006,0.8776469408366558,-0.21619595260200306,-0.3319688097314396,-0.2697996788064491
1613783652024,2021-02-20T01:15:08.907Z,42.568999999999996,0.8780330752364263,-0.2158307538660176,-0.33109230325711586,-0.269912747384019
1613783652063,2021-02-20T01:15:08.921Z,42.608000000000004,0.8790721752984902,-0.21423297407441272,-0.32909614058898795,-0.2702444702202903
1613783652103,2021-02-20T01:15:08.935Z,42.648,0.8794291761056101,-0.21290327676891968,-0.3291681887427897,-0.2700459636340743
1613783652142,2021-02-20T01:15:08.950Z,42.687,0.8794327383587829,-0.21233551507593412,-0.329635601621519,-0.2699112037019394
1613783652182,2021-02-20T01:15:08.964Z,42.727,0.8794553705857959,-0.2111105876150973,-0.3303924423461337,-0.2698729422990848
1613783652222,2021-02-20T01:15:08.967Z,42.766999999999996,0.8792594040594237,-0.21177875736067164,-0.3302745662069496,-0.2701321328917541
1613783652261,2021-02-20T01:15:08.981Z,42.806000000000004,0.8791786595153412,-0.21210088922576165,-0.330186444031268,-0.27024990216545003
1613783652301,2021-02-20T01:15:08.996Z,42.846000000000004,0.8791634319187152,-0.2126130999132573,-0.32980431374691915,-0.2703635410999529
1613783652340,2021-02-20T01:15:09.040Z,42.885,0.879098989745515,-0.21254569071602988,-0.3300863394391507,-0.2702818974739565
1613783652380,2021-02-20T01:15:09.055Z,42.925,0.8790614464193663,-0.21268358341941526,-0.33017258603580896,-0.2701901741244383
1613783652418,2021-02-20T01:15:09.057Z,42.963,0.8790020029446642,-0.21329762860289828,-0.330042246324086,-0.27005872711875056
1613783652457,2021-02-20T01:15:09.072Z,43.001999999999995,0.8789171407540247,-0.213685309187966,-0.3300608720703573,-0.27000568337382885
1613783652497,2021-02-20T01:15:09.086Z,43.042,0.8788598446311935,-0.21422063300986105,-0.3299913327296932,-0.2698529492352641
1613783652536,2021-02-20T01:15:09.100Z,43.081,0.8788658773461261,-0.2142191659110275,-0.3300232462623669,-0.2697954327253461
1613783652576,2021-02-20T01:15:09.115Z,43.121,0.8788565802071103,-0.2140875419549257,-0.33020425360535144,-0.2697087071403028
1613783652616,2021-02-20T01:15:09.130Z,43.161,0.8786949791093394,-0.21412096324428426,-0.330689425268368,-0.2696142629814935
1613783652655,2021-02-20T01:15:09.145Z,43.2,0.8786765819029054,-0.21425904104193685,-0.33065961587624,-0.26960108711908715
1613783652695,2021-02-20T01:15:09.160Z,43.24,0.8786292544617176,-0.21472191611313865,-0.3306774810225918,-0.2693650598895519
1613783652734,2021-02-20T01:15:09.162Z,43.278999999999996,0.8785805303169159,-0.21518447920399514,-0.3306107561592317,-0.2692367351784923
1613783652774,2021-02-20T01:15:09.177Z,43.318999999999996,0.8785396712720366,-0.21557307805476325,-0.3306000065174924,-0.26907235032580096
1613783652812,2021-02-20T01:15:09.191Z,43.357,0.878507570282962,-0.2159160618391972,-0.3307899280521724,-0.2686684326351299
1613783652851,2021-02-20T01:15:09.205Z,43.396,0.8784646525726745,-0.21639471617689388,-0.3309976065654812,-0.2681674205398837
1613783652891,2021-02-20T01:15:09.220Z,43.43600000000001,0.8784475878455686,-0.21659523659862093,-0.33109212089584544,-0.2679446703552438
1613783652930,2021-02-20T01:15:09.235Z,43.475,0.878213529514385,-0.21756729534788988,-0.3309292872832169,-0.2681254844118937
1613783652970,2021-02-20T01:15:09.237Z,43.515,0.878213529514385,-0.21756729534788988,-0.3309292872832169,-0.2681254844118937
1613783653010,2021-02-20T01:15:09.251Z,43.555,0.8782756044590211,-0.21854186832613007,-0.3297962656738592,-0.26852530150479803
1613783653049,2021-02-20T01:15:09.265Z,43.593999999999994,0.8783899958059131,-0.21839145450999092,-0.32969546967635555,-0.2683972524821845
1613783653089,2021-02-20T01:15:09.280Z,43.63399999999999,0.878379939973364,-0.2183942664152952,-0.3297189743692108,-0.2683990003525172
1613783653128,2021-02-20T01:15:09.295Z,43.673,0.8783658399561408,-0.21838122695699244,-0.32975701552793396,-0.2684090192616702
1613783653168,2021-02-20T01:15:09.297Z,43.713,0.8783631373158327,-0.21837919553286675,-0.3297641510088564,-0.26841074991980834
1613783653207,2021-02-20T01:15:09.311Z,43.751999999999995,0.8783724077946797,-0.2184697555218824,-0.3296364508535405,-0.2684635718600703
1613783653245,2021-02-20T01:15:09.326Z,43.79,0.8783831633850351,-0.21912176643308726,-0.3291789133988321,-0.2684584003723977
1613783653285,2021-02-20T01:15:09.340Z,43.83,0.8784045291251443,-0.21923696215571548,-0.3291006826098153,-0.26839034696300096
1613783653325,2021-02-20T01:15:09.354Z,43.87,0.8783528558525769,-0.2193084536384315,-0.3292320138529719,-0.2683399780738212
1613783653364,2021-02-20T01:15:09.357Z,43.909,0.8780402187485925,-0.2196550239380484,-0.3299202257908737,-0.26823439252414666
1613783653404,2021-02-20T01:15:09.372Z,43.949,0.8779530489870275,-0.21964594677369084,-0.3302858953285772,-0.2680770956036175
1613783653443,2021-02-20T01:15:09.386Z,43.988,0.8778610736105033,-0.21968392581521426,-0.33052918084222904,-0.26804732565275696
1613783653483,2021-02-20T01:15:09.400Z,44.028,0.877865112599698,-0.2196763748262412,-0.3305841788385929,-0.2679724521758418
1613783653522,2021-02-20T01:15:09.414Z,44.067,0.8779159051489072,-0.2195655424011316,-0.3306943662457549,-0.2677608489118426
1613783653562,2021-02-20T01:15:09.429Z,44.107,0.8780617402739158,-0.21935008147241444,-0.3308048580861866,-0.2673224043954511
1613783653601,2021-02-20T01:15:09.432Z,44.146,0.8779844871513033,-0.2193851999683024,-0.3310605632959293,-0.267230757561163
1613783653639,2021-02-20T01:15:09.446Z,44.184,0.8779109670665098,-0.2194546998602269,-0.3312414840607639,-0.2671910325045093
1613783653679,2021-02-20T01:15:09.460Z,44.224,0.8778203766196166,-0.21954001030987647,-0.3315319899661505,-0.26705825187329074
1613783653719,2021-02-20T01:15:09.475Z,44.263999999999996,0.8778065956209252,-0.21956464402571485,-0.3315578283991935,-0.26705122019094624
1613783653758,2021-02-20T01:15:09.490Z,44.303000000000004,0.8778054065994557,-0.2195627808324196,-0.3315612773641343,-0.2670523783278527
1613783653798,2021-02-20T01:15:09.492Z,44.343,0.8777739423480271,-0.219728077284422,-0.3315124904767315,-0.2670804126955185
1613783653837,2021-02-20T01:15:09.507Z,44.382,0.8777403884662665,-0.21983040768645626,-0.3314954394282764,-0.2671276398086656
1613783653877,2021-02-20T01:15:09.521Z,44.422,0.8776761455421599,-0.21972716194822625,-0.3314544299320526,-0.26747433283747685
1613783653916,2021-02-20T01:15:09.536Z,44.461000000000006,0.8777174818454726,-0.21969516398808667,-0.3313504302880145,-0.2674938304541582
1613783653956,2021-02-20T01:15:09.550Z,44.501000000000005,0.8777173218328277,-0.21969287792810094,-0.33135151224138704,-0.2674948928066158
1613783653995,2021-02-20T01:15:09.596Z,44.54,0.8777199177541423,-0.21972387204637325,-0.3313360186490497,-0.267480109122917
1613783654034,2021-02-20T01:15:09.610Z,44.57899999999999,0.8777269363457002,-0.21975794284619704,-0.3313089697721555,-0.26746259237080544
1613783654073,2021-02-20T01:15:09.625Z,44.618,0.8777269363457002,-0.21975794284619704,-0.3313089697721555,-0.26746259237080544
1613783654113,2021-02-20T01:15:09.640Z,44.658,0.8777269363457002,-0.21975794284619704,-0.3313089697721555,-0.26746259237080544
1613783654152,2021-02-20T01:15:09.642Z,44.696999999999996,0.8777269363457002,-0.21975794284619704,-0.3313089697721555,-0.26746259237080544
1613783654192,2021-02-20T01:15:09.656Z,44.736999999999995,0.8777269363457002,-0.21975794284619704,-0.3313089697721555,-0.26746259237080544
1613783654231,2021-02-20T01:15:09.671Z,44.776,0.8777269363457002,-0.21975794284619704,-0.3313089697721555,-0.26746259237080544
1613783654271,2021-02-20T01:15:09.685Z,44.816,0.8777269363457002,-0.21975794284619704,-0.3313089697721555,-0.26746259237080544
1613783654310,2021-02-20T01:15:09.700Z,44.855,0.8777269363457002,-0.21975794284619704,-0.3313089697721555,-0.26746259237080544
1613783654350,2021-02-20T01:15:09.715Z,44.895,0.8777269363457002,-0.21975794284619704,-0.3313089697721555,-0.26746259237080544
1613783654389,2021-02-20T01:15:09.729Z,44.934,0.8777269363457002,-0.21975794284619704,-0.3313089697721555,-0.26746259237080544
1613783654429,2021-02-20T01:15:09.732Z,44.974,0.8777269363457002,-0.21975794284619704,-0.3313089697721555,-0.26746259237080544
1613783654467,2021-02-20T01:15:09.746Z,45.012,0.8777269363457002,-0.21975794284619704,-0.3313089697721555,-0.26746259237080544
1613783654507,2021-02-20T01:15:09.760Z,45.052,0.8777148127995977,-0.2198045588435228,-0.33129635482509395,-0.2674796975162353
1613783654546,2021-02-20T01:15:09.775Z,45.091,0.8777148127995977,-0.2198045588435228,-0.33129635482509395,-0.2674796975162353
1613783654586,2021-02-20T01:15:09.790Z,45.131,0.8777148127995977,-0.2198045588435228,-0.33129635482509395,-0.2674796975162353
1613783654625,2021-02-20T01:15:09.792Z,45.17,0.8776869301722293,-0.21991175837592555,-0.3312672992528459,-0.26751906021549604
1613783654665,2021-02-20T01:15:09.806Z,45.21,0.8776748092676863,-0.21995835407011205,-0.3312546635545673,-0.2675361648918669
1613783654704,2021-02-20T01:15:09.821Z,45.248999999999995,0.8776748092676863,-0.21995835407011205,-0.3312546635545673,-0.2675361648918669
1613783654744,2021-02-20T01:15:09.835Z,45.288999999999994,0.8776023386769687,-0.22017743364399966,-0.3312456657737852,-0.2676048238891429
1613783654784,2021-02-20T01:15:09.850Z,45.32899999999999,0.8775270461787493,-0.22046632094680732,-0.3311672820625003,-0.2677108810719405
1613783654823,2021-02-20T01:15:09.852Z,45.368,0.8774326316519465,-0.2210525420419508,-0.3309521307945388,-0.26780298297757144
1613783654861,2021-02-20T01:15:09.867Z,45.406000000000006,0.8773751788089983,-0.22148530765029512,-0.3307170566761934,-0.2679240237984792
1613783654901,2021-02-20T01:15:09.881Z,45.446000000000005,0.877322667217154,-0.22168563979053532,-0.3306626387154008,-0.26799745158379473
1613783654940,2021-02-20T01:15:09.895Z,45.485,0.8768595456540036,-0.2227165169481223,-0.33062014680380186,-0.2687098971035189
1613783654980,2021-02-20T01:15:09.897Z,45.525,0.8764115542183534,-0.22399580644354908,-0.3305780949790783,-0.2691594127060717
1613783655019,2021-02-20T01:15:09.912Z,45.56399999999999,0.8760693328066999,-0.22516981952297604,-0.3302322795542146,-0.26971784893113965
1613783655059,2021-02-20T01:15:09.926Z,45.604,0.8760562133750175,-0.2252594268594897,-0.3301492374075307,-0.2697872915042258
1613783655098,2021-02-20T01:15:09.940Z,45.643,0.8759890512446452,-0.2253506077937625,-0.3303698666496093,-0.26965911235559564
1613783655138,2021-02-20T01:15:09.955Z,45.683,0.8760579383287107,-0.2254100443263133,-0.3310685248776796,-0.2685264092102967
1613783655178,2021-02-20T01:15:09.970Z,45.723,0.8760344479602755,-0.22554552670671085,-0.3310627589323404,-0.2684963892078161
1613783655217,2021-02-20T01:15:09.972Z,45.762,0.8758468275866844,-0.22634545772648398,-0.3309763246831126,-0.26854187917750977
1613783655257,2021-02-20T01:15:09.986Z,45.802,0.8758833842420656,-0.2262827056529645,-0.3306988285203764,-0.2688172597626329
1613783655295,2021-02-20T01:15:10.000Z,45.84,0.8759585990969864,-0.22629631301576314,-0.33037879974465656,-0.268954196960741
1613783655334,2021-02-20T01:15:10.015Z,45.879,0.8761544030747238,-0.22613687487479794,-0.3299208583251842,-0.2690126447522645
1613783655374,2021-02-20T01:15:10.030Z,45.919,0.8763827133873517,-0.2257782992082649,-0.3295836466258836,-0.2689834923545138
1613783655413,2021-02-20T01:15:10.032Z,45.958,0.8764150583283106,-0.2259075932744323,-0.3293161223107562,-0.26909718768977264
1613783655453,2021-02-20T01:15:10.046Z,45.998000000000005,0.8766671655022731,-0.2261249954791621,-0.3282332299575904,-0.2694162469142618
1613783655493,2021-02-20T01:15:10.061Z,46.038000000000004,0.8768124740868315,-0.2259574660274002,-0.3277075584076552,-0.26972368267302577
1613783655532,2021-02-20T01:15:10.075Z,46.077,0.8768913099122306,-0.22590986087427606,-0.32750136306871697,-0.2697577108227119
1613783655572,2021-02-20T01:15:10.089Z,46.117,0.877077203353365,-0.22593611864739244,-0.3268321029595721,-0.2699430053241144
1613783655611,2021-02-20T01:15:10.092Z,46.156000000000006,0.8771901091539601,-0.2259106861496583,-0.32649653917187244,-0.2700034892267952
1613783655651,2021-02-20T01:15:10.107Z,46.196000000000005,0.8772036990841156,-0.22591418983173595,-0.32646244581358674,-0.26999763076594885
1613783655689,2021-02-20T01:15:10.151Z,46.233999999999995,0.8772078591583301,-0.22594638961205474,-0.3264422107324573,-0.2699816362352127
1613783655728,2021-02-20T01:15:10.165Z,46.273,0.8772073091931927,-0.2259541763501754,-0.32644104637913945,-0.2699783141788334
1613783655768,2021-02-20T01:15:10.180Z,46.313,0.8772360561044837,-0.22579211589791956,-0.3265663117035877,-0.2698689799308296
1613783655807,2021-02-20T01:15:10.195Z,46.352,0.8772287728938476,-0.2257424227624177,-0.3266469790092911,-0.2698365981045042
1613783655847,2021-02-20T01:15:10.197Z,46.391999999999996,0.8772275173441221,-0.22574314422792746,-0.3266497941038176,-0.2698366684872361
1613783655887,2021-02-20T01:15:10.211Z,46.431999999999995,0.8772200478308261,-0.22566359750800155,-0.32677927000178314,-0.2697707121622572
1613783655926,2021-02-20T01:15:10.240Z,46.471000000000004,0.8772117362944108,-0.2256420062795574,-0.3268343272411192,-0.2697491005477611
1613783655966,2021-02-20T01:15:10.256Z,46.511,0.8771998571477381,-0.2256590754182116,-0.3268577204267672,-0.26974510727500395
1613783656005,2021-02-20T01:15:10.270Z,46.55,0.8772857104108879,-0.22536785696320275,-0.3269327739581077,-0.2696183834027905
1613783656045,2021-02-20T01:15:10.285Z,46.59,0.8773711641534294,-0.22513849353519105,-0.3269076390657498,-0.26956241310913204
1613783656083,2021-02-20T01:15:10.287Z,46.628,0.8774425789056749,-0.22509207951839588,-0.3267119923401046,-0.2696059170763919
1613783656122,2021-02-20T01:15:10.302Z,46.667,0.8773719117675518,-0.2253285671410568,-0.3266748306852766,-0.269683370396203
1613783656162,2021-02-20T01:15:10.316Z,46.707,0.8773708837603331,-0.2253346600134721,-0.3266753855738854,-0.2696809518419463
1613783656201,2021-02-20T01:15:10.330Z,46.746,0.8774865447426355,-0.22527543096189426,-0.3263675436118452,-0.2697268441911809
1613783656241,2021-02-20T01:15:10.345Z,46.786,0.8775082080290832,-0.225262093554337,-0.32631051308731995,-0.2697365067946758
1613783656281,2021-02-20T01:15:10.360Z,46.826,0.8775347209288148,-0.22530423784053835,-0.3261726100445077,-0.26978184229527946
1613783656320,2021-02-20T01:15:10.362Z,46.865,0.8776290584424133,-0.22535435286983765,-0.32579776525565785,-0.26988602700865993
1613783656360,2021-02-20T01:15:10.376Z,46.905,0.8775968102915821,-0.22547550964341545,-0.3257645731856875,-0.26992976118655354
1613783656399,2021-02-20T01:15:10.390Z,46.943999999999996,0.8776511169162768,-0.2256937691636018,-0.3253269407275358,-0.2700985397465172
1613783656439,2021-02-20T01:15:10.405Z,46.983999999999995,0.8778498532703195,-0.2255968399007474,-0.3248275427686552,-0.2701347226828728
1613783656477,2021-02-20T01:15:10.420Z,47.022,0.8780119374532233,-0.2254382914012501,-0.3246019930145614,-0.2700114082602745
1613783656516,2021-02-20T01:15:10.435Z,47.06100000000001,0.8783118639511628,-0.22462042993217046,-0.32460740321468984,-0.2697108931391847
1613783656556,2021-02-20T01:15:10.449Z,47.101000000000006,0.8789347433211186,-0.22264008295272908,-0.32481017838699183,-0.2690789075012231
1613783656596,2021-02-20T01:15:10.452Z,47.141000000000005,0.8791065320860414,-0.22213884714433785,-0.32481131631305205,-0.2689305609781469
1613783656635,2021-02-20T01:15:10.466Z,47.18,0.8797330291579677,-0.22054991508833485,-0.32481625987917084,-0.2681826423935408
1613783656675,2021-02-20T01:15:10.480Z,47.22,0.8798496910449082,-0.2198634307670061,-0.32501036826778923,-0.2681284272470519
1613783656714,2021-02-20T01:15:10.495Z,47.25899999999999,0.8798363689891033,-0.21991482192028675,-0.3249964406358198,-0.26814687855331576
1613783656754,2021-02-20T01:15:10.510Z,47.299,0.8798523780480981,-0.22019688587270791,-0.3246197543047403,-0.2683190999727714
1613783656793,2021-02-20T01:15:10.512Z,47.338,0.8798732168502053,-0.22026488581658646,-0.3245091383408178,-0.2683287563403847
1613783656833,2021-02-20T01:15:10.526Z,47.378,0.8799217608697991,-0.2202864387135107,-0.3244419848027278,-0.26823306687278003
1613783656872,2021-02-20T01:15:10.541Z,47.417,0.8799174929519606,-0.220303843229262,-0.3244470787226222,-0.2682266119606891
1613783656910,2021-02-20T01:15:10.555Z,47.455,0.8799178068546855,-0.22030191544344666,-0.3244468927614402,-0.2682273904906721
1613783656950,2021-02-20T01:15:10.570Z,47.495,0.8798789206921741,-0.22041363345063852,-0.3244210265050277,-0.2682944514373838
1613783656990,2021-02-20T01:15:10.572Z,47.535,0.8798582250558987,-0.22056346181009248,-0.3243846092369554,-0.2682832242351711
1613783657029,2021-02-20T01:15:10.587Z,47.574,0.8798796881369176,-0.2206938652416458,-0.3242913581418022,-0.26821832018586644
1613783657069,2021-02-20T01:15:10.601Z,47.614,0.8798804136512092,-0.2206961603685668,-0.3242888554763469,-0.2682170775424071
1613783657108,2021-02-20T01:15:10.646Z,47.653,0.8798796967994359,-0.22069665950513234,-0.3242904845886712,-0.26821704876583297
1613783657148,2021-02-20T01:15:10.661Z,47.693000000000005,0.8798805957954633,-0.2206983758696462,-0.3242877540791978,-0.2682159886833568
1613783657187,2021-02-20T01:15:10.705Z,47.732,0.879883895921783,-0.22071302248621968,-0.32427510446892915,-0.2682084040893721
1613783657227,2021-02-20T01:15:10.707Z,47.772,0.8798843880430121,-0.22071110035451225,-0.3242745148004688,-0.26820908431556817
1613783657266,2021-02-20T01:15:10.722Z,47.81100000000001,0.8798903843462872,-0.22070531727504114,-0.32426157359055524,-0.2682098177808625
1613783657305,2021-02-20T01:15:10.736Z,47.85,0.8798104126906119,-0.2209196119197123,-0.3242883830896568,-0.2682633172528717
1613783657344,2021-02-20T01:15:10.750Z,47.888999999999996,0.8797356182393846,-0.221194821840632,-0.3242163745732266,-0.26836884180256904
1613783657384,2021-02-20T01:15:10.765Z,47.928999999999995,0.8796571539397345,-0.22153102186721046,-0.32410793895170026,-0.2684796859756741
1613783657423,2021-02-20T01:15:10.780Z,47.968,0.8796295222352188,-0.22166210996591226,-0.32406764540087296,-0.26851065867491125
1613783657463,2021-02-20T01:15:10.797Z,48.008,0.879631473460075,-0.22179014457753726,-0.3239924580033235,-0.2684892732004336
1613783657502,2021-02-20T01:15:10.811Z,48.047,0.8796339047514762,-0.2217869458831963,-0.3239875039820456,-0.2684899281369027
1613783657542,2021-02-20T01:15:10.825Z,48.086999999999996,0.8796310518476802,-0.22178386639293274,-0.3239954564470496,-0.26849222229854897
1613783657581,2021-02-20T01:15:10.840Z,48.126000000000005,0.8796355354469766,-0.22179132360438164,-0.32397504837618474,-0.26849599919249445
1613783657621,2021-02-20T01:15:10.855Z,48.166000000000004,0.8796367697387704,-0.2217962169064545,-0.32397047082186403,-0.2684934366515988
1613783657660,2021-02-20T01:15:10.857Z,48.205,0.8796366162873446,-0.221799434012476,-0.3239698402813511,-0.2684920426127598
1613783657700,2021-02-20T01:15:10.871Z,48.245,0.8796415655827791,-0.22182937590988167,-0.32394827506111235,-0.26847711106803795
1613783657738,2021-02-20T01:15:10.886Z,48.283,0.8796596932627541,-0.22187726592556387,-0.3238887039822481,-0.26845001461533513
1613783657778,2021-02-20T01:15:10.900Z,48.323,0.8796596932627541,-0.22187726592556387,-0.3238887039822481,-0.26845001461533513
1613783657817,2021-02-20T01:15:10.914Z,48.361999999999995,0.8796596932627541,-0.22187726592556387,-0.3238887039822481,-0.26845001461533513
1613783657857,2021-02-20T01:15:10.917Z,48.402,0.8796596932627541,-0.22187726592556387,-0.3238887039822481,-0.26845001461533513
1613783657896,2021-02-20T01:15:10.932Z,48.441,0.8796596932627541,-0.22187726592556387,-0.3238887039822481,-0.26845001461533513
1613783657936,2021-02-20T01:15:10.946Z,48.481,0.8796596932627541,-0.22187726592556387,-0.3238887039822481,-0.26845001461533513
1613783657975,2021-02-20T01:15:10.960Z,48.52,0.8796596932627541,-0.22187726592556387,-0.3238887039822481,-0.26845001461533513
1613783658015,2021-02-20T01:15:10.974Z,48.56,0.8796160174309959,-0.2220442123203488,-0.3238433751170225,-0.2685097727210042
1613783658055,2021-02-20T01:15:10.989Z,48.6,0.8796025676131554,-0.22209558685391284,-0.3238294167161556,-0.2685281776976771
1613783658094,2021-02-20T01:15:10.992Z,48.638999999999996,0.8795650347059764,-0.22204102196167932,-0.3238513079996311,-0.26866980588785144
1613783658132,2021-02-20T01:15:11.006Z,48.677,0.8795527563814934,-0.22202316621553,-0.3238584680623563,-0.26871612357588825
1613783658172,2021-02-20T01:15:11.020Z,48.717,0.8795527563814934,-0.22202316621553,-0.3238584680623563,-0.26871612357588825
1613783658211,2021-02-20T01:15:11.035Z,48.756,0.8795787292783852,-0.2220502152617849,-0.32373978354453997,-0.26875176921045696
1613783658251,2021-02-20T01:15:11.050Z,48.79600000000001,0.8795787292783852,-0.2220502152617849,-0.32373978354453997,-0.26875176921045696
1613783658290,2021-02-20T01:15:11.052Z,48.835,0.8795787292783852,-0.2220502152617849,-0.32373978354453997,-0.26875176921045696
1613783658330,2021-02-20T01:15:11.066Z,48.875,0.8795787292783852,-0.2220502152617849,-0.32373978354453997,-0.26875176921045696
1613783658369,2021-02-20T01:15:11.081Z,48.913999999999994,0.8795787292783852,-0.2220502152617849,-0.32373978354453997,-0.26875176921045696
1613783658409,2021-02-20T01:15:11.095Z,48.95399999999999,0.8795787292783852,-0.2220502152617849,-0.32373978354453997,-0.26875176921045696
1613783658449,2021-02-20T01:15:11.110Z,48.994,0.8795787292783852,-0.2220502152617849,-0.32373978354453997,-0.26875176921045696
1613783658488,2021-02-20T01:15:11.112Z,49.033,0.8795787292783852,-0.2220502152617849,-0.32373978354453997,-0.26875176921045696
1613783658526,2021-02-20T01:15:11.127Z,49.071000000000005,0.8795787292783852,-0.2220502152617849,-0.32373978354453997,-0.26875176921045696
1613783658566,2021-02-20T01:15:11.141Z,49.111000000000004,0.8795787292783852,-0.2220502152617849,-0.32373978354453997,-0.26875176921045696
1613783658605,2021-02-20T01:15:11.155Z,49.15,0.8795787292783852,-0.2220502152617849,-0.32373978354453997,-0.26875176921045696
1613783658645,2021-02-20T01:15:11.170Z,49.19,0.8795787292783852,-0.2220502152617849,-0.32373978354453997,-0.26875176921045696
1613783658684,2021-02-20T01:15:11.184Z,49.229,0.8795787292783852,-0.2220502152617849,-0.32373978354453997,-0.26875176921045696
1613783658724,2021-02-20T01:15:11.187Z,49.269,0.8795787292783852,-0.2220502152617849,-0.32373978354453997,-0.26875176921045696
1613783658764,2021-02-20T01:15:11.201Z,49.309,0.8795787292783852,-0.2220502152617849,-0.32373978354453997,-0.26875176921045696
1613783658803,2021-02-20T01:15:11.215Z,49.348,0.8795787292783852,-0.2220502152617849,-0.32373978354453997,-0.26875176921045696
1613783658843,2021-02-20T01:15:11.260Z,49.388000000000005,0.8795787292783852,-0.2220502152617849,-0.32373978354453997,-0.26875176921045696
1613783658882,2021-02-20T01:15:11.275Z,49.427,0.8795787292783852,-0.2220502152617849,-0.32373978354453997,-0.26875176921045696
1613783658920,2021-02-20T01:15:11.277Z,49.465,0.8795787292783852,-0.2220502152617849,-0.32373978354453997,-0.26875176921045696
1613783658960,2021-02-20T01:15:11.291Z,49.505,0.8795787292783852,-0.2220502152617849,-0.32373978354453997,-0.26875176921045696
1613783658999,2021-02-20T01:15:11.306Z,49.544,0.8795787292783852,-0.2220502152617849,-0.32373978354453997,-0.26875176921045696
1613783659039,2021-02-20T01:15:11.320Z,49.583999999999996,0.8795787292783852,-0.2220502152617849,-0.32373978354453997,-0.26875176921045696
1613783659078,2021-02-20T01:15:11.334Z,49.623000000000005,0.8795155016917473,-0.22229160696426928,-0.3236741550315562,-0.26883817645893365
1613783659118,2021-02-20T01:15:11.365Z,49.663000000000004,0.8794986699268318,-0.22247028178414646,-0.3235243192040976,-0.2689257856795095
1613783659158,2021-02-20T01:15:11.367Z,49.703,0.8795888828905725,-0.2225192886816343,-0.3231629455434465,-0.2690246715221821
1613783659197,2021-02-20T01:15:11.381Z,49.742,0.8796546745176118,-0.2224785380354478,-0.3229877746119301,-0.26905362135484706
1613783659237,2021-02-20T01:15:11.395Z,49.782,0.8797190119251445,-0.22243863670779587,-0.3228163651009224,-0.2690819714883413
1613783659276,2021-02-20T01:15:11.410Z,49.821000000000005,0.8801588906830778,-0.2226557876876516,-0.321544520991086,-0.2689867067000488
1613783659316,2021-02-20T01:15:11.412Z,49.861000000000004,0.8807184034678561,-0.22230148027559066,-0.32071079653101103,-0.2684431609275166
1613783659354,2021-02-20T01:15:11.426Z,49.898999999999994,0.8814490543030321,-0.2199173029234749,-0.3214530766828155,-0.2671176969695329
1613783659393,2021-02-20T01:15:11.440Z,49.938,0.8823836201462633,-0.21661217199532334,-0.3232807877121264,-0.2645143590379748
1613783659433,2021-02-20T01:15:11.470Z,49.978,0.8831751111364236,-0.21439762276075067,-0.32406140385767346,-0.262715795020966
1613783659472,2021-02-20T01:15:11.484Z,50.016999999999996,0.8842200102093768,-0.20726455540642966,-0.32871787079004866,-0.2591156865972447
1613783659512,2021-02-20T01:15:11.487Z,50.056999999999995,0.8843563069873634,-0.2036425367567287,-0.3318996024149781,-0.25746124646582424
1613783659552,2021-02-20T01:15:11.501Z,50.097,0.8843364623572686,-0.2020747779913472,-0.33349449776196194,-0.2567026010925403
1613783659591,2021-02-20T01:15:11.516Z,50.136,0.8838609122744351,-0.20050789590429174,-0.3373409775381996,-0.2545339590447787
1613783659631,2021-02-20T01:15:11.530Z,50.176,0.8837078298131905,-0.1999951267086541,-0.3387004565113417,-0.2536620223420513
1613783659670,2021-02-20T01:15:11.545Z,50.215,0.8833752742949909,-0.1984874503421453,-0.3419310438467518,-0.25166250828201336
1613783659710,2021-02-20T01:15:11.547Z,50.255,0.8829756049976388,-0.19462658665459956,-0.3471601779378234,-0.2489063751702881
1613783659749,2021-02-20T01:15:11.562Z,50.294,0.8830691369150753,-0.19242526075190705,-0.34874645299535084,-0.2480671884304461
1613783659787,2021-02-20T01:15:11.576Z,50.332,0.8836516778945448,-0.18395339730486,-0.35437850654161496,-0.24441099376969624
1613783659827,2021-02-20T01:15:11.590Z,50.372,0.883844241911677,-0.17653591131769505,-0.3579680682779674,-0.2439534589796676
1613783659867,2021-02-20T01:15:11.605Z,50.412,0.884670005698612,-0.1693236606417299,-0.3613924525813372,-0.2410061704217308
1613783659906,2021-02-20T01:15:11.620Z,50.451,0.8845906995657672,-0.15230217818000638,-0.3742544696467876,-0.23288824082115825
1613783659946,2021-02-20T01:15:11.622Z,50.49100000000001,0.8834603625158107,-0.144834443179654,-0.3814063096194755,-0.23032585376966436
1613783659985,2021-02-20T01:15:11.636Z,50.53,0.8827069056869875,-0.1447860196486162,-0.38274342912198206,-0.2310259609454321
1613783660025,2021-02-20T01:15:11.650Z,50.57,0.8821833817360216,-0.13986417335801793,-0.3846842312487853,-0.23282726693453698
1613783660064,2021-02-20T01:15:11.665Z,50.608999999999995,0.8822130074773681,-0.1389841195145291,-0.3840368920063328,-0.23430597418466464
1613783660104,2021-02-20T01:15:11.680Z,50.648999999999994,0.8799479772048528,-0.14115625531013434,-0.3828602765285147,-0.2432786009011422
1613783660143,2021-02-20T01:15:11.682Z,50.688,0.8792614748695458,-0.1472892230857841,-0.3761998274550376,-0.25234665322888145
1613783660181,2021-02-20T01:15:11.696Z,50.726000000000006,0.8788747731083794,-0.15213937373912614,-0.3715228001518424,-0.25768886883079656
1613783660221,2021-02-20T01:15:11.742Z,50.766000000000005,0.8757040909569807,-0.17824562686127393,-0.3533258443484089,-0.2766436142431695
1613783660261,2021-02-20T01:15:11.756Z,50.806000000000004,0.8733683751951036,-0.19625174346079485,-0.3407757031991371,-0.28737580710073163
1613783660300,2021-02-20T01:15:11.771Z,50.845,0.8725981358840433,-0.20341486561482172,-0.3352736806661151,-0.2911811201832851
1613783660340,2021-02-20T01:15:11.815Z,50.885,0.8714981152905814,-0.22076295664363466,-0.3218296395560043,-0.2969519070862777
1613783660379,2021-02-20T01:15:11.830Z,50.924,0.8713178572806838,-0.2241211771700604,-0.3198989698468987,-0.2970514073668009
1613783660419,2021-02-20T01:15:11.845Z,50.964,0.8713420001201401,-0.2279289956063073,-0.3189416890612128,-0.2951062364087114
1613783660458,2021-02-20T01:15:11.860Z,51.003,0.8719616609341547,-0.2266437125246419,-0.3196014695863635,-0.2935479348798667
1613783660498,2021-02-20T01:15:11.862Z,51.043,0.8722481599934832,-0.22584762588857205,-0.3198337785789007,-0.29305690803736656
1613783660537,2021-02-20T01:15:11.876Z,51.082,0.8726897741637296,-0.2250097893626742,-0.3191706683249295,-0.2931095993686346
1613783660576,2021-02-20T01:15:11.890Z,51.121,0.8732195276380729,-0.22392608754040735,-0.3187007735173956,-0.2928729772952778
1613783660615,2021-02-20T01:15:11.906Z,51.16,0.8736084245650506,-0.2231798211573848,-0.31847397933369,-0.29252933604083603
1613783660655,2021-02-20T01:15:11.920Z,51.2,0.8751020282654041,-0.2194171206891944,-0.31827631250210875,-0.29112326628818225
1613783660694,2021-02-20T01:15:11.934Z,51.239,0.8755857308048897,-0.2177506064602898,-0.31841721758182656,-0.29076584556046353
1613783660734,2021-02-20T01:15:11.937Z,51.278999999999996,0.8762152957441931,-0.21546371181325388,-0.3184997924321533,-0.2904824032815871
1613783660773,2021-02-20T01:15:11.952Z,51.318000000000005,0.8767076075351277,-0.21472457961026647,-0.31730861492068296,-0.29084767267135664
1613783660813,2021-02-20T01:15:11.966Z,51.358000000000004,0.8767652390193105,-0.21493323602460904,-0.3171272564114937,-0.2907175999837637
1613783660852,2021-02-20T01:15:11.980Z,51.397,0.8771118749786078,-0.21505177642047804,-0.3168695277824741,-0.2898640967640173
1613783660892,2021-02-20T01:15:11.995Z,51.437,0.8772612768928779,-0.2150059902967163,-0.3166744317651921,-0.28965907627243176
1613783660931,2021-02-20T01:15:12.010Z,51.476000000000006,0.8772897617390204,-0.2150684131063612,-0.3165851232871064,-0.2896240862654415
1613783660970,2021-02-20T01:15:12.012Z,51.515,0.8774828147802152,-0.21483478520302493,-0.3163741377894191,-0.2894431373692635
1613783661009,2021-02-20T01:15:12.026Z,51.553999999999995,0.8776019314007648,-0.2146790660125948,-0.31633929128279403,-0.2892355465849709
1613783661049,2021-02-20T01:15:12.040Z,51.593999999999994,0.8779495226285241,-0.21422129005090207,-0.3163026868117489,-0.2885593265187291
1613783661088,2021-02-20T01:15:12.055Z,51.633,0.8781221185146898,-0.21403489331743825,-0.31624448752633505,-0.2882360725639172
1613783661128,2021-02-20T01:15:12.070Z,51.673,0.8782167315531797,-0.21390044830547866,-0.3162330001754433,-0.2880601677337629
1613783661167,2021-02-20T01:15:12.072Z,51.711999999999996,0.8784877634126153,-0.21338979960593651,-0.31643743680089004,-0.2873871805584268
1613783661207,2021-02-20T01:15:12.086Z,51.751999999999995,0.8786190116846047,-0.21317024175176355,-0.3167737173097913,-0.28677777521907033
1613783661246,2021-02-20T01:15:12.101Z,51.791000000000004,0.878680123802341,-0.2129614597682205,-0.3170341760073241,-0.2864576546916643
1613783661286,2021-02-20T01:15:12.115Z,51.831,0.8786379502164573,-0.21287494347177133,-0.31746895914031065,-0.2861696539881198
1613783661326,2021-02-20T01:15:12.130Z,51.871,0.8785192056284361,-0.21291913706777307,-0.3179976102496688,-0.2859142638760723
1613783661364,2021-02-20T01:15:12.132Z,51.909,0.8785271455184441,-0.21287071423453235,-0.3180654657025631,-0.2858504384042573
1613783661403,2021-02-20T01:15:12.147Z,51.948,0.8785264500210863,-0.2128912434809766,-0.3180256031618446,-0.2858816377384469
1613783661443,2021-02-20T01:15:12.161Z,51.988,0.8784907392795456,-0.21306188733797166,-0.3179397688331501,-0.2859597114251972
