ax,ay,az,wx,wy,wz
0.870019,0.024190000000000007,-0.895824,0.705845,-1.13475,-0.388001
0.8646979999999999,-0.04906000000000001,-0.9080180000000002,0.549765,-1.292376,-0.29274
0.863053,-0.090702,-0.929546,0.329957,-1.425978,-0.280907
0.847887,-0.113819,-0.897231,0.273784,-1.467488,-0.22907
0.83265,-0.121672,-0.8444560000000001,0.453751,-1.47402,-0.13941
0.828999,-0.167753,-0.805166,0.747243,-1.4013350000000002,-0.024224
0.80537,-0.228571,-0.775887,0.813231,-1.385215,0.08451899999999998
0.7812159999999999,-0.254467,-0.776227,0.786022,-1.340933,0.173652
0.773146,-0.300138,-0.75067,0.669553,-1.326357,0.296481
0.762884,-0.319419,-0.7222529999999999,0.517598,-1.320051,0.407116
0.751007,-0.303991,-0.702158,0.514982,-1.300231,0.524124
0.730441,-0.30451100000000003,-0.696626,0.59542,-1.234013,0.661785
0.719,-0.321349,-0.6668419999999999,0.64149,-1.150452,0.77273
0.714036,-0.33510199999999996,-0.5979030000000001,0.615493,-1.104919,0.872724
0.72046,-0.30443,-0.5611869999999999,0.7253699999999998,-1.0423730000000002,0.952521
0.72019,-0.268374,-0.5368839999999999,0.936566,-0.909958,1.023959
0.706961,-0.274945,-0.4971539999999999,0.967739,-0.774109,1.082906
0.673882,-0.27451899999999996,-0.431306,0.988821,-0.577277,1.177951
0.599828,-0.253643,-0.394457,1.103845,-0.317567,1.346662
0.561631,-0.246493,-0.40387800000000007,1.213714,-0.00427,1.5503
0.55782,-0.25686000000000003,-0.395386,1.111863,0.279342,1.770422
0.5182249999999999,-0.237345,-0.32600100000000004,0.852914,0.6422,1.965893
0.483378,-0.15463,-0.302767,0.431913,0.8407409999999998,2.082887
0.496701,-0.11079699999999996,-0.375808,0.096644,1.032132,2.235086
0.531632,-0.06567100000000001,-0.473563,-0.266585,1.190475,2.287089
0.547888,-0.019930999999999977,-0.524904,-0.820251,1.239171,2.226696
0.54156,0.04350200000000004,-0.528082,-1.099367,1.23589,2.136812
0.522224,0.100984,-0.507957,-0.996752,1.303154,2.029499
0.50993,0.12810499999999997,-0.509312,-0.715894,1.484352,1.953763
0.526319,0.111381,-0.562343,-0.56708,1.628399,1.835594
0.558619,0.08459799999999995,-0.598298,-0.541503,1.67573,1.722152
0.575174,0.09904600000000002,-0.597044,-0.577142,1.731306,1.532541
0.585332,0.09030800000000001,-0.592671,-0.563592,1.739625,1.333415
0.60765,0.115259,-0.645102,-0.359221,1.794336,1.160041
0.660247,0.132317,-0.6801649999999999,-0.207606,1.871051,0.974421
0.70626,0.15869300000000003,-0.687906,-0.156077,1.875713,0.7790169999999998
0.723333,0.16208899999999998,-0.702726,-0.071384,1.864272,0.557204
0.732924,0.15815300000000002,-0.7068540000000001,-0.036794,1.832068,0.313572
0.7612059999999999,0.169528,-0.716255,-0.096579,1.810862,0.116764
0.807443,0.19072599999999998,-0.7117800000000001,-0.164255,1.642865,-0.07494199999999998
0.8184949999999999,0.186574,-0.761921,-0.431431,1.452447,-0.254965
0.797931,0.18915,-0.799252,-0.615873,1.382009,-0.476081
0.7728129999999999,0.17237399999999997,-0.845341,-0.603848,1.445402,-0.595651
0.807336,0.14804100000000003,-0.8390489999999999,-0.56567,1.404813,-0.619581
0.816946,0.17746,-0.77888,-0.695099,1.334935,-0.716314
0.782601,0.219902,-0.758707,-0.763517,1.3294260000000002,-0.91797
0.7962139999999999,0.239728,-0.7929129999999999,-0.414868,1.42496,-1.056133
0.8564939999999999,0.17932599999999999,-0.845082,-0.101579,1.473216,-1.11348
0.9013040000000002,0.155014,-0.8288689999999999,-0.029184,1.448796,-1.168788
0.93273,0.174738,-0.779746,-0.218652,1.390649,-1.260782
0.970733,0.18454,-0.791876,-0.434936,1.303294,-1.350397
1.027553,0.165278,-0.819682,-0.600777,1.152782,-1.366196
1.034231,0.16510799999999998,-0.825635,-0.710471,1.0450100000000002,-1.398829
0.993016,0.169908,-0.8682369999999999,-0.58168,1.008267,-1.451541
1.011048,0.141876,-0.923355,-0.43076,0.943802,-1.463167
0.9953900000000002,0.132587,-0.925908,-0.353243,0.863337,-1.466479
0.972941,0.157427,-0.9542330000000002,-0.23293,0.800111,-1.508366
0.996763,0.154471,-1.022001,-0.210197,0.655802,-1.543035
1.022735,0.143374,-1.058375,-0.26188,0.439771,-1.534364
1.028546,0.169264,-1.084861,-0.268096,0.198929,-1.565308
1.042119,0.17466099999999998,-1.107069,-0.271745,-0.068639,-1.601053
1.036985,0.145179,-1.100582,-0.152795,-0.370251,-1.609899
1.0277,0.14268999999999998,-1.086569,0.050274,-0.593294,-1.613909
1.039676,0.146756,-1.072644,0.184756,-0.8163639999999999,-1.604808
1.040475,0.13471899999999998,-1.050491,0.223802,-1.058094,-1.565677
1.026183,0.105562,-1.010451,0.242019,-1.305703,-1.478339
1.005314,0.108972,-0.9478390000000002,0.281774,-1.443292,-1.398398
1.014615,0.15320599999999998,-0.90298,0.25279,-1.53147,-1.381376
1.0300490000000002,0.191913,-0.8923829999999999,0.278833,-1.609595,-1.323238
0.999314,0.228176,-0.8610789999999999,0.541093,-1.66606,-1.271939
0.982231,0.25347200000000003,-0.822166,0.856999,-1.660741,-1.254328
0.990934,0.26033399999999995,-0.77242,1.040805,-1.700359,-1.181483
0.988579,0.297094,-0.738095,1.122909,-1.720838,-1.130588
0.965987,0.291548,-0.703427,1.116925,-1.755159,-1.083443
0.9341910000000002,0.25986699999999996,-0.684727,1.209917,-1.755795,-0.97949
0.912592,0.229061,-0.6688649999999999,1.311437,-1.749052,-0.86105
0.891687,0.170504,-0.6535770000000001,1.437278,-1.704648,-0.720852
0.891687,0.17050399999999996,-0.653578,1.557058,-1.672375,-0.603599
0.8192539999999999,0.08863499999999999,-0.6688999999999999,1.636422,-1.640035,-0.488873
0.785177,0.042209,-0.667892,1.638497,-1.578679,-0.34054
0.7573499999999999,-0.007869999999999988,-0.647858,1.590281,-1.505097,-0.146483
0.727734,-0.039848,-0.653988,1.494392,-1.449746,0.029363
0.6863360000000001,-0.06464600000000004,-0.6663319999999999,1.404704,-1.408061,0.198044
0.6344209999999999,-0.090624,-0.6625590000000001,1.385884,-1.3225,0.302861
0.601246,-0.15137699999999998,-0.672019,1.459995,-1.21562,0.437961
0.5701769999999999,-0.19151,-0.677818,1.618532,-1.098724,0.605807
0.542708,-0.210849,-0.6724300000000001,1.679177,-0.993204,0.756592
0.5348569999999999,-0.236824,-0.6541969999999999,1.645549,-0.890384,0.908395
0.5365040000000001,-0.248991,-0.635362,1.498003,-0.7781639999999999,1.061166
0.529307,-0.23786,-0.621349,1.392126,-0.679981,1.217584
0.512612,-0.228681,-0.607749,1.278847,-0.557956,1.325752
0.519617,-0.216709,-0.584742,1.268285,-0.406206,1.428022
0.5141290000000001,-0.197166,-0.5441389999999999,1.175734,-0.258657,1.500003
0.505241,-0.172934,-0.512032,1.029311,-0.1134,1.552514
0.493542,-0.13198,-0.484595,0.866808,0.070844,1.578375
0.471673,-0.115708,-0.470599,0.699289,0.279525,1.612629
0.452927,-0.096918,-0.470574,0.484235,0.443777,1.65054
0.4517330000000001,-0.049125,-0.465651,0.305685,0.654937,1.677513
0.457306,-0.02421400000000001,-0.47722,0.124766,0.85487,1.671946
0.425511,-0.012669000000000012,-0.493488,0.023625,1.01592,1.653333
0.431039,0.002855999999999997,-0.537971,0.096212,1.212815,1.608465
0.46558,-0.009163999999999974,-0.572267,0.092026,1.330928,1.588994
0.43919,0.011837000000000016,-0.582023,-0.002775,1.447964,1.546338
0.433138,0.04201299999999997,-0.6208940000000001,-0.057258,1.589368,1.4784
0.473463,0.045406,-0.673256,-0.134738,1.669638,1.43225
0.530057,0.04727299999999995,-0.704198,-0.127559,1.715901,1.365818
0.554052,0.04250399999999999,-0.722793,-0.07502,1.75263,1.266883
0.582443,0.04383699999999996,-0.7385330000000001,-0.021214,1.788911,1.137847
0.611369,0.058535,-0.7675649999999999,-0.016218,1.78622,1.000288
0.603867,0.104339,-0.777339,-0.024757,1.801751,0.8337069999999999
0.628008,0.132791,-0.789984,0.02059,1.82073,0.658841
0.6712710000000001,0.147565,-0.8071709999999999,0.100261,1.827925,0.477975
0.680099,0.16396300000000003,-0.8161399999999999,0.127409,1.810402,0.281374
0.705911,0.18026600000000004,-0.796162,0.031008,1.763232,0.108716
0.7079369999999999,0.181966,-0.777825,-0.162156,1.719746,-0.071439
0.683047,0.18518,-0.8076080000000001,-0.253732,1.680116,-0.192225
0.7114739999999999,0.193582,-0.830241,-0.233942,1.654271,-0.320058
0.757456,0.206744,-0.809655,-0.30327,1.579101,-0.508309
0.797452,0.209126,-0.78536,-0.317572,1.520116,-0.707367
0.7916189999999999,0.193338,-0.793563,-0.285374,1.463678,-0.870114
0.8364359999999998,0.20634899999999998,-0.801837,-0.253283,1.426787,-0.999095
0.929457,0.224779,-0.7507379999999999,-0.44775,1.3943930000000002,-1.137037
0.929458,0.198097,-0.735458,-0.625085,1.366639,-1.265246
0.9077,0.18915,-0.783797,-0.487985,1.394578,-1.375986
0.938387,0.178276,-0.797982,-0.294595,1.420542,-1.432336
1.036078,0.207742,-0.7612529999999998,-0.300787,1.447263,-1.51929
1.082652,0.212127,-0.732748,-0.527074,1.406337,-1.624706
1.066027,0.176706,-0.763116,-0.569732,1.374178,-1.694706
1.026368,0.150445,-0.8285260000000001,-0.345329,1.303812,-1.680821
1.068893,0.15771,-0.840772,-0.317903,1.202531,-1.727672
1.09554,0.164,-0.813882,-0.485112,1.093314,-1.806281
1.045059,0.12004,-0.863122,-0.455075,0.951756,-1.813223
0.979376,0.097,-0.941781,-0.186474,0.856861,-1.783475
0.970982,0.106438,-0.992399,0.021044,0.732616,-1.782795
1.007825,0.159489,-1.018812,0.12946,0.586436,-1.77509
1.02451,0.16885599999999998,-1.017093,0.086551,0.326211,-1.742139
0.994019,0.164287,-1.0171500000000002,0.06682100000000002,0.08220199999999998,-1.712837
0.968494,0.139453,-1.036458,0.140261,-0.189816,-1.631357
0.973544,0.13841299999999998,-1.0400589999999998,0.145093,-0.450011,-1.562076
0.967451,0.156176,-1.02456,0.027452,-0.707666,-1.510023
0.948585,0.13196100000000002,-1.002327,-0.006932,-0.9653,-1.422757
0.922008,0.120088,-0.990283,0.158103,-1.183405,-1.343585
0.918116,0.08431000000000005,-0.987763,0.396547,-1.397536,-1.195479
0.924059,0.09108900000000003,-0.937163,0.55247,-1.506806,-1.052561
0.9054080000000002,0.121556,-0.869126,0.517123,-1.553168,-0.972903
0.893379,0.179957,-0.8492359999999999,0.608945,-1.55755,-0.9329130000000002
0.904433,0.23479600000000006,-0.852209,0.894201,-1.55444,-0.856263
0.912858,0.26966499999999993,-0.843094,1.240713,-1.559721,-0.763779
0.921328,0.29188499999999995,-0.81257,1.400128,-1.617823,-0.707836
0.9185120000000002,0.298736,-0.773489,1.439701,-1.714035,-0.626735
0.92234,0.280804,-0.747875,1.490104,-1.7687,-0.545682
0.930511,0.215426,-0.737792,1.48296,-1.8307,-0.421302
0.906364,0.150729,-0.704021,1.453703,-1.880532,-0.266811
0.878181,0.10316,-0.65942,1.436384,-1.859568,-0.138964
0.854277,0.030109,-0.616978,1.480968,-1.72582,0.018952
0.834897,-0.035586000000000007,-0.602464,1.528128,-1.62267,0.210739
0.803854,-0.05315599999999999,-0.609189,1.450424,-1.524826,0.391428
0.766612,-0.05283399999999997,-0.596549,1.299081,-1.390243,0.547709
0.732088,-0.07384,-0.5904130000000001,1.196872,-1.283989,0.690922
0.694578,-0.09314900000000002,-0.628555,1.192602,-1.168931,0.7981089999999998
0.689967,-0.103351,-0.6717380000000001,1.352293,-1.02782,0.909214
0.686164,-0.12312499999999997,-0.675646,1.48626,-0.891646,1.081838
0.667274,-0.11793600000000003,-0.657936,1.469669,-0.76907,1.245686
0.682552,-0.091979,-0.6750700000000001,1.34926,-0.696908,1.353888
0.691021,-0.08486199999999999,-0.673224,1.238772,-0.646862,1.430788
0.6836990000000001,-0.086911,-0.646933,1.199307,-0.590551,1.453506
0.6456470000000001,-0.110557,-0.6015159999999999,1.185367,-0.483301,1.4328010000000002
0.635733,-0.12358,-0.5678970000000001,1.263311,-0.395249,1.479905
0.63433,-0.134182,-0.5495399999999999,1.277401,-0.265719,1.496604
0.611358,-0.15540299999999999,-0.530682,1.227618,-0.09355500000000003,1.517917
0.571321,-0.174083,-0.5025729999999999,1.159297,0.10933,1.569279
0.54399,-0.17560399999999998,-0.482299,1.058906,0.364406,1.636217
0.5450079999999999,-0.161619,-0.497321,0.918013,0.634393,1.716265
0.554684,-0.124983,-0.521206,0.72328,0.901489,1.779357
0.5638829999999999,-0.08537000000000003,-0.530064,0.43334,1.107296,1.796481
0.564884,-0.037145000000000046,-0.541551,0.233033,1.258591,1.801778
0.591846,0.02130700000000002,-0.5578989999999999,0.060936,1.410792,1.748045
0.632578,0.08201599999999998,-0.563218,-0.148823,1.499381,1.682274
0.6482680000000001,0.15022400000000002,-0.546494,-0.413495,1.558229,1.546471
0.619594,0.196397,-0.547631,-0.503134,1.637137,1.359078
0.607029,0.199792,-0.575653,-0.294205,1.764076,1.189183
0.604638,0.185859,-0.615653,-0.006743,1.858082,1.005049
0.616932,0.193035,-0.6314629999999999,0.111911,1.921275,0.7481609999999999
0.6118859999999999,0.200032,-0.637496,0.002955,1.950867,0.51018
0.612658,0.17876000000000003,-0.685323,0.071457,1.988606,0.34251
0.653571,0.159822,-0.7365929999999999,0.171821,2.019054,0.195447
0.689684,0.16249799999999998,-0.7187220000000001,0.119399,2.000086,-0.029078
0.6650079999999999,0.16209799999999996,-0.713273,0.072901,2.032175,-0.29468
0.6803899999999999,0.15466300000000002,-0.7740059999999999,0.211085,2.098094,-0.481555
0.7781489999999999,0.15638599999999997,-0.769726,0.304231,2.096835,-0.603237
0.834359,0.157295,-0.696241,0.08784899999999998,2.039858,-0.756859
0.795207,0.158192,-0.7206639999999999,-0.066135,1.992745,-0.891042
0.810689,0.15198499999999998,-0.816091,0.06624,1.981612,-0.993277
0.878008,0.13920499999999997,-0.8272399999999999,0.135262,1.897365,-1.100401
0.927765,0.13597199999999998,-0.7629019999999999,-0.079526,1.761041,-1.269581
0.942045,0.160812,-0.7650179999999999,-0.197819,1.670048,-1.364984
1.015184,0.17809700000000003,-0.752481,-0.300153,1.571914,-1.489338
1.08341,0.171112,-0.710692,-0.4649,1.463972,-1.610203
1.1356089999999999,0.189308,-0.6768460000000001,-0.512284,1.397551,-1.703081
1.152063,0.195407,-0.6474150000000001,-0.495976,1.327705,-1.810319
1.134181,0.15154899999999996,-0.627976,-0.407536,1.288447,-1.953654
1.089722,0.088767,-0.663104,-0.002199,1.289106,-1.976893
1.096261,0.013513000000000002,-0.678272,0.266033,1.266767,-1.929247
1.112311,0.012666,-0.6701360000000001,0.119326,1.211459,-1.892038
1.0824490000000002,0.015521,-0.706277,-0.137408,1.113309,-1.836907
1.0824479999999999,0.015521,-0.706277,-0.402456,0.951811,-1.739463
1.079302,-0.005294000000000007,-0.85917,-0.404052,0.745861,-1.612432
1.067073,0.03965,-0.941297,-0.316058,0.511552,-1.574415
1.079104,0.068817,-1.0169709999999998,-0.12628600000000004,0.252904,-1.581987
1.085736,0.06995400000000002,-1.049696,0.052664,-0.055728,-1.543642
1.086936,0.092368,-1.036682,0.159616,-0.41807,-1.528325
1.073974,0.069794,-1.00083,0.064712,-0.825995,-1.481983
1.061569,0.075605,-0.9503870000000002,-0.066246,-1.115582,-1.429879
1.060652,0.062443,-0.900191,-0.264858,-1.341913,-1.334553
1.047247,0.07546999999999998,-0.8492579999999998,-0.376809,-1.513914,-1.221095
1.043702,0.14304400000000003,-0.807832,-0.288534,-1.546626,-1.152052
1.0481479999999999,0.202104,-0.782065,-0.120679,-1.573067,-1.1106140000000002
1.052151,0.273751,-0.771734,0.168414,-1.600446,-1.080989
1.0495930000000002,0.325245,-0.747977,0.447965,-1.681615,-1.064565
1.039058,0.378837,-0.724001,0.722754,-1.789773,-1.062572
1.038914,0.417919,-0.693837,0.963,-1.839535,-1.06435
1.0370439999999999,0.408658,-0.6673260000000001,1.00496,-1.913901,-1.042409
1.0089070000000002,0.396168,-0.637212,0.958694,-1.976207,-1.0122350000000002
0.977173,0.359045,-0.6218940000000001,1.0394,-1.961168,-0.950557
0.9838460000000002,0.28169,-0.615164,1.235193,-1.951901,-0.812585
0.981974,0.184939,-0.60645,1.368375,-1.908603,-0.661521
0.946518,0.09654799999999998,-0.602132,1.341225,-1.887471,-0.487854
0.916129,0.06020300000000001,-0.558685,1.4166,-1.801145,-0.268249
0.899999,-0.017861000000000016,-0.539439,1.436833,-1.702959,-0.055986
0.867099,-0.097482,-0.559834,1.357937,-1.621924,0.182626
0.8370249999999999,-0.112138,-0.5860219999999999,1.384361,-1.545473,0.429908
0.806273,-0.10863300000000004,-0.584133,1.433843,-1.414294,0.625284
0.772516,-0.102441,-0.5767359999999999,1.529684,-1.246248,0.814639
0.748654,-0.102734,-0.578036,1.635407,-1.0893,0.952146
0.726979,-0.10258,-0.5969599999999999,1.819399,-0.909258,1.105522
0.711606,-0.08493,-0.624384,2.019279,-0.7263119999999998,1.249197
0.709069,-0.07419700000000001,-0.64439,2.121169,-0.530484,1.368554
0.711616,-0.062973,-0.63804,1.998051,-0.401055,1.485122
0.710968,-0.033139,-0.632746,1.779502,-0.286582,1.585835
0.7156359999999999,-0.025663,-0.642912,1.505018,-0.257538,1.664815
0.7043200000000001,-0.023672000000000006,-0.6349469999999999,1.282081,-0.245696,1.690856
0.679244,-0.012677000000000008,-0.62375,1.22928,-0.211577,1.670155
0.650804,-0.021132000000000005,-0.583272,1.145564,-0.109227,1.637215
0.623456,-0.02030399999999999,-0.538521,0.969964,0.000253,1.628209
0.611587,-0.03238300000000002,-0.524138,0.680607,0.074355,1.664844
0.61898,-0.02946299999999999,-0.50653,0.315351,0.155254,1.637386
0.593824,-0.026878000000000006,-0.468556,0.026789,0.329517,1.615904
0.543747,-0.026338,-0.469985,-0.157662,0.498785,1.621267
0.546994,-0.020740999999999978,-0.514713,-0.302697,0.614506,1.642484
0.55147,-0.004987000000000019,-0.5289030000000001,-0.382745,0.719345,1.595054
0.512938,0.008733999999999964,-0.5433030000000001,-0.302795,0.91722,1.538171
0.511053,-0.0015589999999999769,-0.579202,-0.151835,1.108135,1.544189
0.563634,0.008060999999999985,-0.591342,-0.164457,1.194691,1.519891
0.579241,0.052362999999999986,-0.571091,-0.316567,1.265147,1.422877
0.589121,0.09850500000000002,-0.579043,-0.351328,1.385643,1.310383
0.602215,0.111111,-0.5957490000000001,-0.309025,1.523513,1.187142
0.601298,0.11534900000000002,-0.613437,-0.161246,1.629577,1.05095
0.616535,0.135453,-0.6367370000000001,0.105367,1.726246,0.8812069999999999
0.646139,0.13276900000000003,-0.657432,0.267939,1.814085,0.71006
0.6571130000000001,0.10460100000000001,-0.663407,0.221415,1.835518,0.551858
0.670317,0.10540700000000004,-0.67702,0.123328,1.876675,0.447786
0.695608,0.09546300000000002,-0.7019679999999999,0.011937,1.882251,0.349805
0.7199329999999999,0.08296900000000001,-0.7283769999999999,-0.074923,1.880645,0.230144
0.751677,0.07167099999999998,-0.737583,-0.103014,1.879119,0.127517
0.74668,0.07043499999999997,-0.735265,-0.091911,1.878842,0.00446
0.775197,0.082323,-0.748465,-0.117487,1.866274,-0.121069
0.811335,0.10301899999999996,-0.7676,-0.14419,1.830469,-0.227241
0.861184,0.116141,-0.753958,-0.214849,1.767817,-0.351588
0.898047,0.131203,-0.705393,-0.32098,1.704829,-0.523046
0.8886969999999998,0.136675,-0.72034,-0.192201,1.681576,-0.677194
0.912766,0.14675700000000003,-0.742872,0.08827799999999998,1.69264,-0.841905
0.950137,0.11408300000000003,-0.717266,0.180347,1.665558,-1.003353
0.991078,0.09516399999999997,-0.705429,0.208797,1.61053,-1.053877
1.026509,0.095824,-0.6715420000000001,0.041459,1.531982,-1.169985
1.053571,0.10100300000000001,-0.640107,-0.250744,1.448017,-1.280271
1.054543,0.10140600000000001,-0.6404449999999999,-0.295695,1.385438,-1.394908
1.012464,0.061144,-0.674151,-0.0491,1.298714,-1.472605
0.994313,0.07229199999999998,-0.679231,0.338052,1.260541,-1.533287
1.006605,0.08143899999999998,-0.6385430000000001,0.326439,1.134452,-1.612722
1.06959,0.111417,-0.596101,0.072302,1.01913,-1.683089
1.0584110000000002,0.09225999999999998,-0.61353,-0.031126,0.881849,-1.708378
1.058673,0.104642,-0.6811510000000001,0.139309,0.8333209999999999,-1.711543
1.090293,0.091777,-0.695668,0.087452,0.658455,-1.69564
1.078166,0.093883,-0.691782,-0.050133,0.482445,-1.67272
1.083601,0.12689499999999998,-0.723209,-0.232022,0.357533,-1.664453
1.095913,0.13077200000000003,-0.755608,-0.472464,0.178789,-1.616387
1.063705,0.115043,-0.7924599999999999,-0.591514,-0.03268,-1.593352
1.047262,0.137318,-0.852175,-0.376428,-0.212836,-1.549143
1.072181,0.153802,-0.8875199999999999,-0.234777,-0.398134,-1.520759
1.096664,0.191472,-0.887602,-0.368409,-0.637545,-1.486874
1.098173,0.224158,-0.862157,-0.593501,-0.953215,-1.475931
1.068153,0.25584,-0.8685419999999999,-0.523883,-1.175522,-1.510375
1.072695,0.25179,-0.8812829999999999,-0.187594,-1.338477,-1.552826
1.085736,0.237005,-0.866661,0.170762,-1.518356,-1.509512
1.072831,0.222916,-0.820623,0.38948,-1.684122,-1.484589
1.076455,0.201982,-0.787217,0.533361,-1.83481,-1.381484
1.065833,0.178028,-0.757875,0.637902,-1.950476,-1.254328
1.0400559999999999,0.152706,-0.723342,0.762993,-2.012289,-1.097054
1.012938,0.12756,-0.658917,0.92681,-1.977361,-0.927822
0.988996,0.13189499999999998,-0.6277250000000001,0.991485,-1.941404,-0.8517599999999999
0.982628,0.14392299999999997,-0.65598,1.208024,-1.915028,-0.725839
0.982777,0.130346,-0.672764,1.527456,-1.900575,-0.563473
0.954841,0.13785900000000004,-0.64088,1.675318,-1.850112,-0.429258
0.9375190000000002,0.126469,-0.6158999999999999,1.640962,-1.85473,-0.291763
0.924223,0.11369800000000002,-0.6017020000000001,1.566068,-1.837217,-0.123046
0.88978,0.095907,-0.604568,1.393124,-1.794654,0.033411
0.8565499999999999,0.08376800000000001,-0.6045309999999999,1.278837,-1.732025,0.203171
0.8329679999999999,0.08354700000000001,-0.600063,1.203552,-1.629201,0.389877
0.809242,0.08307399999999998,-0.597227,1.123328,-1.515312,0.548775
0.771989,0.091173,-0.604853,1.041937,-1.411181,0.682333
0.735486,0.078328,-0.6049180000000001,1.020459,-1.28043,0.7894799999999998
0.718357,0.053086000000000015,-0.6226400000000001,1.044565,-1.210587,0.894406
0.7007699999999999,0.04361899999999999,-0.634269,1.100582,-1.156322,0.97283
0.685836,0.035049000000000004,-0.6143730000000001,1.193248,-1.08023,1.050128
0.681825,0.018022,-0.5888690000000001,1.190385,-0.9959190000000002,1.099462
0.649393,-0.008032999999999998,-0.5700019999999999,1.122679,-0.921552,1.129366
0.625467,-0.03797199999999999,-0.560943,1.166227,-0.810228,1.169088
0.59741,-0.07989899999999998,-0.546083,1.284247,-0.648708,1.199232
0.569468,-0.111453,-0.5370839999999999,1.463349,-0.461259,1.264445
0.5612760000000001,-0.132967,-0.527026,1.516206,-0.246184,1.332994
0.562565,-0.12483,-0.512499,1.446491,-0.010252,1.414462
0.5600320000000001,-0.112542,-0.512829,1.289962,0.203307,1.468051
0.551029,-0.12195999999999997,-0.536106,1.19337,0.428089,1.537426
0.5671189999999999,-0.11509999999999998,-0.549797,1.082328,0.604935,1.586377
0.579004,-0.08204799999999998,-0.542718,0.8782609999999998,0.77443,1.607346
0.5779110000000001,-0.035812000000000004,-0.5615889999999999,0.622894,0.9216160000000002,1.598101
0.606816,0.005581000000000002,-0.5826929999999999,0.356798,1.005326,1.580482
0.618817,0.050099,-0.56427,0.169161,1.076972,1.499076
0.6173489999999999,0.097845,-0.558594,0.030536,1.149621,1.381612
0.625502,0.15229899999999996,-0.553973,-0.07366799999999998,1.197771,1.237731
0.627878,0.18618,-0.545048,-0.12168300000000003,1.281544,1.039573
0.608058,0.193901,-0.546324,-0.06084,1.389879,0.871801
0.600416,0.184354,-0.569769,0.063538,1.522932,0.741519
0.600416,0.184354,-0.569769,0.058168,1.649539,0.575972
0.579646,0.153194,-0.602395,0.049102,1.769192,0.474345
0.607219,0.12211899999999998,-0.6505369999999999,0.037713,1.859382,0.405383
0.628702,0.08698099999999998,-0.672598,-0.05541,1.886919,0.314656
0.6333289999999999,0.060116,-0.701693,-0.073873,1.920852,0.220435
0.673657,0.022938999999999987,-0.748218,-0.021302,1.949,0.139628
0.7168720000000001,-0.01374599999999998,-0.771503,-0.017488,1.926758,0.09263900000000003
0.727235,0.0023600000000000287,-0.757777,-0.038095,1.897128,-0.021989
0.733919,0.03164100000000003,-0.7708999999999999,0.003539,1.917623,-0.16553
0.779372,0.05446400000000001,-0.7937579999999999,0.110208,1.905328,-0.284738
0.8470759999999999,0.10721399999999996,-0.757168,0.154525,1.874651,-0.441482
0.924723,0.132649,-0.683542,-0.039801,1.816345,-0.595028
0.925807,0.16771199999999997,-0.6836150000000001,-0.143726,1.80355,-0.7508949999999999
0.910262,0.17593000000000003,-0.748093,-0.002871,1.814504,-0.879722
0.966617,0.195074,-0.7602249999999999,0.090529,1.762961,-1.025426
1.03924,0.2271,-0.721171,-0.049601,1.635269,-1.189619
1.077346,0.219261,-0.652869,-0.365858,1.466858,-1.383085
1.057293,0.221481,-0.6738770000000001,-0.40314,1.33587,-1.509654
1.090705,0.22519,-0.698055,-0.29864,1.259017,-1.61792
1.123304,0.201194,-0.664277,-0.361796,1.163145,-1.724041
1.100241,0.192826,-0.629985,-0.396878,1.08465,-1.831377
1.0638779999999999,0.158264,-0.6575070000000001,-0.250894,1.037127,-1.903377
1.084112,0.14371199999999998,-0.705739,-0.029108,1.0094,-1.931806
1.118588,0.09589600000000002,-0.708612,-0.173076,0.88837,-1.895722
1.101508,0.07315499999999998,-0.733837,-0.413495,0.705938,-1.857303
1.080683,0.047922,-0.8240469999999999,-0.470402,0.551015,-1.765463
1.10939,0.042108999999999994,-0.906272,-0.465936,0.364452,-1.675847
1.123657,0.06487199999999999,-0.926742,-0.647225,0.09792600000000003,-1.580427
1.10892,0.098923,-0.924613,-0.89452,-0.184593,-1.573248
1.069091,0.137353,-0.946134,-0.805278,-0.421326,-1.559369
1.060706,0.162542,-0.963574,-0.501678,-0.668753,-1.5643
1.064723,0.195397,-0.928955,-0.249504,-0.919718,-1.569374
1.068131,0.230946,-0.862106,-0.220379,-1.124983,-1.594282
1.049698,0.2389,-0.8147419999999999,-0.281865,-1.341067,-1.568726
1.047727,0.22611,-0.7865189999999999,-0.257809,-1.52278,-1.509243
1.020974,0.234953,-0.766115,-0.083414,-1.642299,-1.422918
0.996602,0.246785,-0.747503,0.107681,-1.665959,-1.385105
0.972341,0.220674,-0.7454509999999999,0.296427,-1.710824,-1.309763
0.945375,0.207132,-0.738765,0.677321,-1.736803,-1.218374
0.937243,0.191545,-0.734686,1.153404,-1.70125,-1.073816
0.944804,0.164292,-0.718169,1.459412,-1.69888,-0.90907
0.947761,0.131757,-0.696687,1.597863,-1.743393,-0.710782
0.945731,0.108568,-0.685462,1.695848,-1.775711,-0.51865
0.939648,0.07379000000000001,-0.669222,1.662812,-1.808234,-0.336468
0.928924,0.051236,-0.65261,1.597921,-1.838411,-0.137454
0.909365,0.03164800000000001,-0.653387,1.617159,-1.787841,0.050743
0.899059,0.02564699999999997,-0.652591,1.684091,-1.72506,0.261975
0.8850579999999999,0.030802,-0.6360459999999999,1.697137,-1.662178,0.464605
0.864005,0.03240700000000001,-0.61897,1.615813,-1.578705,0.64164
0.844457,0.040950000000000014,-0.617153,1.545407,-1.467517,0.810268
0.83019,0.041799,-0.613708,1.439612,-1.383083,0.961933
0.793478,0.044046,-0.618087,1.382796,-1.294828,1.076266
0.777112,0.034854,-0.631605,1.410441,-1.196922,1.198057
0.7682689999999999,0.030728000000000005,-0.6222540000000001,1.354841,-1.10401,1.311216
0.750464,0.035928,-0.605013,1.182967,-1.022091,1.392716
0.721078,0.038831,-0.5805560000000001,1.006201,-0.93096,1.434445
0.683414,0.025989,-0.5873140000000001,1.010551,-0.817265,1.476491
0.6616839999999999,0.022546,-0.58407,1.048928,-0.645993,1.500386
0.646353,0.007565000000000001,-0.5623290000000001,0.995605,-0.507951,1.555538
0.62476,-0.0011989999999999985,-0.540878,0.870079,-0.377299,1.58156
0.5962080000000001,0.0001689999999999886,-0.5270699999999999,0.759104,-0.2067,1.572601
0.5768679999999999,-0.018980000000000007,-0.53679,0.708214,-0.056651,1.572242
0.562696,-0.024882999999999992,-0.541162,0.7430029999999999,0.101033,1.567205
0.553758,-0.036941999999999996,-0.538919,0.742209,0.274343,1.580202
0.552475,-0.05733899999999999,-0.53521,0.619103,0.413512,1.590527
0.547689,-0.05449599999999999,-0.549179,0.466704,0.536426,1.593627
0.5398799999999999,-0.05956400000000001,-0.555743,0.330133,0.678013,1.573739
0.539315,-0.065663,-0.573879,0.263368,0.819471,1.568534
0.551517,-0.066165,-0.5943229999999999,0.247018,0.916965,1.556288
0.553741,-0.056988999999999984,-0.597979,0.245387,1.013379,1.496977
0.554065,-0.042004999999999994,-0.6079110000000001,0.253365,1.151266,1.438834
0.585833,-0.03625599999999999,-0.6220749999999999,0.24928,1.246607,1.380701
0.615531,-0.018795999999999976,-0.607392,0.200092,1.309536,1.2743350000000002
0.609966,0.00920199999999999,-0.602084,0.253623,1.401218,1.140299
0.630393,0.029978000000000005,-0.627305,0.335283,1.508155,1.00762
0.6495230000000001,0.024314,-0.6465,0.287297,1.571528,0.896352
0.650586,0.026822999999999986,-0.639613,0.222316,1.60646,0.7791139999999999
0.659354,0.042068,-0.644015,0.142599,1.652389,0.644919
0.675319,0.06870100000000001,-0.664802,0.12651,1.708159,0.519305
0.7088669999999999,0.09031699999999998,-0.655553,0.060348,1.739391,0.357411
0.733811,0.08970500000000002,-0.6336240000000001,-0.106151,1.755803,0.177211
0.717245,0.08036399999999999,-0.681252,-0.015603,1.786244,0.06634
0.7378359999999999,0.065214,-0.727458,0.17656,1.820562,-0.038282
0.7743,0.045566,-0.6998230000000001,0.08483,1.811697,-0.156747
0.781884,0.04765600000000003,-0.66923,-0.037463,1.80349,-0.327104
0.78287,0.02109500000000003,-0.729797,0.07897,1.797275,-0.434222
0.813525,-0.012656999999999972,-0.759718,0.233513,1.757018,-0.538797
0.8427719999999999,-0.045825,-0.746153,0.291711,1.625136,-0.607235
0.896371,-0.036657,-0.7011879999999999,0.162447,1.528116,-0.754577
0.9502480000000002,-0.032287,-0.6426780000000001,-0.097751,1.411176,-0.890077
0.937042,-0.030819000000000044,-0.620689,-0.128281,1.408528,-1.012039
0.9381480000000002,-0.03056599999999999,-0.633765,0.00378,1.457386,-1.054045
0.958243,-0.03643299999999999,-0.623594,0.008586,1.47953,-1.085485
0.9825,-0.02636499999999997,-0.619176,-0.137148,1.482906,-1.087015
1.01964,0.005429999999999991,-0.6297280000000001,-0.316868,1.420327,-1.093344
1.056061,0.058741000000000015,-0.608349,-0.502557,1.3341170000000002,-1.145448
1.018787,0.042752000000000005,-0.634171,-0.535011,1.216666,-1.264802
1.018365,0.06470800000000002,-0.714067,-0.145156,1.127971,-1.325315
1.051573,0.09474600000000002,-0.703235,0.099206,0.991516,-1.41506
1.086879,0.13933399999999999,-0.65378,0.049697,0.8603779999999999,-1.562156
1.113026,0.114376,-0.614668,-0.178329,0.660675,-1.635914
1.096491,0.12612299999999999,-0.619247,-0.171591,0.534686,-1.688762
1.070196,0.135525,-0.6576850000000001,-0.046349,0.463974,-1.706455
1.081594,0.133854,-0.679119,0.021401,0.377557,-1.731535
1.096787,0.151482,-0.682392,-0.037954,0.235775,-1.727799
1.0840280000000002,0.160984,-0.713193,-0.127724,0.052497,-1.749422
1.093843,0.169669,-0.7836219999999999,-0.01787,-0.129649,-1.781397
1.112531,0.159739,-0.823693,0.000435,-0.381301,-1.788148
1.114879,0.14654899999999998,-0.835264,-0.053454,-0.649984,-1.770918
1.1207760000000002,0.155852,-0.8172159999999999,-0.153968,-0.9003419999999999,-1.745388
1.1151970000000002,0.147173,-0.799904,-0.220314,-1.12408,-1.694426
1.110249,0.15886699999999998,-0.7834669999999999,-0.176843,-1.264216,-1.660326
1.094148,0.146335,-0.756202,-0.067227,-1.410485,-1.597073
1.0887419999999999,0.161975,-0.726555,0.147509,-1.518631,-1.510731
1.07468,0.189183,-0.6844669999999999,0.295813,-1.557329,-1.44034
1.0488499999999998,0.20002,-0.657665,0.425661,-1.579886,-1.371275
1.030697,0.173186,-0.673113,0.682864,-1.609603,-1.241548
1.0292,0.162506,-0.6931689999999999,0.99768,-1.655213,-1.071809
1.010693,0.140254,-0.6809799999999999,1.161901,-1.702219,-0.945875
0.99911,0.130319,-0.680401,1.20255,-1.767863,-0.851551
0.998056,0.103663,-0.697352,1.293491,-1.863569,-0.696769
0.98951,0.07120300000000002,-0.694836,1.402741,-1.943652,-0.537097
0.96875,0.027816000000000007,-0.683408,1.503292,-1.995543,-0.390792
0.953304,-0.010654999999999968,-0.667673,1.591585,-2.048794,-0.198619
0.934424,-0.035119000000000004,-0.6324609999999999,1.593958,-2.060461,-0.006743
0.909215,-0.06250099999999997,-0.596756,1.511652,-2.030835,0.188509
0.8857819999999998,-0.07499300000000003,-0.564053,1.343304,-1.932939,0.401556
0.85796,-0.063053,-0.532353,1.175972,-1.79225,0.632631
0.85796,-0.06305300000000003,-0.5323530000000001,0.9606960000000002,-1.604131,0.818872
0.780802,-0.035390000000000005,-0.490499,0.8996389999999999,-1.3963,0.9825
0.749654,-0.030645000000000006,-0.514213,0.989198,-1.189254,1.142813
0.73312,0.0014170000000000018,-0.535474,1.161987,-0.968816,1.280382
0.730679,0.009973999999999997,-0.537515,1.152551,-0.7917269999999998,1.37904
0.703576,0.022648,-0.546223,1.020888,-0.664633,1.453322
0.661985,0.020441,-0.576099,0.9372680000000002,-0.592595,1.480756
0.645174,0.007594999999999997,-0.6125020000000001,1.016393,-0.494657,1.512132
0.635503,-0.007817,-0.627428,1.082049,-0.399144,1.561584
0.627934,-0.005977999999999998,-0.6121179999999999,0.972835,-0.353959,1.585376
0.607525,-0.010075,-0.582501,0.8146109999999999,-0.293391,1.569264
0.593444,-0.037591999999999993,-0.576199,0.85943,-0.184578,1.548647
0.578084,-0.06944,-0.59025,1.046055,-0.024299,1.546375
0.570957,-0.078674,-0.5727549999999999,1.1076,0.166589,1.582353
0.576921,-0.08636399999999998,-0.546492,0.920752,0.319993,1.626365
0.586478,-0.08427299999999999,-0.521644,0.662813,0.485753,1.661704
0.5834,-0.096074,-0.514051,0.420792,0.655092,1.68019
0.592965,-0.097103,-0.5356150000000001,0.312303,0.808865,1.719507
0.60963,-0.08895200000000003,-0.541978,0.20889,0.930715,1.71667
0.605776,-0.06065899999999999,-0.545574,0.105368,1.0795610000000002,1.672721
0.614049,-0.031293000000000015,-0.5664290000000001,0.059326,1.24536,1.647017
0.6431439999999999,-0.0013949999999999798,-0.582997,0.023275,1.367472,1.604468
0.6657230000000001,0.046124,-0.5779830000000001,-0.019921,1.457427,1.495629
0.6753610000000001,0.07573499999999998,-0.559687,-0.023834,1.531667,1.328944
0.665137,0.109696,-0.578355,0.061561,1.628959,1.151604
0.691651,0.12091199999999998,-0.62995,0.240062,1.711987,0.998599
0.7225439999999999,0.106134,-0.63417,0.204698,1.700693,0.840441
0.7167779999999999,0.11342400000000002,-0.5945309999999999,0.096981,1.719543,0.642277
0.7266760000000001,0.109454,-0.586909,0.039408,1.747064,0.485248
0.74189,0.102049,-0.5947910000000001,0.062522,1.801704,0.334368
0.7574349999999999,0.08050599999999998,-0.597364,0.16029099999999996,1.867446,0.169151
0.7815909999999999,0.081351,-0.599868,0.365672,1.965156,0.005319
0.827432,0.07887900000000002,-0.579292,0.483029,2.02747,-0.140567
0.852894,0.079577,-0.541628,0.487836,2.080412,-0.348148
0.860704,0.099536,-0.553118,0.53034,2.18038,-0.519603
0.907518,0.08848099999999998,-0.587332,0.577822,2.260793,-0.669281
0.9534260000000002,0.089159,-0.6111169999999999,0.505423,2.307985,-0.761216
1.000138,0.11410699999999997,-0.6018049999999999,0.219013,2.296084,-0.874028
1.01775,0.15401000000000004,-0.631966,-0.05624,2.252668,-0.99042
1.049569,0.19544199999999998,-0.742292,-0.186741,2.15323,-1.095513
1.10957,0.24398800000000004,-0.831476,-0.221139,1.936474,-1.274995
1.13017,0.240603,-0.8100859999999999,-0.535368,1.600545,-1.518835
1.110429,0.259143,-0.775306,-0.618532,1.348142,-1.784049
1.126719,0.249885,-0.840333,-0.30151,1.139404,-1.99296
1.174088,0.226305,-0.8425,0.117039,0.950473,-2.17393
1.217479,0.201279,-0.7657979999999999,0.274802,0.744147,-2.298736
1.245295,0.200721,-0.692798,0.247398,0.595885,-2.411942
1.2249189999999999,0.116021,-0.631725,-0.104799,0.503489,-2.487376
1.206774,0.093651,-0.6753819999999999,-0.095888,0.416945,-2.393072
1.212398,0.088367,-0.7673019999999999,0.130673,0.392141,-2.258606
1.214825,0.083247,-0.829699,0.14111,0.245709,-2.213682
1.218261,0.083207,-0.914093,0.241548,-0.033614,-2.175584
1.248408,0.104899,-1.014077,0.550642,-0.411644,-2.182702
1.2656790000000002,0.133429,-1.069484,0.955306,-0.798161,-2.210098
1.260543,0.082655,-1.099833,1.227906,-1.225062,-2.257056
1.260495,0.023235999999999975,-1.108949,1.473516,-1.664076,-2.116966
1.261174,-0.006855,-1.069272,1.62785,-1.967311,-1.94116
1.26188,-0.047987,-0.998599,1.506716,-2.285859,-1.721242
1.230851,-0.042084,-0.8668829999999998,1.430769,-2.31473,-1.478813
1.248161,-0.161072,-0.8139579999999998,1.171827,-2.510856,-1.123091
1.226896,-0.09312399999999997,-0.745823,1.518917,-2.64927,-0.971221
1.154737,-0.087175,-0.703502,1.72559,-2.61779,-0.7789749999999999
1.17309,-0.08681700000000002,-0.6968340000000001,1.916625,-2.653357,-0.552872
1.129389,-0.11574700000000003,-0.6514490000000001,1.944551,-2.6394,-0.266813
1.096702,-0.14057799999999998,-0.589031,1.665089,-2.618479,-0.008033999999999998
1.073128,-0.149771,-0.557604,1.427149,-2.571848,0.242345
1.040114,-0.130035,-0.5348900000000001,1.3224570000000002,-2.473879,0.496583
1.002239,-0.13474499999999998,-0.49565,1.157656,-2.347951,0.713221
0.950846,-0.135125,-0.456479,0.9792900000000002,-2.197628,0.8971949999999999
0.8879079999999999,-0.13258499999999998,-0.441587,0.992953,-2.000306,1.075434
0.845898,-0.14054099999999997,-0.441092,1.115485,-1.772635,1.245474
0.817586,-0.105395,-0.420624,1.227979,-1.495944,1.429862
0.775625,-0.08916799999999998,-0.3883289999999999,1.097911,-1.192857,1.583496
0.7264889999999999,-0.07662099999999998,-0.388255,0.882233,-0.910743,1.718879
0.687252,-0.055557,-0.414866,0.747457,-0.63742,1.814685
0.668367,-0.02776,-0.442061,0.730407,-0.400347,1.883017
0.649346,-0.016969,-0.464329,0.715952,-0.192561,1.928467
0.621071,-0.00809,-0.49035,0.733487,-0.011809,1.942684
0.6186050000000001,-0.009013000000000007,-0.530492,0.81361,0.1362,1.971563
0.608322,-0.012438000000000003,-0.549798,0.770178,0.265506,1.942283
0.592936,-0.015656000000000003,-0.56485,0.664302,0.387641,1.934563
0.5913660000000001,-0.037301,-0.588224,0.507331,0.440959,1.918454
0.598551,-0.04612699999999997,-0.5891649999999999,0.348139,0.444326,1.892748
0.595467,-0.040276000000000006,-0.567163,0.248678,0.513528,1.833297
0.5930660000000001,-0.04702199999999999,-0.545077,0.140547,0.600004,1.790665
0.575957,-0.054566,-0.549687,-0.011685,0.688742,1.770885
0.563606,-0.040618000000000015,-0.570036,-0.019623,0.821663,1.754975
0.578862,-0.05008099999999999,-0.561685,-0.02013,0.937598,1.717366
0.576824,-0.04249200000000002,-0.541464,-0.012213000000000003,1.087778,1.661603
0.588285,-0.03675899999999999,-0.538809,0.004359,1.219595,1.611936
0.6185769999999999,-0.009029000000000008,-0.535485,-0.007242,1.351447,1.568229
0.65637,0.02441199999999999,-0.501496,-0.083718,1.48771,1.474936
0.6652100000000001,0.07229199999999998,-0.477205,-0.07839999999999998,1.678061,1.3660040000000002
0.698995,0.108267,-0.480612,-0.068352,1.90386,1.265466
0.714307,0.103275,-0.479591,-0.221934,2.031718,1.13817
0.7307289999999999,0.15842699999999998,-0.509852,-0.173501,2.172939,1.005333
0.77151,0.178603,-0.5280130000000001,-0.268085,2.261559,0.828785
0.8010399999999999,0.20312800000000003,-0.549407,-0.347762,2.304877,0.655993
0.8056160000000001,0.23629300000000006,-0.601871,-0.288946,2.326405,0.452166
0.847893,0.27663200000000004,-0.6434190000000001,-0.113653,2.321262,0.205187
0.88412,0.27959999999999996,-0.640725,-0.005774,2.333097,-0.068529
0.898104,0.26579,-0.639401,0.213581,2.332858,-0.311789
0.904411,0.24681200000000006,-0.668083,0.559069,2.329357,-0.553586
0.935282,0.224737,-0.6857989999999999,0.769777,2.348651,-0.824665
0.982884,0.18943,-0.7221429999999999,0.772744,2.261317,-0.988578
1.053466,0.17658900000000002,-0.702753,0.610552,2.133841,-1.139584
1.065391,0.144943,-0.630223,0.194872,2.016598,-1.336988
1.063219,0.12468799999999998,-0.672001,0.251464,1.977254,-1.458659
1.10712,0.09964100000000002,-0.7716149999999999,0.535845,1.925042,-1.530338
1.168083,0.07894200000000001,-0.768866,0.602699,1.778459,-1.624072
1.20618,0.08190399999999998,-0.713608,0.327077,1.549318,-1.742543
1.202194,0.10711999999999997,-0.694771,0.197916,1.428925,-1.865672
1.215797,0.09972499999999998,-0.755408,0.346892,1.260534,-1.921769
1.242111,0.139014,-0.79539,0.651335,1.10355,-1.994467
1.276383,0.180247,-0.769351,0.7541109999999999,0.872549,-2.114498
1.281282,0.207563,-0.713355,0.714961,0.622886,-2.29274
1.229678,0.147895,-0.686096,0.531071,0.4256,-2.475033
1.205271,0.076548,-0.734646,0.436742,0.160554,-2.436178
1.201598,-0.028148000000000006,-0.787144,0.29707,-0.111711,-2.285174
1.193391,-0.086854,-0.828566,0.087705,-0.417043,-2.053392
1.196432,-0.08814099999999998,-0.845983,-0.253032,-0.633634,-1.918597
1.180205,-0.121221,-0.832667,-0.709891,-0.89192,-1.822622
1.180834,-0.090365,-0.8255159999999999,-0.589971,-1.156449,-1.712094
1.176211,-0.03906799999999999,-0.805289,-0.084534,-1.376176,-1.599609
1.159007,-0.020986000000000005,-0.771257,0.299437,-1.535403,-1.52969
1.13626,0.003245999999999971,-0.746053,0.570797,-1.71183,-1.410513
1.114347,0.05582199999999999,-0.7042390000000001,0.81738,-1.837657,-1.242079
1.077274,0.07864900000000001,-0.673364,0.905742,-1.892421,-1.139185
1.077274,0.07864799999999998,-0.6733640000000001,1.030457,-1.865076,-1.043633
0.998372,0.137844,-0.677889,1.387757,-1.826199,-0.9126
0.9610900000000002,0.159122,-0.6765840000000001,1.777983,-1.760158,-0.780374
0.934696,0.157657,-0.693625,1.994561,-1.738783,-0.671325
0.9367,0.11784500000000002,-0.699734,2.04725,-1.773691,-0.472034
0.9311909999999998,0.08743499999999998,-0.683905,2.019286,-1.84785,-0.246291
0.92842,0.040173999999999994,-0.65829,1.941095,-1.913379,-0.071403
0.93256,-0.007297999999999972,-0.643922,1.865229,-1.955698,0.134836
0.932471,-0.06242,-0.623866,1.699894,-1.978807,0.338458
0.918707,-0.10250499999999999,-0.605931,1.486573,-1.953072,0.545498
0.896461,-0.12424,-0.582303,1.296076,-1.83195,0.753617
0.8674459999999999,-0.14745200000000003,-0.5607580000000001,1.154419,-1.679117,0.96664
0.843151,-0.164331,-0.547312,1.040815,-1.501681,1.167588
0.837919,-0.150394,-0.5460530000000001,1.081471,-1.3155500000000002,1.36647
0.837706,-0.14748,-0.546756,1.082927,-1.122114,1.525407
0.830783,-0.13708599999999999,-0.547913,1.123593,-0.927673,1.656712
0.815371,-0.138385,-0.562066,1.176573,-0.7488329999999999,1.767507
0.792253,-0.135065,-0.577437,1.188023,-0.588587,1.861376
0.784061,-0.115356,-0.565268,1.112682,-0.46022,1.943031
0.769891,-0.105111,-0.560222,0.842931,-0.385111,1.968885
0.7401769999999999,-0.10855499999999998,-0.570877,0.621138,-0.348952,1.949033
0.714624,-0.128582,-0.5832660000000001,0.628345,-0.315884,1.918798
0.721462,-0.124095,-0.570603,0.716215,-0.247562,1.911669
0.69502,-0.117688,-0.555491,0.680209,-0.132941,1.864331
0.67453,-0.114441,-0.548435,0.546206,-0.015917,1.848137
0.666474,-0.119621,-0.529598,0.395246,0.061961,1.819906
0.649416,-0.121972,-0.506068,0.315081,0.192269,1.791777
0.622695,-0.13187700000000002,-0.495024,0.33644,0.342633,1.769817
0.607615,-0.1396,-0.496089,0.298992,0.498879,1.764638
0.608284,-0.132323,-0.4909620000000001,0.145251,0.649838,1.749587
0.608179,-0.11986900000000003,-0.483671,-0.01709,0.80581,1.732069
0.611685,-0.10401500000000001,-0.462952,-0.085174,0.969344,1.703871
0.598754,-0.076191,-0.450865,-0.1202,1.135356,1.663673
0.596104,-0.037769,-0.4551649999999999,-0.081885,1.339099,1.572914
0.6065419999999999,-0.0036209999999999845,-0.471827,-0.015384,1.539276,1.468937
0.6212960000000001,0.021409000000000008,-0.469977,0.049863,1.747959,1.348049
0.632541,0.033930000000000016,-0.47582,0.09941100000000003,1.910059,1.230852
0.648612,0.06573400000000001,-0.5036149999999999,0.177109,2.078447,1.072641
0.674871,0.07461399999999997,-0.560743,0.166911,2.186774,0.927629
0.720574,0.08704900000000003,-0.5921529999999999,0.035963,2.189903,0.781317
0.711725,0.10849200000000003,-0.590672,-0.126699,2.176843,0.563782
0.719228,0.12328000000000003,-0.6516409999999999,-0.081252,2.179903,0.340664
0.767298,0.12093199999999997,-0.715921,0.036731,2.111494,0.146725
0.79151,0.09914699999999997,-0.693733,-0.096161,2.01784,-0.088705
0.782988,0.095932,-0.680962,-0.170357,1.937749,-0.287819
0.7947219999999999,0.08699099999999999,-0.7188209999999999,-0.006023,1.905938,-0.443068
0.842196,0.06631700000000008,-0.722868,0.120403,1.865396,-0.611645
0.8758699999999999,0.051819,-0.686602,0.150191,1.802747,-0.784028
0.940607,0.06323099999999998,-0.6444449999999999,0.102654,1.77435,-0.933736
0.991465,0.038198,-0.5871839999999999,-0.063616,1.741833,-1.113838
0.963147,0.037217999999999966,-0.614844,0.079529,1.791683,-1.259596
0.999966,0.024426000000000007,-0.66777,0.425979,1.822889,-1.354262
1.093824,-0.005454000000000014,-0.6422289999999999,0.420112,1.778589,-1.42416
1.159874,0.03680899999999999,-0.577596,0.070359,1.685014,-1.4839
1.144874,0.09128000000000001,-0.556149,-0.265009,1.671857,-1.634249
1.141608,0.108752,-0.647265,-0.170395,1.616748,-1.740123
1.197845,0.11797000000000002,-0.705463,0.180409,1.504675,-1.840501
1.2232440000000002,0.13986700000000002,-0.677411,0.377038,1.374042,-2.008795
1.21088,0.138069,-0.670641,0.442726,1.2261,-2.189423
1.19384,0.07274,-0.748257,0.479401,0.987562,-2.2806
1.228273,0.03263099999999999,-0.800296,0.559094,0.691302,-2.252209
1.222547,-0.0037340000000000008,-0.766316,0.281005,0.453517,-2.252352
1.212557,-0.011935,-0.791833,0.104405,0.240723,-2.22582
1.2116920000000002,-0.05378100000000001,-0.867261,0.158091,-0.003001,-2.107051
1.226467,-0.045139,-0.881847,0.344207,-0.275893,-2.066389
1.228946,-0.022437,-0.863726,0.491079,-0.527505,-2.035403
1.231401,-0.018423999999999996,-0.8416369999999999,0.514401,-0.817834,-1.972126
1.218542,-0.033246,-0.7965,0.395678,-1.112159,-1.869306
1.184781,-0.042853,-0.747669,0.244739,-1.323564,-1.763067
1.161717,-0.05905500000000001,-0.72392,0.204033,-1.547997,-1.609517
1.133008,-0.080013,-0.74332,0.404104,-1.677773,-1.427866
1.118664,-0.12223699999999997,-0.73426,0.468143,-1.783453,-1.241714
1.092025,-0.11343200000000002,-0.71031,0.623818,-1.843839,-1.055428
1.07003,-0.09892200000000002,-0.723265,0.89081,-1.87945,-0.877415
1.073748,-0.06869999999999998,-0.740661,1.290001,-1.905078,-0.687051
1.060383,-0.03570800000000001,-0.710814,1.527434,-1.901815,-0.509144
1.026499,-0.023847000000000007,-0.69543,1.57751,-1.897582,-0.346153
1.019017,-0.03914800000000001,-0.714609,1.635065,-1.931098,-0.11187200000000001
1.019637,-0.058689999999999985,-0.736734,1.62531,-1.975581,0.124669
1.022984,-0.05553400000000002,-0.731307,1.512778,-2.032813,0.347785
1.0242460000000002,-0.055288,-0.7072050000000001,1.334108,-2.080518,0.52368
1.0210249999999998,-0.067071,-0.692797,1.19939,-2.099861,0.68269
1.014744,-0.10987800000000003,-0.6887530000000001,1.057335,-2.119372,0.8405019999999999
0.999778,-0.119937,-0.669782,1.057278,-2.12877,0.993768
0.984004,-0.123062,-0.636766,1.113265,-2.072053,1.107194
0.971254,-0.14579599999999998,-0.597159,1.07125,-2.003671,1.228897
0.9448430000000002,-0.134778,-0.5649489999999999,1.057171,-1.888527,1.348116
0.911755,-0.132628,-0.544829,0.998977,-1.7626,1.447926
0.880791,-0.11743699999999997,-0.5086390000000001,0.8988749999999999,-1.579195,1.549932
0.8519609999999999,-0.100695,-0.4670530000000001,0.7670139999999999,-1.409647,1.659197
0.802534,-0.084398,-0.44614,0.672911,-1.192035,1.698385
0.76338,-0.099937,-0.4652770000000001,0.627945,-1.003955,1.731748
0.73343,-0.104354,-0.475665,0.715191,-0.8072,1.77265
0.687886,-0.11551999999999997,-0.465246,0.7486049999999999,-0.620145,1.792899
0.660049,-0.119786,-0.468029,0.80052,-0.457742,1.798789
0.646271,-0.146759,-0.475421,0.79372,-0.309852,1.786425
0.621966,-0.15611199999999997,-0.47169,0.773398,-0.149908,1.781277
0.586295,-0.162564,-0.470076,0.768792,0.050438,1.803846
0.566874,-0.17323300000000003,-0.474386,0.630763,0.235989,1.845445
0.562296,-0.165976,-0.463729,0.408199,0.432163,1.896533
0.551853,-0.14248400000000003,-0.452632,0.204132,0.602798,1.9151
0.5496380000000001,-0.12771300000000002,-0.465224,0.064853,0.799132,1.933775
0.549342,-0.114383,-0.476393,-0.071894,0.97847,1.93074
0.573027,-0.07569900000000002,-0.4837090000000001,-0.191263,1.111292,1.90129
0.583566,-0.027681999999999984,-0.483141,-0.313055,1.245094,1.836863
0.594706,0.02016599999999996,-0.479257,-0.301301,1.36592,1.729259
0.600923,0.051184000000000014,-0.479577,-0.20995,1.494036,1.573561
0.5971390000000001,0.05818700000000005,-0.495707,-0.066039,1.64884,1.393835
0.590597,0.07032899999999997,-0.531026,0.186902,1.785907,1.24208
0.605447,0.06720900000000002,-0.553053,0.329597,1.935933,1.076828
0.629911,0.04824299999999999,-0.558621,0.226361,2.03798,0.935244
0.637515,0.03137399999999996,-0.593105,0.064348,2.13517,0.821281
0.680072,0.02366999999999997,-0.671263,-0.045941,2.161613,0.7654999999999998
0.7352829999999999,0.01481400000000005,-0.7286639999999999,-0.246552,2.127967,0.681873
0.787794,0.036439999999999965,-0.7289890000000001,-0.512862,2.005091,0.559618
0.8019989999999999,0.10686099999999994,-0.677322,-0.505137,1.949623,0.375121
0.797591,0.18003600000000003,-0.628954,-0.081652,2.036439,0.07663499999999998
0.774591,0.166576,-0.706526,0.7665809999999998,2.15356,-0.185997
0.841126,0.09852500000000003,-0.732204,1.277281,2.178243,-0.460039
0.91449,0.12707600000000008,-0.643394,1.342807,2.077667,-0.719172
0.963535,0.14678000000000002,-0.536518,1.104122,2.104342,-1.047931
0.978613,0.07471599999999995,-0.5105240000000001,0.745593,2.071841,-1.253868
0.9318050000000002,0.023145000000000027,-0.586328,0.853305,2.093535,-1.304289
0.967315,0.010171999999999959,-0.640421,0.996325,2.156032,-1.364432
1.032577,-0.01165900000000003,-0.601972,0.7758359999999999,2.189377,-1.47596
1.097291,-0.03781199999999996,-0.571055,0.456592,2.10723,-1.47415
1.119487,-0.002921000000000007,-0.627704,0.285485,2.044281,-1.515403
1.143946,0.022168999999999998,-0.735777,0.207642,1.944931,-1.626415
1.143946,0.022168999999999998,-0.7357769999999999,0.235514,1.760238,-1.759976
1.199651,-0.014076000000000003,-0.896218,0.10897200000000001,1.3203,-1.794495
1.189995,0.058122000000000014,-0.906612,0.005501,0.936417,-1.930436
1.224091,0.11214099999999996,-0.901773,-0.02468,0.601255,-2.118163
1.245954,0.07812000000000001,-0.876257,-0.074614,0.301409,-2.301155
1.2393900000000002,0.037566999999999996,-0.835948,-0.139189,-0.032343,-2.321205
1.188044,0.034636,-0.8083,0.0502,-0.211416,-2.313255
1.189089,-0.005599,-0.795335,0.196265,-0.290395,-2.293505
1.172332,-0.08203499999999998,-0.765711,0.155306,-0.455001,-2.178686
1.16559,-0.06988600000000002,-0.7762199999999999,0.229342,-0.597425,-2.043129
1.180606,-0.066597,-0.8062439999999998,0.313242,-0.749803,-1.929229
1.191771,-0.05703800000000001,-0.8133999999999999,0.435221,-0.92752,-1.843006
1.202912,-0.04668600000000001,-0.826357,0.577159,-1.185917,-1.73968
1.217216,-0.020940000000000014,-0.834437,0.82672,-1.411307,-1.648219
1.236713,0.018643999999999997,-0.830875,1.077206,-1.578917,-1.526739
1.232463,0.012129,-0.813706,1.085421,-1.789768,-1.382773
1.2307,0.035077,-0.790089,1.120515,-1.987253,-1.226679
1.230596,0.047993000000000015,-0.76913,1.2594,-2.117356,-1.099449
1.231163,0.06382300000000002,-0.748901,1.422544,-2.191382,-1.003624
1.219667,0.07482899999999998,-0.736728,1.595503,-2.276209,-0.867951
1.19894,0.083906,-0.741701,1.791626,-2.336776,-0.726199
1.190194,0.059545000000000015,-0.7357469999999999,1.819984,-2.405699,-0.55712
1.170762,0.007981000000000016,-0.7133940000000001,1.618319,-2.514484,-0.367896
1.145547,-0.03221200000000001,-0.6924319999999999,1.45938,-2.597304,-0.176248
1.128116,-0.077412,-0.679974,1.395706,-2.619168,-0.013421
1.113423,-0.12292599999999998,-0.6589640000000001,1.314891,-2.64924,0.1795
1.07123,-0.13419199999999998,-0.601594,1.210639,-2.63316,0.315587
1.0076010000000002,-0.155167,-0.564827,1.212548,-2.534085,0.4675
0.959197,-0.194809,-0.5453830000000001,1.3184,-2.411119,0.631589
0.911187,-0.219626,-0.51877,1.447238,-2.227337,0.829472
0.8588759999999999,-0.22782,-0.482366,1.404635,-2.04128,1.002807
0.8075609999999999,-0.232786,-0.460745,1.322554,-1.7919,1.192864
0.740358,-0.240625,-0.459824,1.229369,-1.520561,1.350266
0.696523,-0.233878,-0.470353,1.216967,-1.247617,1.53919
0.667768,-0.21657,-0.460683,1.21935,-0.989445,1.699224
0.623435,-0.202295,-0.4396,1.127409,-0.709832,1.773366
0.593646,-0.19422,-0.4580380000000001,1.089422,-0.447198,1.853688
0.592058,-0.17857699999999999,-0.458927,1.090864,-0.235879,1.925751
0.574054,-0.161288,-0.44034100000000004,0.966242,-0.035603,1.954068
0.556191,-0.148588,-0.44792000000000004,0.869913,0.138921,1.978895
0.54296,-0.152772,-0.464709,0.7980709999999999,0.314706,2.000154
0.52816,-0.149069,-0.45529,0.657719,0.478117,2.010425
0.515584,-0.130215,-0.442163,0.403397,0.66319,2.01077
0.522743,-0.13367800000000002,-0.459819,0.166256,0.835184,2.01957
0.518764,-0.131241,-0.489912,0.08350599999999998,0.98898,2.016697
0.496695,-0.136482,-0.521259,0.114674,1.139018,2.008096
0.501476,-0.129013,-0.5488000000000001,0.15557,1.300431,1.9934
0.5257620000000001,-0.12028100000000003,-0.568012,0.075467,1.4161,1.972536
0.540225,-0.10247099999999996,-0.575952,-0.027715,1.492792,1.920278
0.535676,-0.08191199999999998,-0.581468,-0.087943,1.557031,1.828353
0.520832,-0.06727,-0.610633,0.003508,1.658241,1.719788
0.5497639999999999,-0.05970300000000001,-0.672056,0.20401,1.734437,1.65972
0.596688,-0.04278799999999999,-0.670712,0.271251,1.773329,1.55845
0.630653,-0.010499999999999952,-0.63158,0.234107,1.883968,1.412181
0.645678,0.009027000000000007,-0.635319,0.25818,1.998605,1.229787
0.6726989999999999,0.03596300000000002,-0.67412,0.399828,2.109489,1.071853
0.708511,0.03624099999999997,-0.655177,0.350948,2.115028,0.877461
0.697596,0.05966899999999997,-0.644324,0.306839,2.148661,0.680617
0.742051,0.065917,-0.6659430000000001,0.337454,2.178614,0.47914
0.7675849999999999,0.081511,-0.673283,0.355744,2.229432,0.236536
0.7832129999999999,0.106592,-0.658895,0.355781,2.255713,-0.006054
0.790005,0.09859099999999997,-0.67233,0.337538,2.266088,-0.276422
0.806285,0.09869099999999997,-0.7404589999999999,0.55568,2.256197,-0.470193
0.839917,0.10794499999999996,-0.7684349999999999,0.82308,2.192613,-0.715664
0.895669,0.093955,-0.7253499999999999,0.849161,2.158957,-1.0474
0.919939,0.031972999999999974,-0.696718,0.694315,2.048008,-1.28403
0.913502,0.026173,-0.786232,0.863788,1.955345,-1.386081
0.989422,0.030870999999999982,-0.7971189999999999,0.931828,1.824574,-1.53898
1.0711210000000002,0.029316000000000005,-0.718003,0.711049,1.668423,-1.758794
1.106117,-0.019096,-0.6388240000000001,0.38985,1.514634,-1.993336
1.068123,-0.017876000000000003,-0.69038,0.510517,1.381487,-2.067644
1.11229,-0.00970000000000004,-0.697572,0.758183,1.331529,-2.187674
1.158949,-0.09155,-0.656208,0.456225,1.234244,-2.273838
1.213323,-0.100748,-0.634443,0.046898,1.0297710000000002,-2.216479
1.167418,-0.066383,-0.666404,-0.12643,0.9085780000000002,-2.223899
1.182179,-0.06143899999999999,-0.7440649999999999,0.040606,0.816884,-2.334366
1.227085,-0.017543000000000003,-0.837599,0.911808,0.706093,-2.417964
1.272906,-0.021678,-0.8441079999999999,1.540811,0.545734,-2.539385
1.289992,-0.127988,-0.8068349999999999,1.244107,0.085899,-2.489734
1.230604,-0.109193,-0.764494,0.7840249999999999,-0.260508,-2.467221
1.201379,-0.11775600000000003,-0.8486289999999999,0.521671,-0.482878,-2.322617
1.200446,-0.218957,-0.933685,0.29497,-0.7380609999999999,-2.170651
1.1928999999999998,-0.272052,-0.925744,0.150703,-1.089563,-1.922973
1.179054,-0.257689,-0.921767,0.152814,-1.304217,-1.769334
1.186992,-0.271679,-0.9460980000000002,0.293369,-1.538019,-1.596066
1.198467,-0.263095,-0.918698,0.559998,-1.760638,-1.414084
1.198145,-0.240934,-0.874235,0.761506,-1.93556,-1.246845
1.20062,-0.239211,-0.8293319999999998,0.8650839999999999,-2.122855,-1.035137
1.194112,-0.193993,-0.765509,0.980548,-2.220193,-0.8826359999999999
1.175735,-0.17512,-0.733076,1.098215,-2.271774,-0.715819
1.166278,-0.183827,-0.713599,1.1975110000000002,-2.320132,-0.529664
1.1425779999999999,-0.185833,-0.681554,1.306529,-2.353793,-0.33386
1.123937,-0.204035,-0.6591039999999999,1.378556,-2.334776,-0.135852
1.1066490000000002,-0.235864,-0.6430720000000001,1.374784,-2.344087,0.08740499999999998
1.093076,-0.26636000000000004,-0.616167,1.219022,-2.324209,0.319909
1.073945,-0.276795,-0.603674,1.01646,-2.245981,0.570348
1.051487,-0.290335,-0.593577,0.801548,-2.149141,0.8267109999999999
1.020087,-0.27696000000000004,-0.587765,0.759169,-2.020343,1.059273
0.978964,-0.261138,-0.6041289999999999,0.913792,-1.851059,1.2391120000000002
0.962768,-0.255833,-0.624769,1.095433,-1.694136,1.398543
0.944316,-0.236378,-0.613973,1.165701,-1.549535,1.540834
0.925699,-0.213028,-0.602479,1.111158,-1.427121,1.699785
0.911017,-0.190686,-0.5981829999999999,0.947782,-1.331829,1.811473
0.891666,-0.160562,-0.5868310000000001,0.908181,-1.249927,1.872786
0.847963,-0.151141,-0.570145,0.870855,-1.118325,1.871308
0.826154,-0.141959,-0.5584290000000001,0.883851,-1.019174,1.890446
0.7983089999999999,-0.13969100000000004,-0.5350410000000001,0.918986,-0.934929,1.881942
0.759106,-0.14250500000000002,-0.50497,0.8733119999999999,-0.848296,1.822539
0.726611,-0.15797999999999998,-0.483716,0.904672,-0.739429,1.772907
0.705148,-0.164429,-0.470868,1.01906,-0.578187,1.753595
0.673587,-0.173364,-0.448903,1.008446,-0.395205,1.733972
0.632549,-0.172816,-0.428857,0.888667,-0.17916399999999996,1.742978
0.583853,-0.185221,-0.423977,0.768727,0.071092,1.759163
0.552979,-0.201499,-0.428983,0.658572,0.316602,1.824852
0.535617,-0.201553,-0.44368,0.440887,0.520116,1.845758
0.5132730000000001,-0.17874099999999998,-0.45274,0.247677,0.736827,1.811212
0.497556,-0.192515,-0.466659,0.131668,0.9321680000000002,1.811802
0.483841,-0.187161,-0.489092,0.135747,1.112901,1.798224
0.46495,-0.17365599999999998,-0.530402,0.14705,1.3240630000000002,1.766521
0.476953,-0.15219200000000002,-0.551246,0.140204,1.482991,1.742059
0.493501,-0.125784,-0.5491010000000001,0.058872,1.605939,1.670487
0.515483,-0.100424,-0.557021,0.010726,1.706879,1.562825
0.541326,-0.088428,-0.560181,0.027523,1.800708,1.42995
0.535631,-0.07321999999999995,-0.5750630000000001,0.04688,1.870176,1.291078
0.548447,-0.042322000000000026,-0.5982339999999999,0.116443,1.944244,1.149957
0.5841810000000001,-0.03742400000000007,-0.5999049999999999,0.075966,1.982837,0.980866
0.592302,-0.025447000000000046,-0.5980230000000001,0.046505,2.025194,0.7815999999999999
0.588921,-0.030339999999999975,-0.6267480000000001,0.126072,2.057753,0.607979
0.58892,-0.030339999999999975,-0.626748,0.266916,2.078354,0.428454
0.649774,-0.0007279999999999509,-0.594741,0.160492,2.083748,0.220663
0.689886,0.005005999999999956,-0.56899,-0.051137,2.069343,-0.009043
0.68864,0.008816999999999962,-0.6274780000000001,0.061437,2.111833,-0.174175
0.717179,0.028997999999999968,-0.681709,0.37473,2.180308,-0.361841
0.767596,0.019169000000000103,-0.6473760000000001,0.369872,2.204168,-0.591163
0.833145,-0.030776000000000026,-0.627653,0.014175,2.093115,-0.8029279999999999
0.829177,-0.06697199999999998,-0.6617810000000001,-0.214044,1.944677,-0.951615
0.797215,-0.10002,-0.734056,-0.145002,1.852972,-1.018867
0.838904,-0.144982,-0.7535159999999999,-0.184938,1.763556,-1.123794
0.868998,-0.168852,-0.755962,-0.193034,1.671614,-1.196028
0.8864769999999998,-0.16553699999999996,-0.7754499999999999,-0.068043,1.660723,-1.254864
0.947485,-0.180054,-0.772174,-0.090926,1.582421,-1.292185
1.017676,-0.14993499999999998,-0.756286,-0.248538,1.512316,-1.335835
1.084636,-0.12716,-0.738617,-0.401078,1.402076,-1.375809
1.096432,-0.06440799999999998,-0.720021,-0.406721,1.306761,-1.454116
1.117388,0.0021769999999999845,-0.680815,-0.308445,1.257887,-1.603472
1.129893,0.017685000000000006,-0.669335,-0.129531,1.254027,-1.765952
1.12767,0.028544000000000014,-0.7177560000000001,0.135143,1.226333,-1.846188
1.1491339999999999,0.024819999999999977,-0.7129,0.037821,1.097529,-1.906473
1.1906379999999999,0.014805999999999984,-0.680423,-0.564925,0.884128,-1.880907
1.216625,0.06762699999999999,-0.668685,-1.262928,0.620128,-1.86989
1.205922,0.119442,-0.703994,-1.530222,0.432664,-1.901521
1.173475,0.17236999999999997,-0.783579,-1.194175,0.343606,-2.068338
1.178741,0.174389,-0.8416679999999999,-0.474981,0.273898,-2.181286
1.179232,0.174721,-0.825784,0.139288,0.120921,-2.299144
1.175757,0.181675,-0.8092289999999999,0.545207,0.003029,-2.38735
1.173258,0.135799,-0.835013,0.712727,-0.215027,-2.383025
1.176466,0.07356799999999998,-0.858554,0.680996,-0.514291,-2.310149
1.168241,0.05362299999999999,-0.86992,0.710379,-0.792551,-2.217881
1.168224,0.02082,-0.894293,0.831279,-1.002025,-2.131605
1.169869,-0.015426000000000025,-0.915078,1.06862,-1.239423,-2.007595
1.1583580000000002,-0.05366699999999997,-0.915809,1.367024,-1.443677,-1.864202
1.146938,-0.07708300000000001,-0.903399,1.664089,-1.628479,-1.662886
1.133268,-0.094613,-0.872284,1.834823,-1.775372,-1.434196
1.131506,-0.115095,-0.8425709999999998,1.808335,-1.91031,-1.184249
1.123182,-0.11565899999999997,-0.819153,1.768313,-2.034233,-0.913836
1.1103239999999999,-0.117371,-0.78746,1.742878,-2.132639,-0.647031
1.097489,-0.117801,-0.7616199999999999,1.776089,-2.196702,-0.429657
1.099275,-0.14805,-0.737958,1.808003,-2.248556,-0.182127
1.092016,-0.16094000000000003,-0.7058949999999999,1.820238,-2.278514,0.044809
1.071348,-0.17942799999999998,-0.668351,1.698841,-2.276872,0.284659
1.057155,-0.188572,-0.627588,1.514892,-2.25234,0.537645
1.039362,-0.183025,-0.586911,1.334442,-2.187357,0.755537
1.010827,-0.18876,-0.561318,1.17218,-2.077366,0.945661
0.973274,-0.182526,-0.537087,1.126118,-1.938815,1.111805
0.9355000000000002,-0.18661,-0.5118339999999999,1.170435,-1.745428,1.278102
0.908776,-0.172756,-0.5016020000000001,1.206125,-1.538583,1.429863
0.8653219999999999,-0.159261,-0.500665,1.201293,-1.303903,1.570653
0.8416570000000001,-0.162438,-0.510402,1.155018,-1.113056,1.70777
0.824797,-0.164178,-0.5003740000000001,1.0978770000000002,-0.946933,1.793045
0.7903249999999999,-0.171738,-0.495042,1.014007,-0.821145,1.825212
0.756485,-0.171161,-0.4887179999999999,0.99002,-0.666099,1.849037
0.7267139999999999,-0.171175,-0.494761,1.039426,-0.49724,1.87658
0.701951,-0.17545899999999998,-0.5162439999999999,1.091242,-0.321143,1.927069
0.685855,-0.17730799999999997,-0.524194,1.090545,-0.170945,1.947333
0.670125,-0.187315,-0.507349,1.016423,-0.03055,1.951742
0.652956,-0.19288,-0.483568,0.920227,0.12181,1.933181
0.624132,-0.19680000000000003,-0.482067,0.858161,0.303752,1.936337
0.60664,-0.202904,-0.494349,0.756873,0.493981,1.956326
0.601696,-0.197142,-0.511521,0.644656,0.660194,1.967809
0.581887,-0.192056,-0.5153540000000001,0.520305,0.810004,1.958857
0.5752200000000001,-0.19503000000000004,-0.5136879999999999,0.340819,0.96835,1.926817
0.576486,-0.189502,-0.514016,0.134708,1.059322,1.896069
0.5663750000000001,-0.165987,-0.5422529999999999,0.025243,1.169074,1.852174
0.564918,-0.14122099999999999,-0.568217,0.018759,1.255584,1.803755
0.57022,-0.105219,-0.572324,0.08214399999999998,1.332426,1.710845
0.578684,-0.06636300000000002,-0.551425,0.146667,1.438465,1.538233
0.579278,-0.045375,-0.538594,0.251589,1.551765,1.336749
0.579545,-0.02302399999999999,-0.559478,0.514308,1.703091,1.137981
0.595513,-0.008637000000000004,-0.57132,0.710928,1.84831,0.930607
0.624124,-0.010471000000000008,-0.546555,0.57228,1.939115,0.714151
0.6589670000000001,0.0030520000000000542,-0.533966,0.296643,1.991912,0.516757
0.671099,0.022204,-0.558058,0.106663,2.058183,0.329205
0.698531,0.04047899999999993,-0.59097,0.106518,2.106926,0.190313
0.712968,0.06728299999999998,-0.604595,0.116224,2.155248,-0.00522
0.713833,0.07111900000000004,-0.639467,0.08433799999999998,2.202255,-0.268441
0.704472,0.08040099999999993,-0.721254,0.303618,2.210758,-0.463461
0.759557,0.0842130000000001,-0.7364269999999999,0.495032,2.159274,-0.694638
0.8262039999999999,0.059854999999999985,-0.7070150000000001,0.477349,2.052134,-0.981657
0.8358879999999999,0.01623399999999997,-0.724697,0.483125,1.898764,-1.244423
0.8328569999999998,-0.019755999999999937,-0.77018,0.704344,1.753464,-1.468158
0.828133,-0.07887899999999998,-0.7647349999999999,0.858301,1.595467,-1.71248
0.837738,-0.13373400000000002,-0.751614,0.8796669999999999,1.504756,-1.928298
0.895564,-0.178539,-0.750583,0.8799829999999998,1.455502,-2.062141
0.94495,-0.222549,-0.74088,0.757892,1.386696,-2.133482
1.0146199999999999,-0.265589,-0.721396,0.688848,1.214539,-2.087493
1.061924,-0.239611,-0.673068,0.662734,1.020648,-2.003977
1.088371,-0.218549,-0.59226,0.329959,0.95035,-1.955081
1.1031,-0.187539,-0.543789,-0.287155,0.936848,-1.927416
1.073208,-0.207622,-0.5974379999999999,-0.465723,0.874419,-1.810636
1.037328,-0.15467399999999998,-0.6757690000000001,-0.015312,0.901359,-1.672152
1.0439699999999998,-0.11538,-0.665843,0.340868,0.928924,-1.609858
1.102517,-0.07284199999999999,-0.639525,0.306571,0.921872,-1.56169
1.14318,-0.05827200000000001,-0.6662140000000001,0.148037,0.767919,-1.491794
1.158319,-0.0042220000000000035,-0.712569,0.005783,0.540563,-1.454302
1.184901,0.07372299999999998,-0.761622,-0.079816,0.255562,-1.499823
1.204703,0.112847,-0.7808299999999999,-0.226347,-0.077171,-1.692672
1.20682,0.106171,-0.756832,-0.30386,-0.500619,-1.892379
1.189683,0.100598,-0.7454879999999999,-0.014796,-0.7582,-2.074718
1.205315,0.068023,-0.760227,0.404968,-0.963844,-2.128968
1.186948,0.013740999999999996,-0.755152,0.655344,-1.089203,-2.118539
1.17246,-0.07875100000000002,-0.770056,0.721929,-1.214388,-1.95046
1.163148,-0.197446,-0.801761,0.792366,-1.390774,-1.684517
1.165182,-0.263963,-0.8008849999999998,0.8885739999999999,-1.586468,-1.37385
1.181182,-0.291712,-0.787891,0.8351509999999999,-1.727359,-1.101049
1.196707,-0.33516,-0.8029999999999999,0.611754,-1.908111,-0.887626
1.214323,-0.317122,-0.816696,0.556075,-2.072832,-0.714881
1.218415,-0.293461,-0.811427,0.7499599999999998,-2.184434,-0.557396
1.214022,-0.286057,-0.7800370000000001,0.965824,-2.280154,-0.415577
1.212063,-0.26138399999999995,-0.745562,1.176662,-2.351277,-0.261771
1.192123,-0.275336,-0.718213,1.263684,-2.393553,-0.075653
1.1802929999999998,-0.28112499999999996,-0.6815180000000001,1.215921,-2.427125,0.158373
1.152982,-0.272829,-0.64114,1.0649940000000002,-2.390377,0.386069
1.1366239999999999,-0.270961,-0.626026,0.877305,-2.351079,0.625722
1.118458,-0.258494,-0.6003769999999999,0.881739,-2.285726,0.877816
1.073379,-0.231192,-0.559366,0.95935,-2.142233,1.029766
1.025799,-0.217972,-0.548902,1.021042,-1.992892,1.150322
1.000568,-0.195188,-0.5539160000000001,1.209886,-1.805225,1.297611
0.982155,-0.203478,-0.5356920000000001,1.226109,-1.626439,1.446952
0.958871,-0.183445,-0.506705,1.07481,-1.494659,1.579155
0.927585,-0.173862,-0.47528,0.905171,-1.368785,1.68473
0.873602,-0.15933799999999998,-0.458619,0.7759789999999999,-1.237205,1.716826
0.819865,-0.15814599999999998,-0.470817,0.696848,-1.074736,1.730827
0.7934609999999999,-0.146953,-0.485066,0.764725,-0.928073,1.78022
0.7519759999999999,-0.15026,-0.488958,0.8386759999999999,-0.77137,1.811458
0.693486,-0.16140999999999997,-0.495584,0.866156,-0.618766,1.794372
0.66253,-0.17252599999999998,-0.5025200000000001,0.947554,-0.478144,1.797925
0.662531,-0.172525,-0.50252,0.949517,-0.369485,1.779641
0.6249750000000001,-0.201927,-0.487763,0.948942,-0.243573,1.764916
0.609778,-0.216074,-0.47508,0.9238090000000002,-0.096146,1.732063
0.606109,-0.216246,-0.4667770000000001,0.874127,0.058834,1.718412
0.578974,-0.22782,-0.45047,0.755776,0.232163,1.709382
0.5463819999999999,-0.231808,-0.454001,0.6681,0.395537,1.693233
0.5340389999999999,-0.229037,-0.458444,0.681797,0.613028,1.689253
0.529308,-0.243085,-0.464206,0.628133,0.8315139999999999,1.708077
0.5204070000000001,-0.243322,-0.458361,0.470477,1.031443,1.713433
0.517224,-0.210523,-0.4641640000000001,0.312803,1.2375060000000002,1.698251
0.5245460000000001,-0.18559600000000004,-0.478984,0.153911,1.448342,1.638412
0.523053,-0.17485,-0.490117,0.140814,1.643572,1.572884
0.519255,-0.16417099999999998,-0.504169,0.265002,1.812088,1.492027
0.5332319999999999,-0.13158000000000003,-0.526133,0.39786,1.960081,1.378593
0.574593,-0.09712099999999997,-0.5274000000000001,0.370525,2.068293,1.231143
0.606912,-0.05938000000000004,-0.515508,0.21229,2.156518,1.036394
0.62149,-0.040004000000000046,-0.50746,0.000251,2.224249,0.840294
0.6524620000000001,-0.02146400000000004,-0.526552,-0.019394,2.261511,0.671276
0.679017,0.0053399999999998995,-0.555418,0.077198,2.321131,0.469854
0.693028,0.03248299999999993,-0.5850000000000001,0.1912,2.326855,0.251695
0.751229,0.06294300000000008,-0.583276,0.149769,2.320205,-0.031993
0.7899529999999999,0.06704200000000005,-0.566089,-0.02733,2.261625,-0.312202
0.787309,0.06815799999999994,-0.580449,0.057192,2.292961,-0.583589
0.790992,0.03538300000000005,-0.629147,0.380636,2.286847,-0.7843649999999999
0.810094,0.03627500000000006,-0.659995,0.73953,2.294353,-0.999593
0.8849599999999999,0.029629000000000013,-0.6208469999999999,0.774161,2.250108,-1.234783
0.910876,-0.023725,-0.594539,0.642655,2.128127,-1.506336
0.860287,-0.05359400000000003,-0.627633,0.7756389999999999,1.994859,-1.702518
0.8547909999999999,-0.07522099999999998,-0.640895,0.974695,1.873737,-1.886472
0.923822,-0.114541,-0.627706,1.047438,1.790404,-2.061138
1.019246,-0.15606400000000004,-0.622484,1.081986,1.742742,-2.132187
1.106902,-0.198,-0.619517,1.061525,1.654939,-2.060885
1.159646,-0.19784,-0.584759,0.645752,1.52831,-2.037425
1.220314,-0.183976,-0.572568,-0.021025,1.392758,-1.997615
1.2649,-0.177564,-0.602495,-0.518706,1.228489,-1.941738
1.277826,-0.11782699999999997,-0.643598,-0.652846,1.10352,-1.901955
1.273607,-0.08614199999999998,-0.6563950000000001,-0.665632,0.966433,-1.98258
1.272246,-0.056948,-0.710467,-0.366119,0.817905,-2.05891
1.29772,-0.032642000000000004,-0.740721,0.018071,0.628152,-2.141043
1.321474,0.012761999999999997,-0.738097,0.222411,0.407161,-2.213798
1.374761,0.022618000000000013,-0.709788,0.06454500000000002,0.125754,-2.260702
1.387106,0.017516000000000004,-0.693943,-0.322339,-0.15232,-2.291229
1.358899,0.018429000000000004,-0.709681,-0.545239,-0.411685,-2.293678
1.2996759999999998,0.010080000000000002,-0.749197,-0.381373,-0.631199,-2.290527
1.276453,0.011701999999999997,-0.7899349999999999,0.122566,-0.7791369999999999,-2.256593
1.279757,-0.017507999999999996,-0.789397,0.420789,-0.935776,-2.182089
1.285927,-0.033853999999999995,-0.771997,0.383887,-1.179953,-2.083991
1.266907,-0.067275,-0.762668,0.289487,-1.437594,-1.982388
1.264762,-0.086717,-0.759912,0.432223,-1.605563,-1.859911
1.2639300000000002,-0.09805599999999998,-0.754239,0.65935,-1.755046,-1.705895
1.2453550000000002,-0.12539299999999998,-0.750574,0.8290349999999999,-1.931406,-1.539904
1.229364,-0.14031700000000003,-0.7632129999999999,1.162581,-2.063386,-1.3362250000000002
1.233229,-0.180384,-0.7552129999999999,1.466602,-2.175655,-1.06991
1.225926,-0.197814,-0.710754,1.492745,-2.305602,-0.81865
1.220827,-0.207142,-0.687561,1.468385,-2.370914,-0.566405
1.2150189999999998,-0.24577,-0.692118,1.489284,-2.427732,-0.280252
1.201527,-0.253034,-0.6693539999999999,1.533347,-2.463539,-0.003775
1.184,-0.259024,-0.6274569999999999,1.51114,-2.464116,0.248362
1.168888,-0.257772,-0.606833,1.50711,-2.420964,0.511374
1.142184,-0.246353,-0.595337,1.511456,-2.34082,0.788769
1.115873,-0.231675,-0.5720970000000001,1.485064,-2.229111,1.043128
1.087294,-0.210751,-0.5387839999999999,1.423053,-2.08826,1.256332
1.054153,-0.189396,-0.5265489999999999,1.45643,-1.916741,1.44797
1.027392,-0.191768,-0.521436,1.467796,-1.749102,1.631146
1.002399,-0.153618,-0.509787,1.493773,-1.561675,1.779274
0.982155,-0.129736,-0.488201,1.387511,-1.372378,1.922335
0.9525110000000002,-0.113539,-0.463343,1.187141,-1.21617,2.001256
0.8997509999999999,-0.088011,-0.455319,1.071034,-1.004861,2.039226
0.864811,-0.09179300000000001,-0.464658,0.901181,-0.8171359999999999,2.05785
0.8361579999999998,-0.07949499999999998,-0.480134,0.708266,-0.67464,2.078915
0.8181359999999999,-0.079882,-0.48615,0.69069,-0.590172,2.142672
0.7632890000000001,-0.08544399999999998,-0.4752,0.674131,-0.445017,2.111023
0.717725,-0.08834799999999998,-0.4840410000000001,0.685646,-0.282485,2.07816
0.689218,-0.08288300000000001,-0.4980830000000001,0.737592,-0.126142,2.071982
0.664685,-0.097,-0.512548,0.755291,0.019243,2.076595
0.645944,-0.099664,-0.513145,0.66426,0.11774,2.034017
0.623169,-0.106593,-0.492764,0.538774,0.252992,1.973162
0.6051880000000001,-0.107176,-0.477127,0.448656,0.417657,1.925607
0.586495,-0.107869,-0.480805,0.357271,0.590759,1.894953
0.577476,-0.09684400000000003,-0.4890030000000001,0.180475,0.696651,1.855758
0.578956,-0.09398,-0.4941490000000001,0.025883,0.7683649999999999,1.807016
0.5754239999999999,-0.08102900000000002,-0.474273,-0.077392,0.872958,1.707662
0.56898,-0.088341,-0.462585,-0.189129,0.955454,1.599893
0.564824,-0.06855999999999995,-0.4690710000000001,-0.210412,1.075886,1.481408
0.554207,-0.053128000000000015,-0.482908,-0.116707,1.217681,1.361866
0.538367,-0.04403999999999997,-0.486461,0.019654,1.41044,1.226706
0.514398,-0.05219799999999997,-0.5017069999999999,0.209963,1.583958,1.109771
0.51679,-0.04833399999999999,-0.560718,0.333174,1.704789,0.977094
0.5473399999999999,-0.025522000000000048,-0.594657,0.346417,1.775295,0.829785
0.5709420000000001,-0.029789999999999987,-0.594255,0.283658,1.865103,0.676256
0.591216,-0.06452200000000001,-0.617931,0.22209,1.952815,0.570963
0.620015,-0.05857399999999996,-0.655802,0.223205,1.98696,0.486413
0.637607,-0.03468699999999997,-0.674088,0.088615,1.986063,0.349817
0.673648,-0.0042280000000000095,-0.6898289999999999,-0.062998,1.958635,0.179366
0.7341919999999998,0.006541999999999992,-0.666659,-0.121635,1.952003,0.010314
0.748919,-0.0008859999999999979,-0.642114,-0.154483,1.934281,-0.188817
0.7569969999999999,0.013834000000000016,-0.65765,0.061033,1.959978,-0.373028
0.7671,0.008336000000000012,-0.677626,0.385602,1.974765,-0.579896
0.791378,-0.026567000000000007,-0.667676,0.620892,1.967292,-0.797768
0.822654,-0.04092199999999996,-0.658817,0.736201,1.945274,-0.96644
0.910931,-0.073702,-0.622426,0.583378,1.915148,-1.116324
0.952697,-0.10564399999999996,-0.596594,0.333846,1.870619,-1.23991
0.961796,-0.127627,-0.616139,0.318086,1.84719,-1.319545
0.95673,-0.163659,-0.661934,0.480092,1.777645,-1.389047
0.976814,-0.15954,-0.650153,0.622426,1.726486,-1.477955
1.021161,-0.160189,-0.58971,0.426974,1.638997,-1.577152
1.063849,-0.13367,-0.548179,0.146833,1.588149,-1.639203
1.121818,-0.11176800000000003,-0.518459,-0.144003,1.458153,-1.656517
1.153388,-0.042006999999999954,-0.518579,-0.351736,1.373229,-1.726797
1.114437,-0.0013980000000000106,-0.564493,-0.251185,1.345473,-1.762769
1.146568,0.02356399999999997,-0.618635,0.116335,1.317915,-1.807762
1.239227,0.05315499999999999,-0.641633,0.186751,1.199183,-1.909945
1.252894,0.05242200000000001,-0.667971,-0.000617,0.946113,-2.018579
1.2197460000000002,0.06789399999999998,-0.721821,0.024152,0.644948,-2.177222
1.209471,0.04952500000000001,-0.7933859999999999,0.334058,0.367019,-2.267798
1.225916,-0.014849,-0.844105,0.570321,0.121762,-2.299414
1.245475,-0.05282199999999999,-0.8377859999999999,0.494204,-0.114999,-2.226793
1.239617,-0.040801,-0.854143,0.370499,-0.388671,-2.13366
1.237639,-0.049423,-0.905079,0.306683,-0.631794,-2.082684
1.257191,-0.056094999999999985,-0.9322530000000002,0.410686,-0.893903,-1.999961
1.273316,-0.04050599999999999,-0.9571670000000002,0.648042,-1.132493,-1.895268
1.2878520000000002,-0.0066940000000000055,-0.972354,0.9652480000000002,-1.423682,-1.795098
1.280124,-0.001998,-0.968681,1.109931,-1.745481,-1.712196
1.274053,-0.011510000000000018,-0.935066,1.201909,-2.056334,-1.63668
1.269178,-0.022411999999999987,-0.8809469999999999,1.345014,-2.300405,-1.515213
1.273328,-0.028718999999999995,-0.8332269999999999,1.473066,-2.475528,-1.37106
1.271801,-0.05085300000000001,-0.769152,1.477313,-2.624242,-1.193385
1.251805,-0.068188,-0.6957990000000001,1.398132,-2.741131,-1.012365
1.251805,-0.068188,-0.6958000000000001,1.329641,-2.789599,-0.798846
1.203535,-0.164164,-0.576526,1.2669800000000002,-2.774599,-0.575759
1.177217,-0.198084,-0.556386,1.24704,-2.73722,-0.317662
1.141366,-0.227635,-0.5569759999999999,1.213473,-2.662302,-0.057196
1.10085,-0.24034,-0.546548,1.219025,-2.574879,0.198469
1.062234,-0.266011,-0.5211520000000001,1.183868,-2.418051,0.43101
1.011438,-0.278972,-0.494801,1.159637,-2.239418,0.674436
0.971266,-0.281903,-0.507727,1.279839,-2.052776,0.926546
0.947344,-0.279558,-0.508532,1.319197,-1.857911,1.171251
0.910903,-0.25767900000000005,-0.48021,1.146793,-1.66874,1.346761
0.878915,-0.22573,-0.4684300000000001,0.942491,-1.467163,1.502823
0.8562019999999999,-0.198845,-0.479488,0.894901,-1.262656,1.671263
0.824739,-0.170389,-0.48475,0.9549780000000002,-1.026566,1.775966
0.805195,-0.14566599999999996,-0.490909,1.022568,-0.825772,1.862621
0.7847969999999999,-0.121298,-0.496687,1.048661,-0.645015,1.903417
0.767217,-0.115375,-0.483559,0.937871,-0.518325,1.918668
0.741302,-0.109783,-0.480966,0.874758,-0.375404,1.91705
0.72035,-0.114345,-0.485994,0.915669,-0.220228,1.942223
0.68861,-0.123214,-0.4834,0.841562,-0.08229,1.940603
0.660207,-0.133616,-0.487165,0.76,0.07878699999999998,1.948593
0.637494,-0.140255,-0.493226,0.707839,0.239817,1.944593
0.6170019999999999,-0.150144,-0.508241,0.666674,0.402216,1.961115
0.593829,-0.156035,-0.518977,0.579023,0.559616,1.937711
0.580588,-0.169857,-0.53872,0.569597,0.744055,1.951851
0.580057,-0.170132,-0.570631,0.545734,0.874746,1.943113
0.585237,-0.158914,-0.584327,0.435083,0.973426,1.929427
0.58622,-0.146773,-0.578063,0.252301,1.053408,1.880648
0.601803,-0.12638400000000002,-0.5725039999999999,0.101498,1.100628,1.831971
0.609941,-0.08496799999999999,-0.5738000000000001,-0.008980999999999998,1.171119,1.747127
0.636404,-0.04998199999999997,-0.5588299999999999,-0.009307,1.257512,1.645628
0.6450400000000001,-0.008977000000000013,-0.521281,0.04801,1.3305380000000002,1.49479
0.635543,0.031671000000000005,-0.480963,0.135688,1.469391,1.267884
0.64608,0.05864199999999997,-0.472079,0.26606,1.646096,1.033777
0.681683,0.05678300000000003,-0.44224,0.207808,1.821765,0.841419
0.689002,0.05037600000000003,-0.393584,-0.053671,1.990394,0.676486
0.680842,0.046201999999999965,-0.4553820000000001,-0.165919,2.181699,0.582995
0.691094,0.01341500000000001,-0.546442,-0.201854,2.284054,0.513958
0.688222,-0.008580000000000032,-0.603911,-0.154497,2.382875,0.431835
0.716186,-0.026954000000000033,-0.652881,-0.088623,2.452371,0.32929
0.7559519999999998,-0.03195700000000001,-0.702448,-0.046919,2.453335,0.22079
0.778089,-0.02845400000000004,-0.740375,-0.055204,2.406815,0.089286
0.794664,-0.02552100000000001,-0.7686779999999999,-0.019253,2.333102,-0.055285
0.8456989999999999,-0.004552999999999974,-0.7882119999999999,0.070675,2.239986,-0.217817
0.893058,0.030929000000000043,-0.7558,0.133706,2.143412,-0.460119
0.9037360000000002,0.039258000000000015,-0.713383,0.197923,2.066859,-0.728887
0.910366,0.04331999999999997,-0.752424,0.520375,2.005914,-0.906656
0.943189,0.06878300000000004,-0.743655,0.845452,1.909621,-1.119376
0.977443,0.092408,-0.664263,0.8854349999999999,1.774621,-1.38934
1.043847,0.11318899999999997,-0.587548,0.820003,1.661479,-1.65717
1.150466,0.11071099999999993,-0.5193720000000001,0.552228,1.605525,-1.882113
1.198207,0.097267,-0.483388,0.345753,1.52649,-2.042902
1.170643,0.08665600000000001,-0.5103099999999999,0.343395,1.519004,-2.137028
1.185519,0.07846800000000002,-0.544191,0.454854,1.523865,-2.205562
1.2381639999999998,0.06163799999999998,-0.534096,0.44753,1.524006,-2.265963
1.272349,0.028703000000000006,-0.538863,0.27042,1.431905,-2.298757
1.273405,0.033750999999999975,-0.628711,0.306438,1.324381,-2.315373
1.312781,0.03335100000000001,-0.74347,0.467373,1.209841,-2.303951
1.362831,0.038422000000000005,-0.805695,0.478289,0.970396,-2.338506
1.3603269999999998,0.01421399999999999,-0.838105,0.184103,0.508089,-2.396278
1.317171,0.021194,-0.87415,0.074838,0.047278,-2.489851
1.331159,0.020695,-0.939721,0.179637,-0.364428,-2.558871
1.323882,-0.012869999999999993,-0.936258,0.323059,-0.659856,-2.586994
1.312514,-0.060482,-0.889715,0.398089,-1.013486,-2.510234
1.29693,-0.055380999999999986,-0.8593839999999999,0.518123,-1.305034,-2.368247
1.275886,-0.048448999999999985,-0.82565,0.625551,-1.514526,-2.27838
1.247806,-0.097541,-0.785798,0.730202,-1.660497,-2.119823
1.226102,-0.10837500000000001,-0.748975,0.98446,-1.870791,-1.819609
1.182037,-0.09128999999999998,-0.7315689999999999,1.183213,-1.99062,-1.56437
1.146083,-0.092422,-0.727991,1.279916,-2.00946,-1.384343
1.1267140000000002,-0.07243099999999998,-0.7454959999999999,1.605705,-2.054636,-1.168778
1.121301,-0.02526999999999996,-0.746514,2.114092,-2.134988,-0.906862
1.115897,-0.018697999999999992,-0.7256519999999999,2.457231,-2.227602,-0.687582
1.124531,-0.05873800000000001,-0.696691,2.433246,-2.367775,-0.45929
1.130604,-0.10890700000000003,-0.659002,2.179006,-2.508116,-0.177223
1.127712,-0.12461899999999998,-0.613815,1.917293,-2.61787,0.070962
1.11552,-0.158357,-0.576722,1.586767,-2.668099,0.273052
1.094815,-0.16410000000000002,-0.542025,1.417455,-2.620394,0.439123
1.066312,-0.168802,-0.4905669999999999,1.454471,-2.445082,0.650057
1.028407,-0.190649,-0.448493,1.51464,-2.251238,0.898403
0.986081,-0.193428,-0.422249,1.460686,-2.000468,1.135581
0.9376930000000002,-0.174878,-0.413866,1.289202,-1.751155,1.338704
0.885158,-0.142891,-0.428143,1.163952,-1.432215,1.509228
0.859061,-0.11995,-0.431615,1.185542,-1.092318,1.704193
0.8353399999999999,-0.119249,-0.448423,1.217189,-0.8024099999999998,1.832862
0.813129,-0.111994,-0.493123,1.279411,-0.499035,1.919328
0.825496,-0.102594,-0.536012,1.356758,-0.288649,2.018092
0.813296,-0.111485,-0.553414,1.173602,-0.142274,2.057247
0.798364,-0.105611,-0.579235,0.961323,-0.053549,2.112164
0.792459,-0.09739,-0.6081730000000001,0.8180739999999999,-0.058763,2.122733
0.782232,-0.10452,-0.6137349999999999,0.689789,-0.117599,2.076677
0.7458639999999999,-0.09217299999999998,-0.575352,0.601681,-0.110778,1.938911
0.716654,-0.094418,-0.560631,0.651536,-0.021791,1.859237
0.714106,-0.10997699999999996,-0.545757,0.596187,0.035557,1.819171
0.707774,-0.12413999999999997,-0.513012,0.376932,0.058123,1.763159
0.676518,-0.12383300000000003,-0.467199,0.086494,0.127916,1.628489
0.626826,-0.13224799999999998,-0.441826,-0.04164,0.308381,1.54823
0.5952409999999999,-0.108282,-0.436044,0.082512,0.469881,1.565114
0.568585,-0.084841,-0.450356,0.24813,0.676448,1.528929
0.552329,-0.129471,-0.484133,0.212944,0.875531,1.497107
0.564235,-0.132641,-0.511331,0.199884,1.055013,1.484701
0.559191,-0.11829,-0.498866,0.13773,1.259855,1.486661
0.5542469999999999,-0.086866,-0.490004,0.087873,1.458707,1.4331140000000002
0.5612710000000001,-0.065529,-0.51005,0.006375,1.620869,1.322821
0.579449,-0.03798300000000005,-0.5436690000000001,0.040072,1.759931,1.256299
0.6059920000000001,-0.017118999999999995,-0.550037,0.113048,1.883174,1.151262
0.6205700000000001,-0.003472000000000031,-0.548047,0.111378,1.998942,1.01469
0.6399090000000001,-0.0011829999999999894,-0.569871,0.118413,2.088962,0.8613
0.646631,0.007830999999999977,-0.585888,0.090329,2.092213,0.714017
0.670669,0.03919699999999999,-0.592138,0.052271,2.139152,0.552195
0.701681,0.025569000000000005,-0.588301,-0.02606,2.154529,0.378223
0.737607,0.01362800000000003,-0.6028589999999999,-0.012552,2.164082,0.246694
0.779077,-0.0062200000000000024,-0.609172,-0.065133,2.163829,0.12226600000000003
0.823488,-0.001599000000000017,-0.614411,-0.176356,2.136428,-0.007044
0.860225,0.028440000000000017,-0.583284,-0.282928,2.166323,-0.153324
0.8666339999999999,0.014241999999999979,-0.58738,-0.132581,2.249318,-0.328123
0.9050370000000002,-0.01014200000000004,-0.6373829999999999,0.266242,2.357131,-0.510857
0.939449,-0.03150699999999995,-0.65813,0.590734,2.385229,-0.675477
0.979137,-0.02485300000000001,-0.6284749999999999,0.67528,2.394984,-0.8430769999999999
1.0410789999999999,-0.029305000000000025,-0.6045560000000001,0.410984,2.366051,-0.946158
1.102185,-0.017000000000000015,-0.602111,0.051367,2.289515,-1.022842
1.152515,-0.014066999999999996,-0.604745,-0.345826,2.134586,-1.13204
1.1372890000000002,0.0008039999999999714,-0.659688,-0.522485,1.954434,-1.243128
1.150425,0.01811199999999996,-0.6929609999999999,-0.49738,1.841632,-1.381621
1.184764,0.033926000000000005,-0.672783,-0.638429,1.632483,-1.453992
1.217308,0.097142,-0.633561,-1.066221,1.475041,-1.566872
1.243306,0.140588,-0.620337,-1.390998,1.294235,-1.734957
1.225224,0.174739,-0.6774309999999999,-0.95567,1.188391,-1.946215
1.206536,0.114901,-0.735601,-0.280298,1.0720710000000002,-2.137624
1.206536,0.114901,-0.735602,0.396402,0.92289,-2.251733
1.2095449999999999,0.067059,-0.7339169999999999,0.596935,0.7266369999999999,-2.317349
1.223315,0.044988,-0.74435,0.523181,0.531866,-2.371422
1.224114,0.014886000000000003,-0.760303,0.419042,0.270457,-2.336214
1.209728,0.010834,-0.799299,0.36874,0.016449,-2.282789
1.209707,0.047864,-0.83679,0.447024,-0.238369,-2.256874
1.218319,0.059417,-0.858207,0.598847,-0.501993,-2.240374
1.214231,0.034672999999999995,-0.8670930000000001,0.640969,-0.887654,-2.157559
1.205419,0.08700599999999999,-0.860775,0.821021,-1.165876,-2.139765
1.218669,0.153894,-0.873467,1.214877,-1.340722,-2.126575
1.220189,0.169808,-0.8790839999999999,1.719334,-1.605776,-2.069521
1.199257,0.197066,-0.855447,2.173734,-1.894528,-2.051099
1.214492,0.204883,-0.8176069999999999,2.471099,-2.127206,-1.981242
1.234445,0.16538600000000003,-0.753441,2.529302,-2.299875,-1.776911
1.246829,0.11601700000000002,-0.701469,2.311894,-2.463253,-1.48629
1.240188,0.069265,-0.666902,1.951078,-2.593977,-1.212932
1.212453,0.0008269999999999944,-0.635072,1.663435,-2.656161,-0.969713
1.202243,-0.09714,-0.5933999999999999,1.487004,-2.675353,-0.684079
1.178459,-0.164853,-0.567782,1.437881,-2.682251,-0.405405
1.140598,-0.206817,-0.551897,1.433894,-2.647487,-0.168964
1.107125,-0.265454,-0.533803,1.467501,-2.535533,0.07584699999999998
1.055333,-0.32817,-0.524954,1.527739,-2.360194,0.372544
1.006614,-0.361057,-0.540796,1.582983,-2.16644,0.681253
0.977454,-0.381536,-0.556089,1.619781,-1.961506,1.020043
0.951974,-0.391283,-0.548547,1.57464,-1.778554,1.332108
0.928422,-0.368076,-0.540086,1.518473,-1.58155,1.591107
0.908471,-0.32831,-0.530772,1.438925,-1.350427,1.773949
0.8951719999999999,-0.267401,-0.536853,1.426781,-1.126638,1.931623
0.886552,-0.203055,-0.547175,1.363219,-0.906419,2.075879
0.8874889999999999,-0.147707,-0.554036,1.173892,-0.757656,2.191076
0.883401,-0.101758,-0.530947,0.914966,-0.645662,2.247032
0.8584549999999999,-0.06719,-0.501803,0.690515,-0.560829,2.21746
0.8371929999999999,-0.04317699999999999,-0.497142,0.664358,-0.461932,2.194292
0.797143,-0.045397000000000014,-0.4883130000000001,0.612663,-0.391413,2.104763
0.750904,-0.039637000000000006,-0.489654,0.71842,-0.216402,2.043098
0.70931,-0.06015400000000001,-0.498351,0.789996,-0.061418,1.99595
0.664932,-0.08131299999999998,-0.482456,0.7550409999999999,0.09341,1.938903
0.623895,-0.115578,-0.483577,0.734551,0.2948,1.901102
0.6037049999999999,-0.15776099999999998,-0.499341,0.758178,0.479457,1.916495
0.594293,-0.1803,-0.521478,0.751256,0.657636,1.896877
0.605888,-0.180924,-0.5300340000000001,0.680774,0.811311,1.865083
0.610464,-0.193242,-0.524753,0.555237,0.9539550000000002,1.830762
0.6147400000000001,-0.200138,-0.5271650000000001,0.43835,1.080535,1.80618
0.617901,-0.179603,-0.530973,0.338606,1.209794,1.740552
0.611081,-0.170136,-0.5395570000000001,0.304968,1.348614,1.659415
0.629732,-0.15581099999999998,-0.561369,0.349732,1.476841,1.586876
0.6428389999999999,-0.144332,-0.5571680000000001,0.423992,1.585338,1.506027
0.6460349999999999,-0.115693,-0.5360260000000001,0.410229,1.672967,1.328437
0.632247,-0.094578,-0.535294,0.352321,1.778688,1.122979
0.637027,-0.09301600000000003,-0.568044,0.348332,1.862694,1.016636
0.659633,-0.08065900000000002,-0.581654,0.360355,1.928319,0.903133
0.672337,-0.05643299999999996,-0.5738399999999999,0.306205,2.008518,0.747201
0.665743,-0.044633000000000034,-0.579852,0.232503,2.087156,0.559893
0.675695,-0.039642000000000004,-0.613127,0.261748,2.142917,0.394557
0.717595,-0.021633000000000013,-0.63806,0.278866,2.168499,0.229183
0.7723299999999998,0.005277000000000086,-0.6348499999999999,0.193476,2.12847,0.032427
0.788895,0.008708999999999967,-0.639441,0.158314,2.087493,-0.216155
0.797118,0.003338999999999981,-0.678282,0.327652,2.042214,-0.451037
0.8338379999999999,-0.032976000000000005,-0.682167,0.37958,1.964836,-0.671613
0.827303,-0.07209100000000002,-0.688978,0.410748,1.870399,-0.858417
0.791317,-0.08944799999999997,-0.713993,0.553,1.848243,-1.012512
0.786257,-0.12264599999999998,-0.734246,0.65104,1.848145,-1.13176
0.800348,-0.15913599999999992,-0.730922,0.687951,1.82248,-1.230609
0.842436,-0.165661,-0.7176170000000001,0.702928,1.775661,-1.317338
0.898472,-0.16814700000000002,-0.683076,0.576053,1.681205,-1.385025
0.95528,-0.13302400000000003,-0.640727,0.345094,1.584142,-1.437247
1.018793,-0.097798,-0.592197,-0.009628,1.511111,-1.521142
1.049027,-0.07312800000000001,-0.579028,-0.227301,1.460442,-1.621696
1.035386,-0.08635100000000001,-0.620156,-0.039719,1.4203960000000002,-1.697251
1.021736,-0.07721,-0.647646,0.30835,1.364781,-1.774844
1.0834720000000002,-0.06751400000000002,-0.620807,0.362682,1.280311,-1.868688
1.1547399999999999,-0.06089699999999997,-0.601162,0.138012,1.147826,-1.926868
1.223179,-0.04032300000000005,-0.610857,-0.074118,0.9483,-1.971645
1.261432,0.006813000000000013,-0.642761,-0.217394,0.694925,-2.054766
1.266113,0.031736000000000014,-0.682783,-0.146438,0.461518,-2.196608
1.263596,0.045905,-0.733821,0.086152,0.227236,-2.326029
1.2518840000000002,0.044018,-0.7637819999999998,0.315004,0.00033,-2.401158
1.2511850000000002,0.037936,-0.7820599999999999,0.410448,-0.242867,-2.446345
1.231501,0.034205000000000006,-0.8009429999999998,0.369871,-0.476059,-2.441227
1.19311,0.009685,-0.841622,0.323119,-0.705768,-2.350391
1.192746,-0.039452,-0.893317,0.169984,-0.980308,-2.212725
1.204718,-0.011636000000000007,-0.942329,0.125817,-1.245216,-2.0953
1.2409379999999999,0.006171999999999998,-0.960437,0.118426,-1.511341,-2.036934
1.279972,-0.002918000000000004,-0.966351,0.227382,-1.779704,-1.987964
1.293984,-0.026095000000000007,-0.932559,0.330389,-2.099089,-1.852049
1.295617,-0.045795,-0.8870409999999999,0.355949,-2.351533,-1.71882
1.295529,-0.06248899999999999,-0.858866,0.496093,-2.492507,-1.573481
1.287704,-0.09579500000000002,-0.830386,0.782981,-2.589353,-1.41822
1.26953,-0.12419300000000003,-0.80557,1.248282,-2.614737,-1.212039
1.239243,-0.159798,-0.751127,1.664379,-2.589085,-1.010854
1.215189,-0.216982,-0.692105,1.850283,-2.579556,-0.725676
1.189977,-0.240626,-0.657196,1.859615,-2.527224,-0.399979
1.1766660000000002,-0.274415,-0.633506,1.56429,-2.522447,-0.083222
1.142402,-0.287099,-0.63016,1.289555,-2.469665,0.215334
1.115056,-0.302088,-0.635945,1.16541,-2.414096,0.534726
1.096148,-0.278307,-0.619591,1.334864,-2.284969,0.794321
1.051239,-0.261483,-0.583893,1.468626,-2.1095,0.992191
1.016925,-0.251902,-0.5567409999999999,1.53625,-1.934168,1.217685
0.9815370000000002,-0.216237,-0.532168,1.509617,-1.756792,1.386268
0.9413220000000002,-0.19212,-0.5309740000000001,1.436356,-1.556281,1.531769
0.901199,-0.189311,-0.542264,1.45852,-1.336046,1.676238
0.86256,-0.172729,-0.5551200000000001,1.552934,-1.120486,1.848626
0.843393,-0.14679199999999998,-0.549374,1.504199,-0.92486,1.974882
0.823228,-0.12325100000000003,-0.520634,1.289247,-0.7871639999999999,2.017616
0.80764,-0.12043,-0.516834,1.078059,-0.667625,2.03139
0.781991,-0.13105100000000003,-0.522422,0.96748,-0.5814,2.011731
0.760581,-0.134211,-0.542041,1.047819,-0.476275,2.015356
0.7384009999999999,-0.15655900000000003,-0.5443310000000001,1.136878,-0.402716,1.99609
0.7119660000000001,-0.16052300000000003,-0.531224,1.224616,-0.304908,1.967152
0.691139,-0.17878,-0.5031080000000001,1.20079,-0.174412,1.908952
0.681032,-0.189422,-0.4665420000000001,1.107137,-0.042686,1.879547
0.65521,-0.194633,-0.450351,0.971819,0.09622000000000003,1.853671
0.634622,-0.19256,-0.44545,0.841241,0.264532,1.862748
0.612976,-0.188223,-0.41949,0.697027,0.47414,1.850029
0.586067,-0.199265,-0.38428000000000007,0.420542,0.690833,1.812863
0.553412,-0.191319,-0.35563100000000003,0.185524,0.946887,1.732227
0.55537,-0.147812,-0.381891,0.196738,1.187135,1.638946
0.57679,-0.099244,-0.419545,0.376889,1.43893,1.513381
0.583312,-0.076023,-0.43678,0.532761,1.651299,1.360116
0.5825,-0.052398999999999966,-0.46199,0.74012,1.849086,1.226308
0.59313,-0.05052500000000004,-0.483766,0.811766,2.005256,1.040338
0.6152770000000001,-0.04682500000000001,-0.5071620000000001,0.792906,2.131849,0.910975
0.633215,-0.04537600000000003,-0.498842,0.591662,2.242342,0.773977
0.668333,-0.022919999999999937,-0.490356,0.291278,2.3404,0.65731
0.685703,-0.011958000000000024,-0.485132,0.009156,2.467641,0.503239
0.683159,0.0011210000000000384,-0.5225059999999999,-0.002353,2.593096,0.371468
0.718909,0.022348000000000035,-0.57369,0.214989,2.754256,0.203945
0.8067999999999999,0.04768400000000006,-0.5817220000000001,0.383642,2.86141,-0.033578
0.8067999999999999,0.04768400000000006,-0.5817220000000001,0.398327,2.903503,-0.314777
0.8134679999999999,0.043605,-0.640963,0.682255,2.970814,-0.548397
0.878767,0.03671200000000008,-0.7069669999999999,1.06065,3.004992,-0.798597
0.965569,0.025772000000000017,-0.737282,1.297542,2.924387,-1.11173
1.003048,-0.022450000000000078,-0.7537339999999999,1.4763,2.714806,-1.463291
1.006672,-0.07641200000000002,-0.76214,1.612408,2.448121,-1.75093
1.053108,-0.121039,-0.753755,1.537988,2.154332,-1.996759
1.10524,-0.14858499999999997,-0.733013,1.259102,1.851455,-2.206779
1.122873,-0.232395,-0.7088110000000001,0.9288090000000002,1.5329,-2.355368
1.118218,-0.249313,-0.68954,0.908039,1.260472,-2.398395
1.125357,-0.22769000000000006,-0.650915,0.8133679999999999,1.081941,-2.441744
1.157996,-0.202129,-0.607807,0.610604,0.972752,-2.449224
1.192555,-0.201869,-0.56219,0.372241,0.873602,-2.410983
1.187666,-0.188319,-0.547057,0.20734,0.774451,-2.338756
1.192448,-0.17771699999999999,-0.546789,0.035127,0.66681,-2.26775
1.183482,-0.177024,-0.545373,-0.243565,0.545615,-2.190932
1.174142,-0.179303,-0.575866,-0.406995,0.387864,-2.078767
1.176935,-0.173179,-0.5971839999999999,-0.521428,0.230327,-2.011181
1.197987,-0.14951499999999998,-0.614341,-0.578284,0.071615,-1.971222
1.234548,-0.122458,-0.644236,-0.488062,-0.114927,-1.941754
1.250476,-0.110489,-0.657347,-0.431997,-0.326204,-1.918313
1.256296,-0.07617999999999998,-0.642853,-0.308654,-0.527247,-1.882727
1.26373,-0.051261,-0.63554,-0.20002,-0.719016,-1.853147
1.271269,-0.027198,-0.645558,0.012489,-0.866228,-1.851247
1.254472,-0.037143,-0.657593,0.222726,-1.05738,-1.804617
1.230055,-0.06172,-0.646466,0.316645,-1.256068,-1.719599
1.209782,-0.113235,-0.632001,0.214654,-1.469719,-1.540836
1.185315,-0.142055,-0.637866,0.090438,-1.648876,-1.346545
1.182108,-0.16994599999999999,-0.671387,0.032015,-1.761904,-1.101532
1.17061,-0.203831,-0.692979,0.16569,-1.84176,-0.836813
1.171087,-0.274463,-0.735838,0.200306,-1.942507,-0.638679
1.179721,-0.191267,-0.798242,0.557966,-1.980599,-0.518372
1.201668,-0.10588399999999996,-0.8476490000000001,1.155557,-2.005938,-0.368604
1.211591,-0.06528199999999998,-0.865619,1.640825,-2.10825,-0.202079
1.219764,-0.002088000000000006,-0.869561,1.876388,-2.218971,-0.093928
1.246179,0.040184000000000004,-0.856063,1.814512,-2.370101,0.085995
1.244771,0.080056,-0.801701,1.589772,-2.517878,0.237791
1.233156,0.108029,-0.76066,1.243659,-2.623391,0.319275
1.220257,0.09105,-0.759302,1.088542,-2.724701,0.407176
1.201792,0.054446,-0.7465170000000001,1.212335,-2.763492,0.520979
1.184715,0.016602999999999996,-0.701665,1.43642,-2.779616,0.617979
1.1620990000000002,-0.042432,-0.641545,1.578282,-2.748887,0.708787
1.1264889999999999,-0.104391,-0.59025,1.617028,-2.671371,0.819714
1.082531,-0.16328899999999996,-0.540529,1.611469,-2.548995,0.986037
1.036553,-0.199317,-0.4851,1.469799,-2.387645,1.1543850000000002
0.975506,-0.198803,-0.442792,1.324269,-2.184853,1.322665
0.939299,-0.188807,-0.41695,1.222778,-1.970946,1.475322
0.889357,-0.174248,-0.385935,1.0930780000000002,-1.738795,1.556666
0.819696,-0.168543,-0.375348,1.083345,-1.488506,1.59123
0.761469,-0.171299,-0.371652,1.193541,-1.22192,1.609095
0.712793,-0.17857499999999998,-0.36405999999999994,1.428555,-0.940374,1.65134
0.6569240000000001,-0.201024,-0.351457,1.559442,-0.646927,1.680076
0.6253110000000001,-0.22002,-0.35661200000000004,1.575243,-0.356235,1.703753
0.59968,-0.233389,-0.366926,1.530998,-0.060638,1.752618
0.580916,-0.256152,-0.375466,1.457385,0.227745,1.809853
0.562196,-0.279616,-0.378414,1.363069,0.498559,1.845416
0.559994,-0.280327,-0.38451900000000006,1.284755,0.748862,1.878599
0.556935,-0.288836,-0.393073,1.091357,0.99772,1.881353
0.5655220000000001,-0.297044,-0.405309,0.8625629999999999,1.219614,1.904604
0.56704,-0.292899,-0.428616,0.687848,1.398847,1.919599
0.56998,-0.277496,-0.451107,0.557167,1.592754,1.906911
0.583152,-0.24940500000000004,-0.461476,0.451087,1.765894,1.872593
0.59803,-0.246969,-0.468461,0.247285,1.889989,1.80676
0.6260169999999999,-0.216054,-0.490169,0.080388,1.979729,1.739898
0.636285,-0.191997,-0.5125170000000001,0.029875,2.060015,1.647941
0.62423,-0.177912,-0.527605,0.008656,2.16712,1.511354
0.624853,-0.16147999999999998,-0.553311,-0.035577,2.216879,1.385663
0.649799,-0.155215,-0.586288,-0.07226599999999998,2.226183,1.254051
0.674932,-0.153822,-0.604174,-0.116222,2.213802,1.127237
0.669296,-0.150216,-0.6092219999999999,-0.129831,2.267003,0.978718
0.659661,-0.14434599999999997,-0.630415,-0.036851,2.305919,0.835258
0.683563,-0.13998700000000003,-0.656613,0.05741,2.33142,0.699063
0.717919,-0.133913,-0.648454,0.021006,2.280896,0.543409
0.74614,-0.12323099999999998,-0.6338539999999999,-0.016745,2.259643,0.372015
0.782042,-0.140019,-0.61234,-0.158459,2.214984,0.170254
0.778072,-0.12548599999999993,-0.608689,-0.067788,2.226843,0.013587
0.7753509999999999,-0.10640700000000004,-0.615169,0.179452,2.274693,-0.157332
0.809217,-0.07664400000000003,-0.6061719999999999,0.424188,2.343037,-0.375327
0.90701,-0.07651099999999998,-0.568634,0.450952,2.418243,-0.640883
0.969326,-0.063415,-0.572437,0.501272,2.428669,-0.883322
1.008137,-0.022394000000000025,-0.577765,0.590825,2.425844,-1.112392
1.058445,-0.002403000000000044,-0.5536,0.470948,2.441837,-1.4095
1.0628929999999999,-0.090683,-0.627344,0.609919,2.333214,-1.58281
1.052753,-0.10138899999999997,-0.7208939999999999,1.025526,2.247979,-1.716868
1.104104,-0.11438599999999997,-0.681427,0.934482,2.097363,-1.897845
1.1797309999999999,-0.10926899999999995,-0.6184780000000001,0.456521,1.933564,-2.012005
1.190324,-0.150978,-0.61353,-0.135091,1.706321,-2.038228
1.158339,-0.144301,-0.66537,-0.425881,1.560483,-2.009648
1.151006,-0.13344199999999995,-0.673357,-0.635844,1.413631,-1.991763
1.18424,-0.07296199999999997,-0.667695,-0.638938,1.292738,-2.043473
1.228748,-0.018905999999999975,-0.6574420000000001,-0.514658,1.177773,-2.146752
1.2706940000000002,0.012309999999999988,-0.6582680000000001,-0.269028,1.041097,-2.296816
1.275191,0.0017819999999999778,-0.658069,-0.018294,0.859309,-2.450423
1.250586,-0.017349000000000003,-0.687853,0.364917,0.623984,-2.565009
1.242941,-0.067169,-0.703068,0.7409639999999998,0.34234,-2.63609
1.255223,-0.110412,-0.696102,0.972478,0.057018,-2.62785
1.280773,-0.13283899999999998,-0.668058,0.906464,-0.240945,-2.587669
1.276419,-0.15836,-0.650134,0.7362459999999998,-0.521806,-2.493457
1.26163,-0.167694,-0.63658,0.657438,-0.715774,-2.33763
1.242893,-0.16246,-0.630881,0.647108,-0.8924459999999999,-2.155136
1.226661,-0.161026,-0.630347,0.60137,-1.086556,-1.990752
1.219821,-0.137527,-0.62627,0.696354,-1.262984,-1.823729
1.207025,-0.118271,-0.618118,0.880618,-1.41001,-1.691557
1.203953,-0.130955,-0.6243909999999999,0.993918,-1.575523,-1.508801
1.202941,-0.140417,-0.622952,1.108382,-1.735949,-1.275383
1.201658,-0.165556,-0.6049439999999999,1.1015180000000002,-1.872286,-1.051912
1.187034,-0.20369,-0.604982,1.078555,-1.978992,-0.777885
1.199323,-0.245938,-0.6078659999999999,0.968644,-2.087286,-0.460553
1.2028,-0.278227,-0.603221,0.7396669999999999,-2.135681,-0.149668
1.216502,-0.28854899999999994,-0.608754,0.519267,-2.183055,0.164891
1.22474,-0.280697,-0.577942,0.231438,-2.212195,0.467193
1.236352,-0.227965,-0.549251,-0.019664,-2.231502,0.703164
1.247124,-0.165071,-0.533694,-0.11159500000000001,-2.232725,0.869527
1.237461,-0.100462,-0.511566,0.01072,-2.225798,1.015752
1.223532,-0.023678000000000005,-0.470633,0.256488,-2.155548,1.078913
1.1998160000000002,0.021026000000000017,-0.42508699999999994,0.356521,-2.078257,1.110358
1.183098,0.061373,-0.384663,0.506751,-1.997591,1.16853
1.164491,0.097182,-0.346503,0.525859,-1.899648,1.219069
1.139896,0.13482,-0.311141,0.406539,-1.787303,1.245136
1.0890430000000002,0.148127,-0.271791,0.265163,-1.664315,1.238594
1.032667,0.154521,-0.26594599999999996,0.200379,-1.426156,1.258541
0.992362,0.147483,-0.27893499999999993,0.165169,-1.228362,1.291921
0.940362,0.15381299999999998,-0.295424,0.22179,-1.02544,1.289267
0.894608,0.167048,-0.287161,0.297861,-0.78479,1.246781
0.8587629999999999,0.175579,-0.289473,0.374023,-0.561404,1.198317
0.82183,0.191168,-0.314526,0.394057,-0.385395,1.144923
0.78421,0.199137,-0.336781,0.345603,-0.21848,1.0468
0.7408019999999998,0.214108,-0.37980100000000006,0.412064,-0.008732,0.9537040000000002
0.7408019999999998,0.214108,-0.37980100000000006,0.49097,0.14645,0.919819
0.657636,0.16301099999999996,-0.49105,0.441274,0.30148,0.926682
0.639596,0.153278,-0.541104,0.234071,0.35504,0.9261
0.623741,0.15339499999999998,-0.61001,-0.0008949999999999999,0.337128,0.842383
