epoch (ms),time (-07:00),elapsed (s),X-Axis (T),Y-Axis (T),Z-Axis (T)
1616622156355,2021-03-24T21:43:34.318Z,87.33200000000001,-15.748611450195312,-32.11944580078125,34.676387786865234
1616622156395,2021-03-24T21:43:34.329Z,87.37200000000001,-16.436111450195312,-30.244443893432614,36.67638778686523
1616622156434,2021-03-24T21:43:34.331Z,87.411,-16.811111450195312,-35.43194580078125,37.11388778686523
1616622156474,2021-03-24T21:43:34.342Z,87.45100000000001,-17.186111450195312,-32.11944580078125,35.926387786865234
1616622156513,2021-03-24T21:43:34.345Z,87.49,-17.186111450195312,-32.11944580078125,37.11388778686523
1616622156553,2021-03-24T21:43:34.347Z,87.53,-16.436111450195312,-30.619443893432614,36.30138778686523
1616622156593,2021-03-24T21:43:34.358Z,87.57,-16.436111450195312,-31.744443893432614,36.73888778686523
1616622156632,2021-03-24T21:43:34.360Z,87.609,-16.436111450195312,-32.86944580078125,36.30138778686523
1616622156672,2021-03-24T21:43:34.362Z,87.649,-15.748611450195312,-31.744443893432614,35.488887786865234
1616622156713,2021-03-24T21:43:34.373Z,87.69,-16.436111450195312,-31.744443893432614,36.36388778686523
1616622156752,2021-03-24T21:43:34.375Z,87.729,-15.748611450195312,-31.744443893432614,36.67638778686523
1616622156792,2021-03-24T21:43:34.378Z,87.76899999999999,-16.123611450195312,-33.24444580078125,35.488887786865234
1616622156831,2021-03-24T21:43:34.389Z,87.80799999999999,-17.186111450195312,-32.49444580078125,37.11388778686523
1616622156871,2021-03-24T21:43:34.391Z,87.848,-16.436111450195312,-31.744443893432614,35.863887786865234
1616622156910,2021-03-24T21:43:34.403Z,87.887,-16.436111450195312,-30.994443893432614,36.30138778686523
1616622156950,2021-03-24T21:43:34.405Z,87.927,-16.811111450195312,-30.306943893432614,36.73888778686523
1616622156989,2021-03-24T21:43:34.407Z,87.96600000000001,-16.436111450195312,-31.744443893432614,36.67638778686523
1616622157029,2021-03-24T21:43:34.418Z,88.006,-16.123611450195312,-29.556943893432614,36.30138778686523
1616622157069,2021-03-24T21:43:34.421Z,88.046,-16.811111450195312,-29.931943893432614,37.11388778686523
1616622157108,2021-03-24T21:43:34.422Z,88.085,-16.436111450195312,-38.05694580078125,37.92638778686523
1616622157148,2021-03-24T21:43:34.433Z,88.125,-16.436111450195312,-30.244443893432614,37.11388778686523
1616622157189,2021-03-24T21:43:34.435Z,88.166,-16.811111450195312,-29.931943893432614,37.11388778686523
1616622157228,2021-03-24T21:43:34.438Z,88.205,-14.998611450195312,-29.931943893432614,37.11388778686523
1616622157268,2021-03-24T21:43:34.449Z,88.245,-15.748611450195312,-28.806943893432614,35.863887786865234
1616622157307,2021-03-24T21:43:34.451Z,88.28399999999999,-16.123611450195312,-26.181943893432614,37.48888778686523
1616622157347,2021-03-24T21:43:34.453Z,88.324,-16.436111450195312,-26.931943893432614,36.30138778686523
1616622157386,2021-03-24T21:43:34.464Z,88.363,-16.811111450195312,-25.494443893432614,36.73888778686523
1616622157426,2021-03-24T21:43:34.467Z,88.40299999999999,-15.373611450195312,-27.306943893432614,37.11388778686523
1616622157466,2021-03-24T21:43:34.478Z,88.443,-15.373611450195312,-27.306943893432614,36.30138778686523
1616622157505,2021-03-24T21:43:34.480Z,88.48200000000001,-16.436111450195312,-25.119443893432614,35.863887786865234
1616622157545,2021-03-24T21:43:34.482Z,88.522,-14.998611450195312,-26.931943893432614,37.48888778686523
1616622157584,2021-03-24T21:43:34.493Z,88.561,-16.123611450195312,-25.119443893432614,35.488887786865234
1616622157625,2021-03-24T21:43:34.495Z,88.602,-16.811111450195312,-25.431943893432614,37.11388778686523
1616622157665,2021-03-24T21:43:34.497Z,88.64200000000001,-16.123611450195312,-26.556943893432614,36.67638778686523
1616622157704,2021-03-24T21:43:34.509Z,88.681,-17.936111450195312,-26.931943893432614,35.863887786865234
1616622157744,2021-03-24T21:43:34.511Z,88.721,-17.186111450195312,-22.494443893432614,37.11388778686523
1616622157783,2021-03-24T21:43:34.513Z,88.76,-17.186111450195312,-40.24444580078125,37.48888778686523
1616622157823,2021-03-24T21:43:34.524Z,88.8,-16.436111450195312,-24.369443893432614,36.30138778686523
1616622157863,2021-03-24T21:43:34.527Z,88.84,-17.186111450195312,-23.619443893432614,36.30138778686523
1616622157902,2021-03-24T21:43:34.537Z,88.87899999999999,-16.123611450195312,-24.744443893432614,35.051387786865234
1616622157942,2021-03-24T21:43:34.539Z,88.919,-16.436111450195312,-22.869443893432614,36.73888778686523
1616622157981,2021-03-24T21:43:34.542Z,88.958,-16.436111450195312,-22.494443893432614,36.67638778686523
1616622158021,2021-03-24T21:43:34.553Z,88.99799999999999,-17.561111450195312,-25.806943893432614,35.051387786865234
1616622158060,2021-03-24T21:43:34.555Z,89.037,-17.186111450195312,-22.494443893432614,36.73888778686523
1616622158101,2021-03-24T21:43:34.557Z,89.07799999999999,-16.436111450195312,-22.494443893432614,36.67638778686523
1616622158141,2021-03-24T21:43:34.568Z,89.118,-16.123611450195312,-23.244443893432614,34.238887786865234
1616622158180,2021-03-24T21:43:34.571Z,89.15700000000001,-16.811111450195312,-22.869443893432614,35.863887786865234
1616622158220,2021-03-24T21:43:34.573Z,89.197,-16.436111450195312,-23.994443893432614,36.67638778686523
1616622158260,2021-03-24T21:43:34.584Z,89.23700000000001,-16.436111450195312,-23.244443893432614,35.488887786865234
1616622158299,2021-03-24T21:43:34.643Z,89.27600000000001,-16.811111450195312,-21.744443893432614,36.67638778686523
1616622158339,2021-03-24T21:43:34.645Z,89.316,-16.436111450195312,-23.994443893432614,36.30138778686523
1616622158378,2021-03-24T21:43:34.647Z,89.355,-16.811111450195312,-22.119443893432614,36.30138778686523
1616622158418,2021-03-24T21:43:34.659Z,89.395,-16.123611450195312,-23.994443893432614,37.48888778686523
1616622158457,2021-03-24T21:43:34.661Z,89.434,-16.436111450195312,-39.86944580078125,37.11388778686523
1616622158497,2021-03-24T21:43:34.663Z,89.47399999999999,-15.748611450195312,-23.244443893432614,34.676387786865234
1616622158538,2021-03-24T21:43:34.674Z,89.515,-16.436111450195312,-21.369443893432614,37.48888778686523
1616622158577,2021-03-24T21:43:34.677Z,89.554,-15.748611450195312,-26.556943893432614,36.30138778686523
1616622158617,2021-03-24T21:43:34.687Z,89.594,-16.061111450195312,-22.869443893432614,37.11388778686523
1616622158656,2021-03-24T21:43:34.689Z,89.633,-15.748611450195312,-23.619443893432614,37.48888778686523
1616622158696,2021-03-24T21:43:34.692Z,89.67299999999999,-16.123611450195312,-27.306943893432614,35.488887786865234
1616622158736,2021-03-24T21:43:34.718Z,89.713,-15.748611450195312,-23.244443893432614,37.11388778686523
1616622158775,2021-03-24T21:43:34.720Z,89.75200000000001,-15.748611450195312,-22.869443893432614,37.92638778686523
1616622158815,2021-03-24T21:43:34.723Z,89.792,-16.811111450195312,-22.494443893432614,35.488887786865234
1616622158854,2021-03-24T21:43:34.734Z,89.831,-16.436111450195312,-22.494443893432614,37.92638778686523
1616622158894,2021-03-24T21:43:34.736Z,89.87100000000001,-16.436111450195312,-23.619443893432614,36.30138778686523
1616622158933,2021-03-24T21:43:34.738Z,89.91,-16.123611450195312,-23.244443893432614,36.67638778686523
1616622158973,2021-03-24T21:43:34.749Z,89.95,-16.436111450195312,-23.244443893432614,37.48888778686523
1616622159014,2021-03-24T21:43:34.752Z,89.991,-15.748611450195312,-23.619443893432614,37.11388778686523
1616622159053,2021-03-24T21:43:34.763Z,90.03,-16.436111450195312,-25.431943893432614,36.30138778686523
1616622159093,2021-03-24T21:43:34.765Z,90.07,-16.123611450195312,-23.994443893432614,36.67638778686523
1616622159133,2021-03-24T21:43:34.767Z,90.11,-14.998611450195312,-36.55694580078125,37.92638778686523
1616622159172,2021-03-24T21:43:34.779Z,90.149,-16.811111450195312,-23.619443893432614,37.11388778686523
1616622159212,2021-03-24T21:43:34.781Z,90.189,-16.123611450195312,-23.994443893432614,36.30138778686523
1616622159251,2021-03-24T21:43:34.783Z,90.228,-16.123611450195312,-24.369443893432614,35.863887786865234
1616622159291,2021-03-24T21:43:34.794Z,90.26799999999999,-15.373611450195312,-23.994443893432614,37.11388778686523
1616622159330,2021-03-24T21:43:34.797Z,90.307,-17.186111450195312,-23.619443893432614,37.92638778686523
1616622159370,2021-03-24T21:43:34.808Z,90.34700000000001,-15.748611450195312,-26.556943893432614,37.92638778686523
1616622159409,2021-03-24T21:43:34.809Z,90.38600000000001,-15.748611450195312,-24.369443893432614,37.55138778686523
1616622159450,2021-03-24T21:43:34.812Z,90.427,-15.373611450195312,-25.806943893432614,39.11388778686523
1616622159490,2021-03-24T21:43:34.823Z,90.46700000000001,-14.998611450195312,-25.119443893432614,37.48888778686523
1616622159530,2021-03-24T21:43:34.825Z,90.507,-14.998611450195312,-25.431943893432614,39.11388778686523
1616622159569,2021-03-24T21:43:34.827Z,90.546,-15.373611450195312,-27.306943893432614,40.36388778686523
1616622159609,2021-03-24T21:43:34.838Z,90.586,-14.623611450195312,-27.306943893432614,37.92638778686523
1616622159648,2021-03-24T21:43:34.841Z,90.625,-14.623611450195312,-28.056943893432614,39.55138778686523
1616622159688,2021-03-24T21:43:34.843Z,90.665,-13.498611450195312,-27.306943893432614,41.55138778686523
1616622159727,2021-03-24T21:43:34.854Z,90.704,-14.248611450195312,-28.806943893432614,38.30138778686523
1616622159767,2021-03-24T21:43:34.856Z,90.744,-14.998611450195312,-27.306943893432614,40.36388778686523
1616622159806,2021-03-24T21:43:34.867Z,90.78299999999999,-13.873611450195312,-38.43194580078125,40.36388778686523
1616622159846,2021-03-24T21:43:34.869Z,90.823,-14.248611450195312,-28.806943893432614,37.48888778686523
1616622159887,2021-03-24T21:43:34.872Z,90.86399999999999,-13.873611450195312,-27.681943893432614,39.92638778686523
1616622159927,2021-03-24T21:43:34.882Z,90.904,-14.248611450195312,-28.431943893432614,39.55138778686523
1616622159966,2021-03-24T21:43:34.885Z,90.943,-13.123611450195312,-27.681943893432614,39.61388778686523
1616622160006,2021-03-24T21:43:34.887Z,90.98299999999999,-14.998611450195312,-28.056943893432614,41.17638778686523
1616622160045,2021-03-24T21:43:34.899Z,91.022,-13.498611450195312,-30.994443893432614,39.55138778686523
1616622160085,2021-03-24T21:43:34.900Z,91.06200000000001,-13.873611450195312,-26.556943893432614,39.92638778686523
1616622160124,2021-03-24T21:43:34.903Z,91.101,-14.623611450195312,-26.931943893432614,39.11388778686523
1616622160164,2021-03-24T21:43:34.914Z,91.141,-14.623611450195312,-28.431943893432614,38.73888778686523
1616622160203,2021-03-24T21:43:34.916Z,91.18,-13.873611450195312,-27.306943893432614,39.92638778686523
1616622160243,2021-03-24T21:43:34.918Z,91.22,-13.873611450195312,-28.056943893432614,39.55138778686523
1616622160282,2021-03-24T21:43:34.929Z,91.259,-13.873611450195312,-27.681943893432614,37.92638778686523
1616622160322,2021-03-24T21:43:34.931Z,91.29899999999999,-13.123611450195312,-25.806943893432614,39.55138778686523
1616622160363,2021-03-24T21:43:34.943Z,91.34,-13.873611450195312,-28.806943893432614,40.36388778686523
1616622160403,2021-03-24T21:43:34.944Z,91.38,-13.873611450195312,-27.681943893432614,38.73888778686523
1616622160442,2021-03-24T21:43:34.947Z,91.419,-14.623611450195312,-28.056943893432614,41.55138778686523
1616622160482,2021-03-24T21:43:34.958Z,91.459,-14.623611450195312,-37.68194580078125,40.36388778686523
1616622160521,2021-03-24T21:43:34.960Z,91.49799999999999,-13.873611450195312,-25.806943893432614,38.73888778686523
1616622160561,2021-03-24T21:43:34.963Z,91.538,-14.998611450195312,-27.306943893432614,41.17638778686523
1616622160600,2021-03-24T21:43:34.974Z,91.57700000000001,-14.248611450195312,-26.181943893432614,37.92638778686523
1616622160640,2021-03-24T21:43:34.976Z,91.617,-14.998611450195312,-28.056943893432614,37.92638778686523
1616622160679,2021-03-24T21:43:34.978Z,91.656,-14.248611450195312,-26.556943893432614,39.55138778686523
1616622160719,2021-03-24T21:43:34.989Z,91.696,-13.873611450195312,-26.931943893432614,39.55138778686523
1616622160760,2021-03-24T21:43:34.992Z,91.73700000000001,-14.248611450195312,-27.306943893432614,39.55138778686523
1616622160800,2021-03-24T21:43:35.002Z,91.777,-14.248611450195312,-26.931943893432614,39.11388778686523
1616622160839,2021-03-24T21:43:35.004Z,91.816,-14.623611450195312,-29.181943893432614,38.73888778686523
1616622160879,2021-03-24T21:43:35.007Z,91.85600000000001,-13.123611450195312,-26.556943893432614,39.98888778686523
1616622160918,2021-03-24T21:43:35.018Z,91.895,-14.623611450195312,-26.181943893432614,40.36388778686523
1616622160958,2021-03-24T21:43:35.020Z,91.935,-14.623611450195312,-27.681943893432614,37.92638778686523
1616622160997,2021-03-24T21:43:35.022Z,91.97399999999999,-13.498611450195312,-27.681943893432614,39.17638778686523
1616622161037,2021-03-24T21:43:35.034Z,92.014,-14.248611450195312,-30.619443893432614,39.98888778686523
1616622161076,2021-03-24T21:43:35.036Z,92.053,-14.248611450195312,-28.806943893432614,39.55138778686523
1616622161116,2021-03-24T21:43:35.038Z,92.09299999999999,-14.623611450195312,-27.306943893432614,40.73888778686523
1616622161156,2021-03-24T21:43:35.049Z,92.133,-14.248611450195312,-34.36944580078125,41.17638778686523
1616622161195,2021-03-24T21:43:35.052Z,92.17200000000001,-14.998611450195312,-26.931943893432614,38.73888778686523
1616622161236,2021-03-24T21:43:35.063Z,92.213,-13.498611450195312,-28.056943893432614,39.55138778686523
1616622161276,2021-03-24T21:43:35.065Z,92.25299999999999,-14.998611450195312,-29.931943893432614,38.36388778686523
1616622161315,2021-03-24T21:43:35.067Z,92.292,-14.248611450195312,-26.556943893432614,38.80138778686523
1616622161355,2021-03-24T21:43:35.078Z,92.33200000000001,-13.123611450195312,-29.556943893432614,39.92638778686523
1616622161394,2021-03-24T21:43:35.080Z,92.37100000000001,-13.873611450195312,-27.681943893432614,38.36388778686523
1616622161434,2021-03-24T21:43:35.110Z,92.411,-14.998611450195312,-28.056943893432614,38.73888778686523
1616622161473,2021-03-24T21:43:35.112Z,92.45,-14.623611450195312,-27.306943893432614,39.98888778686523
1616622161513,2021-03-24T21:43:35.123Z,92.49,-15.373611450195312,-27.681943893432614,39.55138778686523
1616622161552,2021-03-24T21:43:35.125Z,92.529,-12.373611450195312,-25.494443893432614,41.61388778686523
1616622161592,2021-03-24T21:43:35.128Z,92.569,-14.623611450195312,-28.056943893432614,40.80138778686523
1616622161632,2021-03-24T21:43:35.139Z,92.609,-14.623611450195312,-27.306943893432614,39.11388778686523
1616622161671,2021-03-24T21:43:35.141Z,92.648,-13.873611450195312,-26.181943893432614,41.17638778686523
1616622161712,2021-03-24T21:43:35.143Z,92.689,-13.498611450195312,-29.556943893432614,40.36388778686523
1616622161752,2021-03-24T21:43:35.154Z,92.729,-14.248611450195312,-28.431943893432614,38.73888778686523
1616622161791,2021-03-24T21:43:35.157Z,92.76799999999999,-13.498611450195312,-26.931943893432614,41.61388778686523
1616622161831,2021-03-24T21:43:35.168Z,92.80799999999999,-13.873611450195312,-35.11944580078125,38.73888778686523
1616622161870,2021-03-24T21:43:35.169Z,92.84700000000001,-12.373611450195312,-27.306943893432614,38.73888778686523
1616622161910,2021-03-24T21:43:35.172Z,92.887,-14.623611450195312,-26.931943893432614,39.17638778686523
1616622161949,2021-03-24T21:43:35.198Z,92.926,-14.248611450195312,-29.181943893432614,38.36388778686523
1616622161989,2021-03-24T21:43:35.200Z,92.96600000000001,-13.123611450195312,-25.119443893432614,38.80138778686523
1616622162029,2021-03-24T21:43:35.202Z,93.006,-13.123611450195312,-28.431943893432614,39.55138778686523
1616622162068,2021-03-24T21:43:35.214Z,93.045,-12.748611450195312,-32.49444580078125,38.36388778686523
1616622162108,2021-03-24T21:43:35.216Z,93.085,-14.623611450195312,-25.806943893432614,39.98888778686523
1616622162149,2021-03-24T21:43:35.218Z,93.126,-13.498611450195312,-28.056943893432614,40.36388778686523
1616622162188,2021-03-24T21:43:35.229Z,93.165,-14.623611450195312,-27.306943893432614,39.55138778686523
1616622162228,2021-03-24T21:43:35.232Z,93.205,-13.873611450195312,-26.181943893432614,40.36388778686523
1616622162267,2021-03-24T21:43:35.242Z,93.244,-11.998611450195312,-26.556943893432614,39.61388778686523
1616622162307,2021-03-24T21:43:35.244Z,93.28399999999999,-14.248611450195312,-28.056943893432614,38.30138778686523
1616622162346,2021-03-24T21:43:35.247Z,93.323,-14.248611450195312,-26.931943893432614,39.98888778686523
1616622162386,2021-03-24T21:43:35.273Z,93.363,-13.498611450195312,-29.931943893432614,40.36388778686523
1616622162426,2021-03-24T21:43:35.275Z,93.40299999999999,-13.123611450195312,-29.181943893432614,38.36388778686523
1616622162465,2021-03-24T21:43:35.277Z,93.44200000000001,-12.373611450195312,-27.306943893432614,39.11388778686523
1616622162505,2021-03-24T21:43:35.289Z,93.48200000000001,-14.248611450195312,-33.61944580078125,39.98888778686523
1616622162544,2021-03-24T21:43:35.291Z,93.521,-13.498611450195312,-32.11944580078125,38.36388778686523
1616622162585,2021-03-24T21:43:35.293Z,93.56200000000001,-13.498611450195312,-26.181943893432614,39.98888778686523
1616622162625,2021-03-24T21:43:35.304Z,93.602,-13.873611450195312,-27.306943893432614,37.92638778686523
1616622162664,2021-03-24T21:43:35.307Z,93.641,-13.873611450195312,-26.556943893432614,39.17638778686523
1616622162704,2021-03-24T21:43:35.318Z,93.681,-15.373611450195312,-28.431943893432614,38.73888778686523
1616622162743,2021-03-24T21:43:35.320Z,93.72,-14.248611450195312,-27.306943893432614,38.73888778686523
1616622162783,2021-03-24T21:43:35.322Z,93.76,-13.873611450195312,-27.306943893432614,39.55138778686523
1616622162822,2021-03-24T21:43:35.333Z,93.79899999999999,-13.498611450195312,-27.306943893432614,39.17638778686523
1616622162862,2021-03-24T21:43:35.335Z,93.839,-14.623611450195312,-26.556943893432614,39.11388778686523
1616622162902,2021-03-24T21:43:35.338Z,93.87899999999999,-13.873611450195312,-27.681943893432614,39.55138778686523
1616622162941,2021-03-24T21:43:35.348Z,93.91799999999999,-13.873611450195312,-28.056943893432614,39.55138778686523
1616622162981,2021-03-24T21:43:35.351Z,93.958,-13.873611450195312,-28.056943893432614,39.98888778686523
1616622163020,2021-03-24T21:43:35.353Z,93.99700000000001,-13.498611450195312,-28.056943893432614,39.92638778686523
1616622163061,2021-03-24T21:43:35.364Z,94.038,-13.873611450195312,-33.99444580078125,40.73888778686523
1616622163101,2021-03-24T21:43:35.366Z,94.07799999999999,-11.623611450195312,-28.056943893432614,38.73888778686523
1616622163140,2021-03-24T21:43:35.377Z,94.117,-14.623611450195312,-27.306943893432614,40.80138778686523
1616622163180,2021-03-24T21:43:35.380Z,94.15700000000001,-13.123611450195312,-31.369443893432614,39.11388778686523
1616622163219,2021-03-24T21:43:35.382Z,94.196,-13.498611450195312,-26.181943893432614,39.11388778686523
1616622163259,2021-03-24T21:43:35.392Z,94.236,-14.248611450195312,-26.931943893432614,39.98888778686523
1616622163299,2021-03-24T21:43:35.395Z,94.27600000000001,-13.873611450195312,-28.056943893432614,37.92638778686523
1616622163338,2021-03-24T21:43:35.397Z,94.315,-13.873611450195312,-27.681943893432614,38.36388778686523
1616622163378,2021-03-24T21:43:35.408Z,94.355,-13.873611450195312,-27.306943893432614,41.17638778686523
1616622163417,2021-03-24T21:43:35.410Z,94.39399999999999,-13.123611450195312,-26.556943893432614,39.55138778686523
1616622163457,2021-03-24T21:43:35.413Z,94.434,-14.248611450195312,-25.494443893432614,39.98888778686523
1616622163498,2021-03-24T21:43:35.439Z,94.475,-13.498611450195312,-26.556943893432614,39.98888778686523
1616622163537,2021-03-24T21:43:35.441Z,94.514,-13.873611450195312,-27.306943893432614,37.48888778686523
1616622163577,2021-03-24T21:43:35.442Z,94.554,-13.873611450195312,-27.306943893432614,39.98888778686523
1616622163616,2021-03-24T21:43:35.453Z,94.59299999999999,-13.498611450195312,-28.056943893432614,39.55138778686523
1616622163656,2021-03-24T21:43:35.455Z,94.633,-14.998611450195312,-26.556943893432614,39.98888778686523
1616622163696,2021-03-24T21:43:35.457Z,94.67299999999999,-12.748611450195312,-27.681943893432614,39.55138778686523
1616622163735,2021-03-24T21:43:35.468Z,94.712,-14.248611450195312,-33.61944580078125,39.98888778686523
1616622163775,2021-03-24T21:43:35.471Z,94.75200000000001,-13.873611450195312,-27.306943893432614,37.92638778686523
1616622163814,2021-03-24T21:43:35.473Z,94.791,-14.248611450195312,-25.119443893432614,39.92638778686523
1616622163854,2021-03-24T21:43:35.484Z,94.831,-14.248611450195312,-35.05694580078125,37.92638778686523
1616622163893,2021-03-24T21:43:35.486Z,94.87,-14.248611450195312,-27.306943893432614,39.17638778686523
1616622163933,2021-03-24T21:43:35.497Z,94.91,-15.373611450195312,-25.494443893432614,40.80138778686523
1616622163974,2021-03-24T21:43:35.499Z,94.95100000000001,-13.123611450195312,-29.181943893432614,36.67638778686523
1616622164013,2021-03-24T21:43:35.502Z,94.99,-14.623611450195312,-26.556943893432614,38.80138778686523
1616622164053,2021-03-24T21:43:35.513Z,95.03,-13.498611450195312,-27.306943893432614,40.36388778686523
1616622164093,2021-03-24T21:43:35.515Z,95.07,-13.123611450195312,-27.681943893432614,38.73888778686523
1616622164132,2021-03-24T21:43:35.517Z,95.109,-14.623611450195312,-25.431943893432614,39.11388778686523
1616622164172,2021-03-24T21:43:35.528Z,95.149,-12.748611450195312,-27.306943893432614,39.92638778686523
1616622164211,2021-03-24T21:43:35.531Z,95.18799999999999,-12.373611450195312,-26.931943893432614,38.36388778686523
1616622164251,2021-03-24T21:43:35.533Z,95.228,-14.623611450195312,-28.431943893432614,40.36388778686523
1616622164290,2021-03-24T21:43:35.544Z,95.26700000000001,-13.123611450195312,-29.181943893432614,40.36388778686523
1616622164330,2021-03-24T21:43:35.546Z,95.307,-14.248611450195312,-28.056943893432614,38.36388778686523
1616622164369,2021-03-24T21:43:35.557Z,95.346,-13.873611450195312,-28.806943893432614,39.55138778686523
1616622164410,2021-03-24T21:43:35.560Z,95.387,-12.373611450195312,-36.18194580078125,39.55138778686523
1616622164450,2021-03-24T21:43:35.562Z,95.427,-14.623611450195312,-28.806943893432614,37.92638778686523
1616622164489,2021-03-24T21:43:35.573Z,95.46600000000001,-13.498611450195312,-26.556943893432614,40.73888778686523
1616622164529,2021-03-24T21:43:35.603Z,95.506,-14.248611450195312,-29.556943893432614,38.73888778686523
1616622164569,2021-03-24T21:43:35.606Z,95.546,-13.498611450195312,-26.556943893432614,38.73888778686523
1616622164608,2021-03-24T21:43:35.618Z,95.585,-14.248611450195312,-30.244443893432614,39.92638778686523
1616622164648,2021-03-24T21:43:35.619Z,95.625,-14.623611450195312,-28.056943893432614,38.30138778686523
1616622164687,2021-03-24T21:43:35.622Z,95.664,-13.498611450195312,-27.681943893432614,39.17638778686523
1616622164727,2021-03-24T21:43:35.632Z,95.704,-14.248611450195312,-27.306943893432614,38.73888778686523
1616622164766,2021-03-24T21:43:35.635Z,95.743,-13.873611450195312,-26.556943893432614,37.92638778686523
1616622164806,2021-03-24T21:43:35.637Z,95.78299999999999,-14.248611450195312,-27.681943893432614,41.17638778686523
1616622164845,2021-03-24T21:43:35.648Z,95.822,-14.623611450195312,-26.931943893432614,39.92638778686523
1616622164886,2021-03-24T21:43:35.650Z,95.863,-13.873611450195312,-27.306943893432614,38.73888778686523
1616622164926,2021-03-24T21:43:35.653Z,95.90299999999999,-14.623611450195312,-27.306943893432614,40.36388778686523
1616622164966,2021-03-24T21:43:35.664Z,95.943,-13.123611450195312,-27.306943893432614,40.80138778686523
1616622165005,2021-03-24T21:43:35.666Z,95.98200000000001,-14.248611450195312,-27.306943893432614,38.30138778686523
1616622165045,2021-03-24T21:43:35.668Z,96.022,-13.873611450195312,-27.306943893432614,40.36388778686523
1616622165084,2021-03-24T21:43:35.680Z,96.061,-14.248611450195312,-43.99444580078125,38.73888778686523
1616622165124,2021-03-24T21:43:35.682Z,96.101,-14.248611450195312,-26.556943893432614,38.73888778686523
1616622165163,2021-03-24T21:43:35.693Z,96.14,-13.498611450195312,-26.931943893432614,38.36388778686523
1616622165203,2021-03-24T21:43:35.695Z,96.18,-14.623611450195312,-27.306943893432614,38.36388778686523
1616622165242,2021-03-24T21:43:35.698Z,96.219,-12.748611450195312,-27.681943893432614,39.17638778686523
1616622165282,2021-03-24T21:43:35.709Z,96.259,-13.123611450195312,-26.931943893432614,38.73888778686523
1616622165323,2021-03-24T21:43:35.711Z,96.3,-11.998611450195312,-30.994443893432614,37.92638778686523
1616622165363,2021-03-24T21:43:35.713Z,96.34,-13.123611450195312,-28.056943893432614,37.98888778686523
1616622165402,2021-03-24T21:43:35.724Z,96.37899999999999,-13.498611450195312,-26.931943893432614,39.92638778686523
1616622165442,2021-03-24T21:43:35.727Z,96.419,-13.873611450195312,-28.431943893432614,38.73888778686523
1616622165481,2021-03-24T21:43:35.738Z,96.458,-14.623611450195312,-28.056943893432614,38.73888778686523
1616622165521,2021-03-24T21:43:35.739Z,96.49799999999999,-13.873611450195312,-27.681943893432614,39.55138778686523
1616622165560,2021-03-24T21:43:35.742Z,96.537,-14.248611450195312,-25.806943893432614,38.30138778686523
1616622165600,2021-03-24T21:43:35.753Z,96.57700000000001,-13.873611450195312,-26.181943893432614,41.17638778686523
1616622165639,2021-03-24T21:43:35.755Z,96.616,-13.498611450195312,-26.931943893432614,40.36388778686523
1616622165679,2021-03-24T21:43:35.757Z,96.656,-13.498611450195312,-27.681943893432614,37.92638778686523
1616622165718,2021-03-24T21:43:35.769Z,96.695,-14.623611450195312,-26.181943893432614,39.17638778686523
1616622165758,2021-03-24T21:43:35.771Z,96.735,-13.498611450195312,-43.24444580078125,39.11388778686523
1616622165799,2021-03-24T21:43:35.773Z,96.77600000000001,-14.998611450195312,-27.306943893432614,39.98888778686523
1616622165839,2021-03-24T21:43:35.784Z,96.816,-13.123611450195312,-28.056943893432614,39.55138778686523
1616622165878,2021-03-24T21:43:35.787Z,96.855,-13.873611450195312,-26.931943893432614,37.92638778686523
1616622165918,2021-03-24T21:43:35.798Z,96.895,-13.498611450195312,-26.556943893432614,37.92638778686523
1616622165957,2021-03-24T21:43:35.799Z,96.934,-14.248611450195312,-26.556943893432614,38.73888778686523
1616622165997,2021-03-24T21:43:35.802Z,96.97399999999999,-13.873611450195312,-29.556943893432614,39.17638778686523
1616622166036,2021-03-24T21:43:35.816Z,97.01299999999999,-12.748611450195312,-28.056943893432614,40.42638778686523
1616622166076,2021-03-24T21:43:35.816Z,97.053,-15.748611450195312,-28.431943893432614,39.55138778686523
1616622166115,2021-03-24T21:43:35.817Z,97.09200000000001,-13.123611450195312,-26.931943893432614,38.73888778686523
1616622166155,2021-03-24T21:43:35.829Z,97.132,-13.873611450195312,-25.806943893432614,40.80138778686523
1616622166195,2021-03-24T21:43:35.831Z,97.17200000000001,-13.873611450195312,-26.931943893432614,39.55138778686523
1616622166236,2021-03-24T21:43:35.833Z,97.213,-14.248611450195312,-27.306943893432614,39.55138778686523
1616622166275,2021-03-24T21:43:35.844Z,97.25200000000001,-13.873611450195312,-27.306943893432614,39.92638778686523
1616622166315,2021-03-24T21:43:35.846Z,97.292,-13.873611450195312,-26.931943893432614,40.73888778686523
1616622166354,2021-03-24T21:43:35.858Z,97.331,-13.123611450195312,-27.306943893432614,39.55138778686523
1616622166394,2021-03-24T21:43:35.859Z,97.37100000000001,-14.623611450195312,-28.056943893432614,39.55138778686523
1616622166433,2021-03-24T21:43:35.862Z,97.41,-14.998611450195312,-46.18194580078125,39.92638778686523
1616622166473,2021-03-24T21:43:35.873Z,97.45,-12.373611450195312,-28.056943893432614,38.73888778686523
1616622166512,2021-03-24T21:43:35.875Z,97.48899999999999,-13.873611450195312,-25.806943893432614,39.11388778686523
1616622166552,2021-03-24T21:43:35.877Z,97.529,-12.748611450195312,-28.056943893432614,39.92638778686523
1616622166592,2021-03-24T21:43:35.888Z,97.569,-13.873611450195312,-28.806943893432614,38.73888778686523
1616622166631,2021-03-24T21:43:35.891Z,97.60799999999999,-13.873611450195312,-28.806943893432614,39.55138778686523
1616622166672,2021-03-24T21:43:35.893Z,97.649,-13.498611450195312,-27.306943893432614,38.73888778686523
1616622166712,2021-03-24T21:43:35.904Z,97.689,-13.873611450195312,-27.306943893432614,39.98888778686523
1616622166751,2021-03-24T21:43:35.906Z,97.728,-14.998611450195312,-28.431943893432614,39.55138778686523
1616622166791,2021-03-24T21:43:35.917Z,97.76799999999999,-14.248611450195312,-27.306943893432614,37.92638778686523
1616622166830,2021-03-24T21:43:35.919Z,97.807,-13.498611450195312,-26.556943893432614,39.55138778686523
1616622166870,2021-03-24T21:43:35.922Z,97.84700000000001,-13.873611450195312,-27.306943893432614,39.98888778686523
1616622166909,2021-03-24T21:43:35.933Z,97.88600000000001,-13.873611450195312,-27.306943893432614,37.48888778686523
1616622166949,2021-03-24T21:43:35.935Z,97.926,-13.498611450195312,-25.806943893432614,39.98888778686523
1616622166989,2021-03-24T21:43:35.937Z,97.96600000000001,-14.248611450195312,-28.056943893432614,40.80138778686523
1616622167028,2021-03-24T21:43:35.948Z,98.005,-13.123611450195312,-28.056943893432614,39.17638778686523
1616622167068,2021-03-24T21:43:35.950Z,98.045,-14.623611450195312,-27.306943893432614,38.73888778686523
1616622167109,2021-03-24T21:43:35.953Z,98.086,-13.873611450195312,-40.61944580078125,38.73888778686523
1616622167148,2021-03-24T21:43:35.964Z,98.125,-13.123611450195312,-28.056943893432614,38.73888778686523
1616622167188,2021-03-24T21:43:35.966Z,98.165,-13.873611450195312,-28.056943893432614,40.36388778686523
1616622167227,2021-03-24T21:43:35.968Z,98.204,-14.623611450195312,-27.681943893432614,39.55138778686523
1616622167267,2021-03-24T21:43:35.979Z,98.244,-14.623611450195312,-29.181943893432614,38.36388778686523
1616622167306,2021-03-24T21:43:35.981Z,98.28299999999999,-13.873611450195312,-28.431943893432614,40.80138778686523
1616622167346,2021-03-24T21:43:35.992Z,98.323,-13.873611450195312,-25.806943893432614,38.73888778686523
1616622167385,2021-03-24T21:43:35.994Z,98.36200000000001,-14.623611450195312,-27.681943893432614,40.36388778686523
1616622167425,2021-03-24T21:43:35.997Z,98.402,-12.748611450195312,-27.306943893432614,40.36388778686523
1616622167465,2021-03-24T21:43:36.008Z,98.44200000000001,-13.498611450195312,-27.306943893432614,39.11388778686523
1616622167504,2021-03-24T21:43:36.010Z,98.48100000000001,-13.123611450195312,-28.806943893432614,39.98888778686523
1616622167545,2021-03-24T21:43:36.013Z,98.522,-13.123611450195312,-28.056943893432614,40.80138778686523
1616622167585,2021-03-24T21:43:36.024Z,98.56200000000001,-13.123611450195312,-26.931943893432614,38.36388778686523
1616622167624,2021-03-24T21:43:36.026Z,98.601,-12.748611450195312,-26.931943893432614,39.98888778686523
1616622167664,2021-03-24T21:43:36.055Z,98.641,-13.123611450195312,-33.24444580078125,40.80138778686523
1616622167703,2021-03-24T21:43:36.057Z,98.68,-13.873611450195312,-27.306943893432614,38.73888778686523
1616622167743,2021-03-24T21:43:36.068Z,98.72,-13.498611450195312,-27.681943893432614,39.55138778686523
1616622167782,2021-03-24T21:43:36.071Z,98.759,-13.873611450195312,-32.49444580078125,38.73888778686523
1616622167822,2021-03-24T21:43:36.073Z,98.79899999999999,-12.748611450195312,-27.306943893432614,38.73888778686523
1616622167862,2021-03-24T21:43:36.084Z,98.839,-13.498611450195312,-27.306943893432614,38.73888778686523
1616622167901,2021-03-24T21:43:36.086Z,98.87799999999999,-13.873611450195312,-27.306943893432614,37.92638778686523
1616622167941,2021-03-24T21:43:36.098Z,98.91799999999999,-14.998611450195312,-27.306943893432614,39.98888778686523
1616622167982,2021-03-24T21:43:36.099Z,98.959,-14.998611450195312,-27.306943893432614,39.61388778686523
1616622168021,2021-03-24T21:43:36.102Z,98.99799999999999,-15.748611450195312,-26.931943893432614,37.11388778686523
1616622168061,2021-03-24T21:43:36.112Z,99.038,-15.373611450195312,-25.806943893432614,37.55138778686523
1616622168100,2021-03-24T21:43:36.115Z,99.07700000000001,-14.623611450195312,-25.494443893432614,38.36388778686523
1616622168140,2021-03-24T21:43:36.117Z,99.117,-14.248611450195312,-26.181943893432614,36.67638778686523
1616622168179,2021-03-24T21:43:36.128Z,99.156,-14.623611450195312,-26.556943893432614,38.73888778686523
1616622168219,2021-03-24T21:43:36.130Z,99.196,-15.748611450195312,-25.119443893432614,37.11388778686523
1616622168259,2021-03-24T21:43:36.133Z,99.236,-15.748611450195312,-23.994443893432614,37.48888778686523
1616622168298,2021-03-24T21:43:36.144Z,99.275,-15.748611450195312,-21.744443893432614,37.92638778686523
1616622168338,2021-03-24T21:43:36.146Z,99.315,-14.998611450195312,-38.80694580078125,37.92638778686523
1616622168377,2021-03-24T21:43:36.148Z,99.354,-15.373611450195312,-26.181943893432614,36.30138778686523
1616622168418,2021-03-24T21:43:36.159Z,99.395,-14.623611450195312,-24.744443893432614,38.36388778686523
1616622168458,2021-03-24T21:43:36.162Z,99.435,-15.748611450195312,-22.869443893432614,36.73888778686523
1616622168497,2021-03-24T21:43:36.173Z,99.47399999999999,-15.748611450195312,-22.869443893432614,35.926387786865234
1616622168537,2021-03-24T21:43:36.174Z,99.514,-15.373611450195312,-23.619443893432614,37.48888778686523
1616622168576,2021-03-24T21:43:36.177Z,99.553,-16.123611450195312,-27.306943893432614,37.48888778686523
1616622168616,2021-03-24T21:43:36.188Z,99.59299999999999,-16.061111450195312,-25.119443893432614,37.17638778686523
1616622168656,2021-03-24T21:43:36.190Z,99.633,-16.123611450195312,-25.119443893432614,37.11388778686523
1616622168695,2021-03-24T21:43:36.192Z,99.67200000000001,-16.123611450195312,-23.244443893432614,35.488887786865234
1616622168735,2021-03-24T21:43:36.204Z,99.712,-15.748611450195312,-24.369443893432614,38.73888778686523
1616622168774,2021-03-24T21:43:36.206Z,99.751,-15.748611450195312,-23.619443893432614,37.92638778686523
1616622168814,2021-03-24T21:43:36.208Z,99.791,-15.373611450195312,-25.431943893432614,36.30138778686523
1616622168853,2021-03-24T21:43:36.219Z,99.83,-16.061111450195312,-25.119443893432614,37.92638778686523
1616622168894,2021-03-24T21:43:36.222Z,99.87100000000001,-15.748611450195312,-23.619443893432614,36.73888778686523
1616622168934,2021-03-24T21:43:36.232Z,99.911,-16.811111450195312,-23.994443893432614,37.55138778686523
1616622168973,2021-03-24T21:43:36.234Z,99.95,-15.748611450195312,-24.369443893432614,38.30138778686523
1616622169013,2021-03-24T21:43:36.237Z,99.99,-16.436111450195312,-42.49444580078125,38.36388778686523
1616622169052,2021-03-24T21:43:36.248Z,100.029,-15.748611450195312,-23.994443893432614,35.488887786865234
1616622169092,2021-03-24T21:43:36.250Z,100.069,-15.373611450195312,-23.619443893432614,38.36388778686523
1616622169132,2021-03-24T21:43:36.252Z,100.109,-15.748611450195312,-24.369443893432614,37.55138778686523
1616622169171,2021-03-24T21:43:36.263Z,100.148,-15.373611450195312,-23.619443893432614,36.30138778686523
1616622169211,2021-03-24T21:43:36.266Z,100.18799999999999,-15.373611450195312,-24.369443893432614,37.11388778686523
1616622169250,2021-03-24T21:43:36.268Z,100.227,-16.061111450195312,-25.806943893432614,35.926387786865234
1616622169290,2021-03-24T21:43:36.279Z,100.26700000000001,-16.061111450195312,-23.244443893432614,38.36388778686523
1616622169331,2021-03-24T21:43:36.281Z,100.30799999999999,-14.623611450195312,-23.244443893432614,36.73888778686523
1616622169370,2021-03-24T21:43:36.292Z,100.34700000000001,-16.436111450195312,-23.994443893432614,37.11388778686523
1616622169410,2021-03-24T21:43:36.295Z,100.387,-15.748611450195312,-23.994443893432614,36.73888778686523
1616622169449,2021-03-24T21:43:36.296Z,100.426,-15.748611450195312,-23.994443893432614,37.92638778686523
1616622169489,2021-03-24T21:43:36.308Z,100.46600000000001,-16.436111450195312,-24.369443893432614,36.30138778686523
1616622169529,2021-03-24T21:43:36.310Z,100.506,-16.061111450195312,-25.119443893432614,37.92638778686523
1616622169568,2021-03-24T21:43:36.312Z,100.545,-15.373611450195312,-25.806943893432614,37.55138778686523
1616622169608,2021-03-24T21:43:36.323Z,100.585,-16.061111450195312,-25.494443893432614,36.73888778686523
1616622169647,2021-03-24T21:43:36.326Z,100.624,-15.373611450195312,-23.619443893432614,37.11388778686523
1616622169687,2021-03-24T21:43:36.328Z,100.664,-14.998611450195312,-31.744443893432614,37.11388778686523
1616622169726,2021-03-24T21:43:36.339Z,100.70299999999999,-15.748611450195312,-22.119443893432614,36.30138778686523
1616622169767,2021-03-24T21:43:36.341Z,100.744,-14.998611450195312,-25.431943893432614,37.48888778686523
1616622169807,2021-03-24T21:43:36.352Z,100.78399999999999,-14.998611450195312,-24.369443893432614,36.30138778686523
1616622169846,2021-03-24T21:43:36.354Z,100.823,-16.436111450195312,-24.369443893432614,35.551387786865234
1616622169886,2021-03-24T21:43:36.357Z,100.863,-16.436111450195312,-23.994443893432614,36.73888778686523
1616622169926,2021-03-24T21:43:36.367Z,100.90299999999999,-15.748611450195312,-23.244443893432614,35.926387786865234
1616622169965,2021-03-24T21:43:36.370Z,100.94200000000001,-16.811111450195312,-23.619443893432614,37.92638778686523
1616622170005,2021-03-24T21:43:36.372Z,100.98200000000001,-16.061111450195312,-22.119443893432614,38.36388778686523
1616622170044,2021-03-24T21:43:36.383Z,101.021,-16.123611450195312,-25.431943893432614,37.11388778686523
1616622170084,2021-03-24T21:43:36.385Z,101.061,-16.061111450195312,-23.994443893432614,38.36388778686523
1616622170123,2021-03-24T21:43:36.388Z,101.1,-16.436111450195312,-23.619443893432614,36.73888778686523
1616622170163,2021-03-24T21:43:36.399Z,101.14,-16.123611450195312,-22.869443893432614,36.30138778686523
1616622170204,2021-03-24T21:43:36.401Z,101.181,-16.436111450195312,-23.619443893432614,37.92638778686523
1616622170243,2021-03-24T21:43:36.403Z,101.22,-15.373611450195312,-36.93194580078125,37.92638778686523
1616622170283,2021-03-24T21:43:36.414Z,101.26,-16.811111450195312,-24.744443893432614,36.30138778686523
1616622170322,2021-03-24T21:43:36.417Z,101.29899999999999,-16.123611450195312,-24.744443893432614,37.48888778686523
1616622170362,2021-03-24T21:43:36.428Z,101.339,-15.748611450195312,-24.369443893432614,36.30138778686523
1616622170402,2021-03-24T21:43:36.430Z,101.37899999999999,-15.373611450195312,-22.869443893432614,35.926387786865234
1616622170441,2021-03-24T21:43:36.432Z,101.41799999999999,-16.811111450195312,-22.119443893432614,37.92638778686523
1616622170481,2021-03-24T21:43:36.443Z,101.458,-16.811111450195312,-23.994443893432614,37.11388778686523
1616622170520,2021-03-24T21:43:36.445Z,101.49700000000001,-14.623611450195312,-23.619443893432614,36.73888778686523
1616622170560,2021-03-24T21:43:36.447Z,101.537,-16.061111450195312,-22.494443893432614,37.11388778686523
1616622170599,2021-03-24T21:43:36.459Z,101.57600000000001,-15.748611450195312,-22.119443893432614,35.488887786865234
1616622170640,2021-03-24T21:43:36.461Z,101.617,-15.373611450195312,-22.869443893432614,36.67638778686523
1616622170680,2021-03-24T21:43:36.463Z,101.65700000000001,-15.748611450195312,-23.619443893432614,37.11388778686523
1616622170719,2021-03-24T21:43:36.474Z,101.696,-17.936111450195312,-23.244443893432614,35.488887786865234
1616622170759,2021-03-24T21:43:36.504Z,101.736,-15.373611450195312,-22.869443893432614,36.67638778686523
1616622170799,2021-03-24T21:43:36.506Z,101.77600000000001,-15.748611450195312,-22.119443893432614,36.30138778686523
1616622170838,2021-03-24T21:43:36.518Z,101.815,-16.061111450195312,-24.744443893432614,35.113887786865234
1616622170878,2021-03-24T21:43:36.519Z,101.855,-16.061111450195312,-22.869443893432614,35.926387786865234
1616622170917,2021-03-24T21:43:36.522Z,101.89399999999999,-16.811111450195312,-38.80694580078125,35.488887786865234
1616622170957,2021-03-24T21:43:36.532Z,101.934,-17.186111450195312,-22.119443893432614,35.863887786865234
1616622170996,2021-03-24T21:43:36.535Z,101.973,-17.186111450195312,-28.056943893432614,35.863887786865234
1616622171036,2021-03-24T21:43:36.537Z,102.01299999999999,-15.748611450195312,-23.244443893432614,35.863887786865234
1616622171075,2021-03-24T21:43:36.549Z,102.052,-16.061111450195312,-22.869443893432614,34.738887786865234
1616622171116,2021-03-24T21:43:36.551Z,102.09299999999999,-16.811111450195312,-23.244443893432614,36.67638778686523
1616622171156,2021-03-24T21:43:36.563Z,102.133,-16.811111450195312,-25.119443893432614,35.488887786865234
1616622171196,2021-03-24T21:43:36.564Z,102.17299999999999,-16.436111450195312,-22.869443893432614,37.11388778686523
1616622171235,2021-03-24T21:43:36.567Z,102.212,-17.186111450195312,-24.744443893432614,36.67638778686523
1616622171275,2021-03-24T21:43:36.578Z,102.25200000000001,-14.998611450195312,-23.244443893432614,35.113887786865234
1616622171314,2021-03-24T21:43:36.580Z,102.291,-16.061111450195312,-21.369443893432614,37.11388778686523
1616622171354,2021-03-24T21:43:36.582Z,102.331,-17.186111450195312,-22.494443893432614,36.73888778686523
1616622171393,2021-03-24T21:43:36.593Z,102.37,-17.186111450195312,-24.744443893432614,35.051387786865234
1616622171433,2021-03-24T21:43:36.596Z,102.41,-16.123611450195312,-22.869443893432614,35.863887786865234
1616622171472,2021-03-24T21:43:36.598Z,102.449,-15.748611450195312,-25.431943893432614,37.11388778686523
1616622171512,2021-03-24T21:43:36.609Z,102.48899999999999,-16.123611450195312,-22.869443893432614,34.301387786865234
1616622171553,2021-03-24T21:43:36.611Z,102.53,-17.186111450195312,-25.806943893432614,36.67638778686523
1616622171593,2021-03-24T21:43:36.623Z,102.57,-15.748611450195312,-29.931943893432614,35.488887786865234
1616622171632,2021-03-24T21:43:36.624Z,102.609,-15.748611450195312,-22.869443893432614,35.113887786865234
1616622171672,2021-03-24T21:43:36.627Z,102.649,-15.373611450195312,-22.494443893432614,36.30138778686523
1616622171711,2021-03-24T21:43:36.637Z,102.68799999999999,-16.061111450195312,-22.869443893432614,35.926387786865234
1616622171751,2021-03-24T21:43:36.640Z,102.728,-16.811111450195312,-22.119443893432614,34.738887786865234
1616622171790,2021-03-24T21:43:36.642Z,102.76700000000001,-17.186111450195312,-22.869443893432614,37.11388778686523
1616622171830,2021-03-24T21:43:36.653Z,102.807,-16.061111450195312,-22.869443893432614,34.301387786865234
1616622171869,2021-03-24T21:43:36.655Z,102.846,-16.436111450195312,-23.244443893432614,35.488887786865234
1616622171909,2021-03-24T21:43:36.658Z,102.88600000000001,-16.436111450195312,-22.869443893432614,36.73888778686523
1616622171948,2021-03-24T21:43:36.669Z,102.925,-17.561111450195312,-22.869443893432614,33.863887786865234
1616622171989,2021-03-24T21:43:36.671Z,102.96600000000001,-16.811111450195312,-22.494443893432614,35.051387786865234
1616622172029,2021-03-24T21:43:36.673Z,103.006,-15.748611450195312,-22.119443893432614,36.30138778686523
1616622172069,2021-03-24T21:43:36.684Z,103.046,-17.561111450195312,-22.119443893432614,35.113887786865234
1616622172108,2021-03-24T21:43:36.686Z,103.085,-16.061111450195312,-23.244443893432614,35.488887786865234
1616622172148,2021-03-24T21:43:36.697Z,103.125,-16.436111450195312,-35.80694580078125,36.30138778686523
1616622172187,2021-03-24T21:43:36.699Z,103.164,-17.561111450195312,-25.119443893432614,34.676387786865234
