epoch (ms),time (-07:00),elapsed (s),Pressure (Pa)
1612465545780,2021-02-04T19:07:13.577Z,0.28,99508.32328869047
1612465545858,2021-02-04T19:07:13.593Z,0.358,99508.82328869047
1612465545936,2021-02-04T19:07:13.623Z,0.436,99509.37016369047
1612465546013,2021-02-04T19:07:13.639Z,0.513,99509.92485119047
1612465546091,2021-02-04T19:07:13.668Z,0.591,99509.02641369047
1612465546168,2021-02-04T19:07:13.699Z,0.668,99509.65141369047
1612465546246,2021-02-04T19:07:13.729Z,0.746,99510.20610119047
1612465546324,2021-02-04T19:07:13.744Z,0.824,99510.08891369047
1612465546401,2021-02-04T19:07:13.773Z,0.901,99510.01078869047
1612465546479,2021-02-04T19:07:13.789Z,0.979,99510.63578869047
1612465546557,2021-02-04T19:07:13.818Z,1.057,99510.44828869047
1612465546634,2021-02-04T19:07:13.847Z,1.134,99510.37016369047
1612465546712,2021-02-04T19:07:13.864Z,1.212,99510.99516369047
1612465546790,2021-02-04T19:07:13.893Z,1.29,99510.91703869047
1612465546867,2021-02-04T19:07:13.922Z,1.367,99510.83891369047
1612465546945,2021-02-04T19:07:13.938Z,1.445,99510.76078869047
1612465547022,2021-02-04T19:07:13.954Z,1.522,99511.46391369047
1612465547100,2021-02-04T19:07:13.983Z,1.6,99511.42485119047
1612465547178,2021-02-04T19:07:14.012Z,1.678,99511.34672619047
1612465547255,2021-02-04T19:07:14.044Z,1.755,99512.04203869047
1612465547333,2021-02-04T19:07:14.073Z,1.833,99511.19828869047
1612465547411,2021-02-04T19:07:14.104Z,1.911,99511.89360119047
1612465547488,2021-02-04T19:07:14.133Z,1.988,99511.89360119047
1612465547566,2021-02-04T19:07:14.162Z,2.066,99511.82328869047
1612465547644,2021-02-04T19:07:14.178Z,2.144,99512.51860119047
1612465547721,2021-02-04T19:07:14.207Z,2.221,99511.74516369047
1612465547799,2021-02-04T19:07:14.224Z,2.299,99511.74516369047
1612465547877,2021-02-04T19:07:14.268Z,2.377,99511.74516369047
1612465547954,2021-02-04T19:07:14.314Z,2.454,99511.69828869047
1612465548032,2021-02-04T19:07:14.343Z,2.532,99511.69828869047
1612465548109,2021-02-04T19:07:14.359Z,2.609,99510.93266369047
1612465548187,2021-02-04T19:07:14.387Z,2.687,99511.62016369047
1612465548265,2021-02-04T19:07:14.403Z,2.765,99511.62016369047
1612465548342,2021-02-04T19:07:14.433Z,2.842,99511.62016369047
1612465548420,2021-02-04T19:07:14.449Z,2.92,99511.62016369047
1612465548498,2021-02-04T19:07:14.478Z,2.998,99512.32328869047
1612465548575,2021-02-04T19:07:14.507Z,3.075,99511.55766369047
1612465548653,2021-02-04T19:07:14.524Z,3.153,99510.85453869047
1612465548731,2021-02-04T19:07:14.553Z,3.231,99511.55766369047
1612465548808,2021-02-04T19:07:14.597Z,3.308,99511.55766369047
1612465548886,2021-02-04T19:07:14.612Z,3.386,99511.55766369047
1612465548963,2021-02-04T19:07:14.629Z,3.463,99512.24516369047
1612465549041,2021-02-04T19:07:14.673Z,3.541,99512.24516369047
1612465549119,2021-02-04T19:07:14.702Z,3.619,99512.24516369047
1612465549196,2021-02-04T19:07:14.718Z,3.696,99511.47953869047
1612465549274,2021-02-04T19:07:14.748Z,3.774,99511.47953869047
1612465549352,2021-02-04T19:07:14.764Z,3.852,99511.47953869047
1612465549429,2021-02-04T19:07:14.808Z,3.929,99512.18266369047
1612465549507,2021-02-04T19:07:14.824Z,4.007,99511.47953869047
1612465549585,2021-02-04T19:07:14.854Z,4.085,99511.47953869047
1612465549664,2021-02-04T19:07:14.883Z,4.164,99511.47953869047
1612465549740,2021-02-04T19:07:14.899Z,4.24,99511.47953869047
1612465549819,2021-02-04T19:07:14.928Z,4.319,99511.47953869047
1612465549897,2021-02-04T19:07:14.957Z,4.397,99511.47953869047
1612465549974,2021-02-04T19:07:14.973Z,4.474,99511.47953869047
1612465550052,2021-02-04T19:07:15.006Z,4.552,99511.47953869047
1612465550129,2021-02-04T19:07:15.019Z,4.629,99511.47953869047
1612465550207,2021-02-04T19:07:15.048Z,4.707,99511.47953869047
1612465550285,2021-02-04T19:07:15.063Z,4.785,99511.47953869047
1612465550362,2021-02-04T19:07:15.092Z,4.862,99511.47953869047
1612465550440,2021-02-04T19:07:15.108Z,4.94,99510.69828869047
1612465550518,2021-02-04T19:07:15.153Z,5.018,99511.47953869047
1612465550595,2021-02-04T19:07:15.169Z,5.095,99511.47953869047
1612465550673,2021-02-04T19:07:15.213Z,5.173,99511.47953869047
1612465550751,2021-02-04T19:07:15.242Z,5.251,99511.47953869047
1612465550828,2021-02-04T19:07:15.259Z,5.328,99511.47953869047
1612465550906,2021-02-04T19:07:15.288Z,5.406,99512.18266369047
1612465550983,2021-02-04T19:07:15.317Z,5.483,99512.18266369047
1612465551061,2021-02-04T19:07:15.363Z,5.561,99512.18266369047
1612465551139,2021-02-04T19:07:15.392Z,5.639,99512.18266369047
1612465551216,2021-02-04T19:07:15.408Z,5.716,99512.18266369047
1612465551294,2021-02-04T19:07:15.437Z,5.794,99512.87016369047
1612465551372,2021-02-04T19:07:15.454Z,5.872,99512.87016369047
1612465551449,2021-02-04T19:07:15.482Z,5.949,99512.87016369047
1612465551527,2021-02-04T19:07:15.498Z,6.027,99512.87016369047
1612465551605,2021-02-04T19:07:15.514Z,6.105,99512.87016369047
1612465551682,2021-02-04T19:07:15.543Z,6.182,99512.87016369047
1612465551760,2021-02-04T19:07:15.572Z,6.26,99512.87016369047
1612465551837,2021-02-04T19:07:15.589Z,6.337,99513.57328869047
1612465551915,2021-02-04T19:07:15.618Z,6.415,99512.87016369047
1612465551993,2021-02-04T19:07:15.647Z,6.493,99512.87016369047
1612465552070,2021-02-04T19:07:15.663Z,6.57,99512.87016369047
1612465552148,2021-02-04T19:07:15.708Z,6.648,99512.87016369047
1612465552226,2021-02-04T19:07:15.724Z,6.726,99512.87016369047
1612465552303,2021-02-04T19:07:15.768Z,6.803,99513.65141369047
1612465552381,2021-02-04T19:07:15.784Z,6.881,99513.65141369047
1612465552459,2021-02-04T19:07:15.813Z,6.959,99513.65141369047
1612465552536,2021-02-04T19:07:15.842Z,7.036,99513.65141369047
1612465552614,2021-02-04T19:07:15.858Z,7.114,99513.65141369047
1612465552691,2021-02-04T19:07:15.887Z,7.191,99513.65141369047
1612465552769,2021-02-04T19:07:15.919Z,7.269,99513.65141369047
1612465552847,2021-02-04T19:07:15.947Z,7.347,99512.94828869047
1612465552924,2021-02-04T19:07:15.964Z,7.424,99512.94828869047
1612465553002,2021-02-04T19:07:15.993Z,7.502,99512.94828869047
1612465553080,2021-02-04T19:07:16.022Z,7.58,99512.94828869047
1612465553157,2021-02-04T19:07:16.038Z,7.657,99512.94828869047
1612465553235,2021-02-04T19:07:16.067Z,7.735,99512.94828869047
1612465553313,2021-02-04T19:07:16.083Z,7.813,99512.94828869047
1612465553390,2021-02-04T19:07:16.113Z,7.89,99512.94828869047
1612465553468,2021-02-04T19:07:16.129Z,7.968,99512.94828869047
1612465553545,2021-02-04T19:07:16.158Z,8.045,99512.94828869047
1612465553623,2021-02-04T19:07:16.174Z,8.123,99512.24516369047
1612465553701,2021-02-04T19:07:16.204Z,8.201,99512.24516369047
1612465553778,2021-02-04T19:07:16.233Z,8.278,99512.24516369047
1612465553856,2021-02-04T19:07:16.277Z,8.356,99512.24516369047
1612465553934,2021-02-04T19:07:16.293Z,8.434,99512.24516369047
1612465554011,2021-02-04T19:07:16.338Z,8.511,99512.24516369047
1612465554089,2021-02-04T19:07:16.353Z,8.589,99512.24516369047
1612465554167,2021-02-04T19:07:16.382Z,8.667,99511.55766369047
1612465554244,2021-02-04T19:07:16.428Z,8.744,99511.55766369047
1612465554322,2021-02-04T19:07:16.472Z,8.822,99511.55766369047
1612465554399,2021-02-04T19:07:16.489Z,8.899,99511.55766369047
1612465554477,2021-02-04T19:07:16.518Z,8.977,99511.55766369047
1612465554555,2021-02-04T19:07:16.562Z,9.055,99511.55766369047
1612465554632,2021-02-04T19:07:16.593Z,9.132,99510.85453869047
1612465554710,2021-02-04T19:07:16.623Z,9.21,99510.85453869047
1612465554788,2021-02-04T19:07:16.639Z,9.288,99511.62016369047
1612465554865,2021-02-04T19:07:16.668Z,9.365,99511.62016369047
1612465554943,2021-02-04T19:07:16.684Z,9.443,99511.62016369047
1612465555021,2021-02-04T19:07:16.713Z,9.521,99512.32328869047
1612465555098,2021-02-04T19:07:16.742Z,9.598,99511.62016369047
1612465555176,2021-02-04T19:07:16.774Z,9.676,99511.62016369047
1612465555253,2021-02-04T19:07:16.818Z,9.753,99511.62016369047
1612465555331,2021-02-04T19:07:16.849Z,9.831,99511.62016369047
1612465555409,2021-02-04T19:07:16.892Z,9.909,99511.62016369047
1612465555486,2021-02-04T19:07:16.909Z,9.986,99510.93266369047
1612465555564,2021-02-04T19:07:16.937Z,10.064,99511.62016369047
1612465555642,2021-02-04T19:07:16.954Z,10.142,99511.62016369047
1612465555719,2021-02-04T19:07:16.983Z,10.219,99511.62016369047
1612465555797,2021-02-04T19:07:17.027Z,10.297,99511.62016369047
1612465555875,2021-02-04T19:07:17.058Z,10.375,99511.62016369047
1612465555952,2021-02-04T19:07:17.088Z,10.452,99511.62016369047
1612465556030,2021-02-04T19:07:17.119Z,10.53,99511.62016369047
1612465556109,2021-02-04T19:07:17.148Z,10.609,99511.62016369047
1612465556185,2021-02-04T19:07:17.177Z,10.685,99511.62016369047
1612465556263,2021-02-04T19:07:17.194Z,10.763,99511.62016369047
1612465556340,2021-02-04T19:07:17.223Z,10.84,99511.62016369047
1612465556418,2021-02-04T19:07:17.239Z,10.918,99511.62016369047
1612465556496,2021-02-04T19:07:17.268Z,10.996,99511.62016369047
1612465556573,2021-02-04T19:07:17.299Z,11.073,99511.62016369047
1612465556651,2021-02-04T19:07:17.343Z,11.151,99511.62016369047
1612465556729,2021-02-04T19:07:17.374Z,11.229,99511.62016369047
1612465556806,2021-02-04T19:07:17.433Z,11.306,99512.40141369047
1612465556884,2021-02-04T19:07:17.462Z,11.384,99512.40141369047
1612465556963,2021-02-04T19:07:17.478Z,11.463,99512.40141369047
1612465557041,2021-02-04T19:07:17.507Z,11.541,99511.62016369047
1612465557118,2021-02-04T19:07:17.524Z,11.618,99513.10453869047
1612465557196,2021-02-04T19:07:17.553Z,11.696,99513.10453869047
1612465557273,2021-02-04T19:07:17.612Z,11.773,99513.10453869047
1612465557351,2021-02-04T19:07:17.628Z,11.851,99512.32328869047
1612465557429,2021-02-04T19:07:17.674Z,11.929,99512.32328869047
1612465557506,2021-02-04T19:07:17.718Z,12.006,99512.32328869047
1612465557584,2021-02-04T19:07:17.747Z,12.084,99512.32328869047
1612465557662,2021-02-04T19:07:17.763Z,12.162,99512.32328869047
1612465557739,2021-02-04T19:07:17.793Z,12.239,99512.32328869047
1612465557817,2021-02-04T19:07:17.809Z,12.317,99513.10453869047
1612465557895,2021-02-04T19:07:17.853Z,12.395,99513.10453869047
1612465557972,2021-02-04T19:07:17.884Z,12.472,99513.10453869047
1612465558050,2021-02-04T19:07:17.928Z,12.55,99513.10453869047
1612465558127,2021-02-04T19:07:17.987Z,12.627,99513.10453869047
1612465558205,2021-02-04T19:07:18.003Z,12.705,99513.10453869047
1612465558283,2021-02-04T19:07:18.033Z,12.783,99513.10453869047
1612465558360,2021-02-04T19:07:18.049Z,12.86,99513.10453869047
1612465558438,2021-02-04T19:07:18.078Z,12.938,99512.40141369047
1612465558516,2021-02-04T19:07:18.094Z,13.016,99512.40141369047
1612465558593,2021-02-04T19:07:18.138Z,13.093,99512.40141369047
1612465558671,2021-02-04T19:07:18.182Z,13.171,99512.40141369047
1612465558749,2021-02-04T19:07:18.198Z,13.249,99512.40141369047
1612465558826,2021-02-04T19:07:18.257Z,13.326,99513.10453869047
1612465558904,2021-02-04T19:07:18.274Z,13.404,99513.10453869047
1612465558981,2021-02-04T19:07:18.303Z,13.481,99513.10453869047
1612465559059,2021-02-04T19:07:18.319Z,13.559,99513.10453869047
1612465559137,2021-02-04T19:07:18.348Z,13.637,99513.10453869047
1612465559214,2021-02-04T19:07:18.377Z,13.714,99513.10453869047
1612465559292,2021-02-04T19:07:18.408Z,13.792,99512.40141369047
1612465559370,2021-02-04T19:07:18.439Z,13.87,99512.40141369047
1612465559447,2021-02-04T19:07:18.468Z,13.947,99512.40141369047
1612465559525,2021-02-04T19:07:18.512Z,14.025,99511.69828869047
1612465559603,2021-02-04T19:07:18.544Z,14.103,99511.69828869047
1612465559680,2021-02-04T19:07:18.573Z,14.18,99511.69828869047
1612465559758,2021-02-04T19:07:18.602Z,14.258,99511.69828869047
1612465559835,2021-02-04T19:07:18.618Z,14.335,99512.44828869047
1612465559913,2021-02-04T19:07:18.647Z,14.413,99512.44828869047
1612465559991,2021-02-04T19:07:18.664Z,14.491,99511.69828869047
1612465560068,2021-02-04T19:07:18.708Z,14.568,99512.44828869047
1612465560146,2021-02-04T19:07:18.737Z,14.646,99512.44828869047
1612465560225,2021-02-04T19:07:18.754Z,14.725,99512.44828869047
1612465560301,2021-02-04T19:07:18.769Z,14.801,99512.44828869047
1612465560379,2021-02-04T19:07:18.798Z,14.879,99512.44828869047
1612465560458,2021-02-04T19:07:18.827Z,14.958,99512.44828869047
1612465560536,2021-02-04T19:07:18.844Z,15.036,99512.44828869047
1612465560613,2021-02-04T19:07:18.902Z,15.113,99512.44828869047
1612465560691,2021-02-04T19:07:18.918Z,15.191,99512.44828869047
1612465560769,2021-02-04T19:07:18.963Z,15.269,99512.44828869047
1612465560846,2021-02-04T19:07:18.993Z,15.346,99512.44828869047
1612465560924,2021-02-04T19:07:19.037Z,15.424,99512.44828869047
1612465561002,2021-02-04T19:07:19.054Z,15.502,99512.44828869047
1612465561079,2021-02-04T19:07:19.098Z,15.579,99512.44828869047
1612465561157,2021-02-04T19:07:19.127Z,15.657,99512.44828869047
1612465561234,2021-02-04T19:07:19.144Z,15.734,99512.44828869047
1612465561312,2021-02-04T19:07:19.173Z,15.812,99512.44828869047
1612465561390,2021-02-04T19:07:19.202Z,15.89,99511.74516369047
1612465561467,2021-02-04T19:07:19.218Z,15.967,99511.74516369047
1612465561545,2021-02-04T19:07:19.278Z,16.045,99511.74516369047
1612465561623,2021-02-04T19:07:19.294Z,16.123,99511.74516369047
1612465561700,2021-02-04T19:07:19.322Z,16.2,99511.74516369047
1612465561778,2021-02-04T19:07:19.338Z,16.278,99511.74516369047
1612465561856,2021-02-04T19:07:19.385Z,16.356,99511.74516369047
1612465561933,2021-02-04T19:07:19.399Z,16.433,99511.74516369047
1612465562011,2021-02-04T19:07:19.428Z,16.511,99511.74516369047
1612465562088,2021-02-04T19:07:19.457Z,16.588,99512.51860119047
1612465562166,2021-02-04T19:07:19.474Z,16.666,99512.51860119047
1612465562244,2021-02-04T19:07:19.518Z,16.744,99512.51860119047
1612465562321,2021-02-04T19:07:19.562Z,16.821,99512.51860119047
1612465562399,2021-02-04T19:07:19.578Z,16.899,99512.51860119047
1612465562477,2021-02-04T19:07:19.623Z,16.977,99512.51860119047
1612465562554,2021-02-04T19:07:19.639Z,17.054,99512.51860119047
1612465562632,2021-02-04T19:07:19.668Z,17.132,99511.74516369047
1612465562710,2021-02-04T19:07:19.684Z,17.21,99511.74516369047
1612465562787,2021-02-04T19:07:19.713Z,17.287,99511.74516369047
1612465562865,2021-02-04T19:07:19.729Z,17.365,99512.44828869047
1612465562942,2021-02-04T19:07:19.758Z,17.442,99513.22172619047
1612465563020,2021-02-04T19:07:19.802Z,17.52,99513.22172619047
1612465563098,2021-02-04T19:07:19.834Z,17.598,99513.22172619047
1612465563175,2021-02-04T19:07:19.849Z,17.675,99513.22172619047
1612465563253,2021-02-04T19:07:19.878Z,17.753,99513.22172619047
1612465563331,2021-02-04T19:07:19.907Z,17.831,99513.22172619047
1612465563408,2021-02-04T19:07:19.924Z,17.908,99513.22172619047
1612465563486,2021-02-04T19:07:19.953Z,17.986,99512.51860119047
1612465563564,2021-02-04T19:07:19.982Z,18.064,99512.51860119047
1612465563641,2021-02-04T19:07:19.998Z,18.141,99512.51860119047
1612465563719,2021-02-04T19:07:20.027Z,18.219,99512.51860119047
1612465563796,2021-02-04T19:07:20.103Z,18.296,99512.51860119047
1612465563874,2021-02-04T19:07:20.119Z,18.374,99512.51860119047
1612465563952,2021-02-04T19:07:20.178Z,18.452,99512.51860119047
1612465564029,2021-02-04T19:07:20.222Z,18.529,99512.51860119047
1612465564107,2021-02-04T19:07:20.238Z,18.607,99512.51860119047
1612465564185,2021-02-04T19:07:20.267Z,18.685,99512.51860119047
1612465564262,2021-02-04T19:07:20.284Z,18.762,99512.51860119047
1612465564341,2021-02-04T19:07:20.312Z,18.841,99512.51860119047
1612465564419,2021-02-04T19:07:20.357Z,18.919,99511.82328869047
1612465564497,2021-02-04T19:07:20.373Z,18.997,99512.51860119047
1612465564574,2021-02-04T19:07:20.402Z,19.074,99511.82328869047
1612465564652,2021-02-04T19:07:20.418Z,19.152,99511.82328869047
1612465564730,2021-02-04T19:07:20.447Z,19.23,99511.82328869047
1612465564807,2021-02-04T19:07:20.463Z,19.307,99511.82328869047
1612465564885,2021-02-04T19:07:20.493Z,19.385,99511.82328869047
1612465564962,2021-02-04T19:07:20.508Z,19.462,99511.82328869047
1612465565040,2021-02-04T19:07:20.538Z,19.54,99511.82328869047
1612465565118,2021-02-04T19:07:20.554Z,19.618,99511.82328869047
1612465565195,2021-02-04T19:07:20.583Z,19.695,99511.82328869047
1612465565273,2021-02-04T19:07:20.612Z,19.773,99511.82328869047
1612465565351,2021-02-04T19:07:20.629Z,19.851,99511.82328869047
1612465565428,2021-02-04T19:07:20.658Z,19.928,99511.82328869047
1612465565506,2021-02-04T19:07:20.702Z,20.006,99511.82328869047
1612465565584,2021-02-04T19:07:20.733Z,20.084,99512.51860119047
1612465565661,2021-02-04T19:07:20.777Z,20.161,99511.82328869047
1612465565739,2021-02-04T19:07:20.794Z,20.239,99511.82328869047
1612465565816,2021-02-04T19:07:20.822Z,20.316,99511.82328869047
1612465565896,2021-02-04T19:07:20.838Z,20.396,99511.82328869047
1612465565973,2021-02-04T19:07:20.867Z,20.473,99512.51860119047
1612465566051,2021-02-04T19:07:20.884Z,20.551,99511.82328869047
1612465566128,2021-02-04T19:07:20.913Z,20.628,99511.82328869047
1612465566206,2021-02-04T19:07:20.957Z,20.706,99511.82328869047
1612465566284,2021-02-04T19:07:20.974Z,20.784,99511.82328869047
1612465566361,2021-02-04T19:07:21.006Z,20.861,99511.82328869047
1612465566439,2021-02-04T19:07:21.032Z,20.939,99512.59672619047
1612465566517,2021-02-04T19:07:21.048Z,21.017,99512.59672619047
1612465566594,2021-02-04T19:07:21.077Z,21.094,99511.82328869047
1612465566672,2021-02-04T19:07:21.093Z,21.172,99511.82328869047
1612465566750,2021-02-04T19:07:21.122Z,21.25,99513.29203869047
1612465566827,2021-02-04T19:07:21.138Z,21.327,99513.29203869047
1612465566905,2021-02-04T19:07:21.167Z,21.405,99513.29203869047
1612465566982,2021-02-04T19:07:21.214Z,21.482,99512.59672619047
1612465567060,2021-02-04T19:07:21.258Z,21.56,99512.59672619047
1612465567138,2021-02-04T19:07:21.290Z,21.638,99512.59672619047
1612465567215,2021-02-04T19:07:21.347Z,21.715,99512.59672619047
1612465567293,2021-02-04T19:07:21.377Z,21.793,99511.82328869047
1612465567371,2021-02-04T19:07:21.393Z,21.871,99511.82328869047
1612465567448,2021-02-04T19:07:21.422Z,21.948,99511.82328869047
1612465567526,2021-02-04T19:07:21.439Z,22.026,99511.12016369047
1612465567604,2021-02-04T19:07:21.498Z,22.104,99511.82328869047
1612465567681,2021-02-04T19:07:21.514Z,22.181,99512.59672619047
1612465567759,2021-02-04T19:07:21.558Z,22.259,99511.12016369047
1612465567836,2021-02-04T19:07:21.602Z,22.336,99511.89360119047
1612465567914,2021-02-04T19:07:21.618Z,22.414,99511.89360119047
1612465567992,2021-02-04T19:07:21.647Z,22.492,99511.89360119047
1612465568069,2021-02-04T19:07:21.663Z,22.569,99511.89360119047
1612465568147,2021-02-04T19:07:21.692Z,22.647,99511.89360119047
1612465568225,2021-02-04T19:07:21.709Z,22.725,99512.59672619047
1612465568302,2021-02-04T19:07:21.768Z,22.802,99512.59672619047
1612465568380,2021-02-04T19:07:21.812Z,22.88,99512.59672619047
1612465568458,2021-02-04T19:07:21.842Z,22.958,99511.12016369047
1612465568535,2021-02-04T19:07:21.874Z,23.035,99511.89360119047
1612465568613,2021-02-04T19:07:21.903Z,23.113,99511.89360119047
1612465568690,2021-02-04T19:07:21.932Z,23.19,99511.19828869047
1612465568768,2021-02-04T19:07:21.948Z,23.268,99511.19828869047
1612465568846,2021-02-04T19:07:21.977Z,23.346,99511.89360119047
1612465568923,2021-02-04T19:07:21.994Z,23.423,99511.89360119047
1612465569001,2021-02-04T19:07:22.038Z,23.501,99511.89360119047
1612465569079,2021-02-04T19:07:22.054Z,23.579,99511.89360119047
1612465569156,2021-02-04T19:07:22.083Z,23.656,99511.89360119047
1612465569234,2021-02-04T19:07:22.112Z,23.734,99511.12016369047
1612465569312,2021-02-04T19:07:22.129Z,23.812,99510.41703869047
1612465569389,2021-02-04T19:07:22.157Z,23.889,99511.19828869047
1612465569467,2021-02-04T19:07:22.174Z,23.967,99511.19828869047
1612465569544,2021-02-04T19:07:22.202Z,24.044,99511.19828869047
1612465569624,2021-02-04T19:07:22.219Z,24.124,99510.41703869047
1612465569701,2021-02-04T19:07:22.247Z,24.201,99511.19828869047
1612465569779,2021-02-04T19:07:22.264Z,24.279,99511.19828869047
1612465569856,2021-02-04T19:07:22.293Z,24.356,99510.49516369047
1612465569934,2021-02-04T19:07:22.322Z,24.434,99511.19828869047
1612465570012,2021-02-04T19:07:22.338Z,24.512,99511.19828869047
1612465570089,2021-02-04T19:07:22.427Z,24.589,99511.19828869047
1612465570167,2021-02-04T19:07:22.457Z,24.667,99511.19828869047
1612465570245,2021-02-04T19:07:22.473Z,24.745,99511.19828869047
1612465570322,2021-02-04T19:07:22.502Z,24.822,99511.19828869047
1612465570400,2021-02-04T19:07:22.519Z,24.9,99511.19828869047
1612465570478,2021-02-04T19:07:22.548Z,24.978,99511.19828869047
1612465570555,2021-02-04T19:07:22.578Z,25.055,99511.19828869047
1612465570633,2021-02-04T19:07:22.607Z,25.133,99511.89360119047
1612465570710,2021-02-04T19:07:22.624Z,25.21,99511.89360119047
1612465570788,2021-02-04T19:07:22.653Z,25.288,99511.89360119047
1612465570866,2021-02-04T19:07:22.682Z,25.366,99511.89360119047
1612465570943,2021-02-04T19:07:22.699Z,25.443,99511.89360119047
1612465571021,2021-02-04T19:07:22.727Z,25.521,99512.59672619047
1612465571099,2021-02-04T19:07:22.744Z,25.599,99512.59672619047
1612465571176,2021-02-04T19:07:22.773Z,25.676,99512.59672619047
1612465571254,2021-02-04T19:07:22.802Z,25.754,99512.59672619047
1612465571332,2021-02-04T19:07:22.818Z,25.832,99512.59672619047
1612465571409,2021-02-04T19:07:22.847Z,25.909,99512.59672619047
1612465571487,2021-02-04T19:07:22.864Z,25.987,99512.59672619047
1612465571564,2021-02-04T19:07:22.893Z,26.064,99512.59672619047
1612465571642,2021-02-04T19:07:22.937Z,26.142,99512.59672619047
1612465571721,2021-02-04T19:07:22.954Z,26.221,99512.59672619047
1612465571797,2021-02-04T19:07:22.984Z,26.297,99511.89360119047
1612465571875,2021-02-04T19:07:23.013Z,26.375,99512.59672619047
1612465571953,2021-02-04T19:07:23.042Z,26.453,99513.37016369047
1612465572030,2021-02-04T19:07:23.059Z,26.53,99511.89360119047
1612465572108,2021-02-04T19:07:23.087Z,26.608,99512.59672619047
1612465572186,2021-02-04T19:07:23.132Z,26.686,99512.59672619047
1612465572263,2021-02-04T19:07:23.148Z,26.763,99511.89360119047
1612465572341,2021-02-04T19:07:23.177Z,26.841,99511.89360119047
1612465572418,2021-02-04T19:07:23.194Z,26.918,99512.66703869047
1612465572496,2021-02-04T19:07:23.222Z,26.996,99512.66703869047
1612465572574,2021-02-04T19:07:23.239Z,27.074,99511.89360119047
1612465572651,2021-02-04T19:07:23.267Z,27.151,99511.89360119047
1612465572729,2021-02-04T19:07:23.283Z,27.229,99512.66703869047
1612465572807,2021-02-04T19:07:23.312Z,27.307,99512.66703869047
1612465572886,2021-02-04T19:07:23.329Z,27.386,99512.66703869047
1612465572963,2021-02-04T19:07:23.358Z,27.463,99511.97172619047
1612465573041,2021-02-04T19:07:23.387Z,27.541,99512.66703869047
1612465573119,2021-02-04T19:07:23.404Z,27.619,99511.97172619047
1612465573196,2021-02-04T19:07:23.432Z,27.696,99511.97172619047
1612465573274,2021-02-04T19:07:23.479Z,27.774,99511.97172619047
1612465573352,2021-02-04T19:07:23.508Z,27.852,99511.97172619047
1612465573429,2021-02-04T19:07:23.537Z,27.929,99511.97172619047
1612465573507,2021-02-04T19:07:23.553Z,28.007,99511.97172619047
1612465573585,2021-02-04T19:07:23.569Z,28.085,99511.97172619047
1612465573662,2021-02-04T19:07:23.598Z,28.162,99511.97172619047
1612465573740,2021-02-04T19:07:23.627Z,28.24,99511.97172619047
1612465573817,2021-02-04T19:07:23.644Z,28.317,99511.97172619047
1612465573895,2021-02-04T19:07:23.673Z,28.395,99512.66703869047
1612465573973,2021-02-04T19:07:23.702Z,28.473,99512.66703869047
1612465574050,2021-02-04T19:07:23.718Z,28.55,99511.97172619047
1612465574128,2021-02-04T19:07:23.748Z,28.628,99512.66703869047
1612465574206,2021-02-04T19:07:23.764Z,28.706,99511.97172619047
1612465574283,2021-02-04T19:07:23.793Z,28.783,99511.97172619047
1612465574361,2021-02-04T19:07:23.822Z,28.861,99512.66703869047
1612465574439,2021-02-04T19:07:23.838Z,28.939,99511.97172619047
1612465574516,2021-02-04T19:07:23.867Z,29.016,99511.97172619047
1612465574594,2021-02-04T19:07:23.884Z,29.094,99511.97172619047
1612465574671,2021-02-04T19:07:23.912Z,29.171,99511.97172619047
1612465574749,2021-02-04T19:07:23.957Z,29.249,99511.97172619047
1612465574827,2021-02-04T19:07:23.973Z,29.327,99511.97172619047
1612465574904,2021-02-04T19:07:24.002Z,29.404,99511.97172619047
1612465574982,2021-02-04T19:07:24.018Z,29.482,99511.97172619047
1612465575060,2021-02-04T19:07:24.047Z,29.56,99511.97172619047
1612465575137,2021-02-04T19:07:24.063Z,29.637,99511.97172619047
1612465575215,2021-02-04T19:07:24.092Z,29.715,99511.97172619047
1612465575293,2021-02-04T19:07:24.108Z,29.793,99511.97172619047
1612465575370,2021-02-04T19:07:24.137Z,29.87,99511.97172619047
1612465575448,2021-02-04T19:07:24.154Z,29.948,99511.97172619047
1612465575525,2021-02-04T19:07:24.183Z,30.025,99511.97172619047
1612465575603,2021-02-04T19:07:24.199Z,30.103,99511.97172619047
1612465575681,2021-02-04T19:07:24.228Z,30.181,99511.97172619047
1612465575758,2021-02-04T19:07:24.257Z,30.258,99511.97172619047
1612465575836,2021-02-04T19:07:24.274Z,30.336,99511.97172619047
1612465575914,2021-02-04T19:07:24.302Z,30.414,99511.97172619047
1612465575991,2021-02-04T19:07:24.332Z,30.491,99511.97172619047
1612465576069,2021-02-04T19:07:24.363Z,30.569,99511.97172619047
1612465576147,2021-02-04T19:07:24.392Z,30.647,99511.26860119047
1612465576224,2021-02-04T19:07:24.407Z,30.724,99511.26860119047
1612465576302,2021-02-04T19:07:24.437Z,30.802,99511.26860119047
1612465576379,2021-02-04T19:07:24.453Z,30.879,99511.26860119047
1612465576457,2021-02-04T19:07:24.527Z,30.957,99511.26860119047
1612465576535,2021-02-04T19:07:24.544Z,31.035,99511.26860119047
1612465576612,2021-02-04T19:07:24.572Z,31.112,99511.26860119047
1612465576690,2021-02-04T19:07:24.617Z,31.19,99511.26860119047
1612465576768,2021-02-04T19:07:24.632Z,31.268,99511.26860119047
1612465576847,2021-02-04T19:07:24.662Z,31.347,99511.26860119047
1612465576923,2021-02-04T19:07:24.678Z,31.423,99511.26860119047
1612465577002,2021-02-04T19:07:24.707Z,31.502,99510.57328869047
1612465577078,2021-02-04T19:07:24.723Z,31.578,99510.57328869047
1612465577156,2021-02-04T19:07:24.752Z,31.656,99510.57328869047
1612465577233,2021-02-04T19:07:24.769Z,31.733,99511.26860119047
1612465577311,2021-02-04T19:07:24.798Z,31.811,99511.26860119047
1612465577389,2021-02-04T19:07:24.842Z,31.889,99510.57328869047
1612465577466,2021-02-04T19:07:24.858Z,31.966,99510.57328869047
1612465577544,2021-02-04T19:07:24.887Z,32.044,99510.57328869047
1612465577622,2021-02-04T19:07:24.903Z,32.122,99510.57328869047
1612465577699,2021-02-04T19:07:24.932Z,32.199,99510.57328869047
1612465577777,2021-02-04T19:07:24.949Z,32.277,99510.57328869047
1612465577856,2021-02-04T19:07:24.994Z,32.356,99510.57328869047
1612465577934,2021-02-04T19:07:25.023Z,32.434,99510.57328869047
1612465578011,2021-02-04T19:07:25.052Z,32.511,99510.57328869047
1612465578089,2021-02-04T19:07:25.068Z,32.589,99510.57328869047
1612465578167,2021-02-04T19:07:25.097Z,32.667,99510.57328869047
1612465578244,2021-02-04T19:07:25.114Z,32.744,99510.57328869047
1612465578322,2021-02-04T19:07:25.142Z,32.822,99510.57328869047
1612465578399,2021-02-04T19:07:25.172Z,32.899,99510.57328869047
1612465578477,2021-02-04T19:07:25.188Z,32.977,99510.57328869047
1612465578555,2021-02-04T19:07:25.217Z,33.055,99510.57328869047
1612465578632,2021-02-04T19:07:25.234Z,33.132,99510.57328869047
1612465578710,2021-02-04T19:07:25.263Z,33.21,99510.57328869047
1612465578788,2021-02-04T19:07:25.279Z,33.288,99510.57328869047
1612465578865,2021-02-04T19:07:25.323Z,33.365,99510.57328869047
1612465578943,2021-02-04T19:07:25.352Z,33.443,99510.57328869047
1612465579021,2021-02-04T19:07:25.384Z,33.521,99510.57328869047
1612465579098,2021-02-04T19:07:25.412Z,33.598,99510.57328869047
1612465579176,2021-02-04T19:07:25.429Z,33.676,99510.57328869047
1612465579253,2021-02-04T19:07:25.457Z,33.753,99510.57328869047
1612465579331,2021-02-04T19:07:25.487Z,33.831,99510.57328869047
1612465579409,2021-02-04T19:07:25.502Z,33.909,99510.57328869047
1612465579486,2021-02-04T19:07:25.532Z,33.986,99510.57328869047
1612465579564,2021-02-04T19:07:25.548Z,34.064,99510.57328869047
1612465579642,2021-02-04T19:07:25.608Z,34.142,99510.57328869047
1612465579719,2021-02-04T19:07:25.637Z,34.219,99511.26860119047
1612465579797,2021-02-04T19:07:25.654Z,34.297,99510.57328869047
1612465579875,2021-02-04T19:07:25.683Z,34.375,99510.57328869047
1612465579952,2021-02-04T19:07:25.699Z,34.452,99510.57328869047
1612465580030,2021-02-04T19:07:25.728Z,34.53,99510.57328869047
1612465580107,2021-02-04T19:07:25.744Z,34.607,99510.57328869047
1612465580185,2021-02-04T19:07:25.773Z,34.685,99509.87016369047
1612465580263,2021-02-04T19:07:25.802Z,34.763,99510.57328869047
1612465580340,2021-02-04T19:07:25.819Z,34.84,99510.57328869047
1612465580418,2021-02-04T19:07:25.862Z,34.918,99510.57328869047
1612465580496,2021-02-04T19:07:25.892Z,34.996,99509.87016369047
1612465580573,2021-02-04T19:07:25.907Z,35.073,99509.87016369047
1612465580651,2021-02-04T19:07:25.952Z,35.151,99510.57328869047
1612465580729,2021-02-04T19:07:25.968Z,35.229,99510.57328869047
1612465580806,2021-02-04T19:07:25.997Z,35.306,99510.57328869047
1612465580884,2021-02-04T19:07:26.013Z,35.384,99509.87016369047
1612465580961,2021-02-04T19:07:26.042Z,35.461,99510.57328869047
1612465581039,2021-02-04T19:07:26.059Z,35.539,99509.87016369047
1612465581117,2021-02-04T19:07:26.088Z,35.617,99509.87016369047
1612465581194,2021-02-04T19:07:26.117Z,35.694,99509.87016369047
1612465581272,2021-02-04T19:07:26.134Z,35.772,99509.87016369047
1612465581350,2021-02-04T19:07:26.162Z,35.85,99509.87016369047
1612465581427,2021-02-04T19:07:26.178Z,35.927,99509.87016369047
1612465581505,2021-02-04T19:07:26.207Z,36.005,99510.57328869047
1612465581583,2021-02-04T19:07:26.224Z,36.083,99510.57328869047
1612465581660,2021-02-04T19:07:26.252Z,36.16,99510.57328869047
1612465581738,2021-02-04T19:07:26.282Z,36.238,99510.57328869047
1612465581815,2021-02-04T19:07:26.298Z,36.315,99510.57328869047
1612465581893,2021-02-04T19:07:26.327Z,36.393,99510.57328869047
1612465581971,2021-02-04T19:07:26.343Z,36.471,99510.57328869047
1612465582048,2021-02-04T19:07:26.372Z,36.548,99510.57328869047
1612465582126,2021-02-04T19:07:26.388Z,36.626,99510.57328869047
1612465582204,2021-02-04T19:07:26.432Z,36.704,99510.57328869047
1612465582281,2021-02-04T19:07:26.462Z,36.781,99510.57328869047
1612465582359,2021-02-04T19:07:26.494Z,36.859,99510.57328869047
1612465582437,2021-02-04T19:07:26.522Z,36.937,99511.26860119047
1612465582514,2021-02-04T19:07:26.552Z,37.014,99510.57328869047
1612465582592,2021-02-04T19:07:26.568Z,37.092,99510.57328869047
1612465582669,2021-02-04T19:07:26.597Z,37.169,99510.57328869047
1612465582747,2021-02-04T19:07:26.658Z,37.247,99510.57328869047
1612465582825,2021-02-04T19:07:26.687Z,37.325,99510.57328869047
1612465582902,2021-02-04T19:07:26.718Z,37.402,99510.57328869047
1612465582980,2021-02-04T19:07:26.747Z,37.48,99509.87016369047
1612465583058,2021-02-04T19:07:26.764Z,37.558,99510.57328869047
1612465583135,2021-02-04T19:07:26.792Z,37.635,99510.57328869047
1612465583213,2021-02-04T19:07:26.809Z,37.713,99510.57328869047
1612465583291,2021-02-04T19:07:26.837Z,37.791,99510.57328869047
1612465583368,2021-02-04T19:07:26.867Z,37.868,99510.57328869047
1612465583447,2021-02-04T19:07:26.883Z,37.947,99510.57328869047
1612465583523,2021-02-04T19:07:26.912Z,38.023,99509.87016369047
1612465583601,2021-02-04T19:07:26.928Z,38.101,99509.87016369047
1612465583679,2021-02-04T19:07:26.972Z,38.179,99509.87016369047
1612465583756,2021-02-04T19:07:26.988Z,38.256,99509.87016369047
1612465583834,2021-02-04T19:07:27.017Z,38.334,99509.87016369047
1612465583912,2021-02-04T19:07:27.048Z,38.412,99509.87016369047
1612465583989,2021-02-04T19:07:27.077Z,38.489,99510.57328869047
1612465584067,2021-02-04T19:07:27.107Z,38.567,99510.57328869047
1612465584145,2021-02-04T19:07:27.124Z,38.645,99510.57328869047
1612465584222,2021-02-04T19:07:27.152Z,38.722,99510.57328869047
1612465584301,2021-02-04T19:07:27.182Z,38.801,99510.57328869047
1612465584379,2021-02-04T19:07:27.197Z,38.879,99510.57328869047
1612465584457,2021-02-04T19:07:27.227Z,38.957,99510.57328869047
1612465584534,2021-02-04T19:07:27.243Z,39.034,99510.57328869047
1612465584612,2021-02-04T19:07:27.272Z,39.112,99510.57328869047
1612465584689,2021-02-04T19:07:27.288Z,39.189,99510.57328869047
1612465584767,2021-02-04T19:07:27.317Z,39.267,99510.57328869047
1612465584845,2021-02-04T19:07:27.334Z,39.345,99510.57328869047
1612465584922,2021-02-04T19:07:27.362Z,39.422,99510.57328869047
1612465585000,2021-02-04T19:07:27.379Z,39.5,99511.34672619047
1612465585078,2021-02-04T19:07:27.408Z,39.578,99511.34672619047
1612465585155,2021-02-04T19:07:27.437Z,39.655,99511.34672619047
1612465585233,2021-02-04T19:07:27.453Z,39.733,99511.34672619047
1612465585311,2021-02-04T19:07:27.482Z,39.811,99511.34672619047
1612465585388,2021-02-04T19:07:27.499Z,39.888,99511.34672619047
1612465585466,2021-02-04T19:07:27.528Z,39.966,99511.34672619047
1612465585543,2021-02-04T19:07:27.557Z,40.043,99511.34672619047
1612465585621,2021-02-04T19:07:27.573Z,40.121,99511.34672619047
1612465585699,2021-02-04T19:07:27.602Z,40.199,99511.34672619047
1612465585776,2021-02-04T19:07:27.618Z,40.276,99510.57328869047
1612465585854,2021-02-04T19:07:27.647Z,40.354,99511.34672619047
1612465585932,2021-02-04T19:07:27.693Z,40.432,99511.34672619047
1612465586009,2021-02-04T19:07:27.722Z,40.509,99511.34672619047
1612465586087,2021-02-04T19:07:27.739Z,40.587,99511.34672619047
1612465586165,2021-02-04T19:07:27.768Z,40.665,99511.34672619047
1612465586242,2021-02-04T19:07:27.797Z,40.742,99511.34672619047
1612465586320,2021-02-04T19:07:27.813Z,40.82,99511.34672619047
1612465586397,2021-02-04T19:07:27.843Z,40.897,99511.34672619047
1612465586475,2021-02-04T19:07:27.859Z,40.975,99510.64360119047
1612465586553,2021-02-04T19:07:27.888Z,41.053,99510.64360119047
1612465586630,2021-02-04T19:07:27.917Z,41.13,99510.64360119047
1612465586708,2021-02-04T19:07:27.933Z,41.208,99510.64360119047
1612465586786,2021-02-04T19:07:27.962Z,41.286,99510.64360119047
1612465586863,2021-02-04T19:07:27.979Z,41.363,99510.64360119047
1612465586941,2021-02-04T19:07:28.007Z,41.441,99509.94828869047
1612465587019,2021-02-04T19:07:28.024Z,41.519,99509.94828869047
1612465587096,2021-02-04T19:07:28.052Z,41.596,99510.64360119047
1612465587174,2021-02-04T19:07:28.082Z,41.674,99509.94828869047
1612465587252,2021-02-04T19:07:28.098Z,41.752,99509.94828869047
1612465587329,2021-02-04T19:07:28.127Z,41.829,99509.94828869047
1612465587407,2021-02-04T19:07:28.143Z,41.907,99510.64360119047
1612465587484,2021-02-04T19:07:28.172Z,41.984,99510.64360119047
1612465587564,2021-02-04T19:07:28.189Z,42.064,99509.94828869047
1612465587641,2021-02-04T19:07:28.218Z,42.141,99509.94828869047
1612465587719,2021-02-04T19:07:28.247Z,42.219,99509.94828869047
1612465587796,2021-02-04T19:07:28.263Z,42.296,99509.94828869047
1612465587874,2021-02-04T19:07:28.279Z,42.374,99509.94828869047
1612465587952,2021-02-04T19:07:28.308Z,42.452,99509.94828869047
1612465588029,2021-02-04T19:07:28.337Z,42.529,99509.94828869047
1612465588107,2021-02-04T19:07:28.354Z,42.607,99509.94828869047
1612465588185,2021-02-04T19:07:28.382Z,42.685,99510.64360119047
1612465588262,2021-02-04T19:07:28.399Z,42.762,99510.64360119047
1612465588340,2021-02-04T19:07:28.427Z,42.84,99510.64360119047
1612465588418,2021-02-04T19:07:28.457Z,42.918,99510.64360119047
1612465588495,2021-02-04T19:07:28.472Z,42.995,99510.64360119047
1612465588573,2021-02-04T19:07:28.502Z,43.073,99510.64360119047
1612465588650,2021-02-04T19:07:28.518Z,43.15,99509.94828869047
1612465588728,2021-02-04T19:07:28.547Z,43.228,99509.94828869047
1612465588806,2021-02-04T19:07:28.563Z,43.306,99509.94828869047
1612465588883,2021-02-04T19:07:28.592Z,43.383,99509.94828869047
1612465588961,2021-02-04T19:07:28.609Z,43.461,99509.94828869047
1612465589039,2021-02-04T19:07:28.638Z,43.539,99509.94828869047
1612465589116,2021-02-04T19:07:28.684Z,43.616,99509.94828869047
1612465589194,2021-02-04T19:07:28.712Z,43.694,99509.94828869047
1612465589272,2021-02-04T19:07:28.742Z,43.772,99509.94828869047
1612465589349,2021-02-04T19:07:28.758Z,43.849,99509.94828869047
1612465589427,2021-02-04T19:07:28.787Z,43.927,99509.94828869047
1612465589504,2021-02-04T19:07:28.803Z,44.004,99509.94828869047
1612465589582,2021-02-04T19:07:28.832Z,44.082,99509.94828869047
1612465589660,2021-02-04T19:07:28.848Z,44.16,99509.94828869047
1612465589737,2021-02-04T19:07:28.877Z,44.237,99509.94828869047
1612465589815,2021-02-04T19:07:28.894Z,44.315,99509.94828869047
1612465589893,2021-02-04T19:07:28.923Z,44.393,99509.94828869047
1612465589970,2021-02-04T19:07:28.939Z,44.47,99509.94828869047
1612465590048,2021-02-04T19:07:28.968Z,44.548,99509.94828869047
1612465590126,2021-02-04T19:07:28.997Z,44.626,99509.94828869047
1612465590203,2021-02-04T19:07:29.014Z,44.703,99509.94828869047
1612465590281,2021-02-04T19:07:29.042Z,44.781,99509.94828869047
1612465590358,2021-02-04T19:07:29.059Z,44.858,99509.94828869047
1612465590436,2021-02-04T19:07:29.088Z,44.936,99509.94828869047
1612465590514,2021-02-04T19:07:29.117Z,45.014,99510.64360119047
1612465590591,2021-02-04T19:07:29.134Z,45.091,99511.42485119047
1612465590669,2021-02-04T19:07:29.163Z,45.169,99511.42485119047
1612465590747,2021-02-04T19:07:29.192Z,45.247,99511.42485119047
1612465590824,2021-02-04T19:07:29.207Z,45.324,99511.42485119047
1612465590902,2021-02-04T19:07:29.224Z,45.402,99510.64360119047
1612465590980,2021-02-04T19:07:29.253Z,45.48,99510.64360119047
1612465591057,2021-02-04T19:07:29.282Z,45.557,99511.42485119047
1612465591135,2021-02-04T19:07:29.299Z,45.635,99511.42485119047
1612465591212,2021-02-04T19:07:29.327Z,45.712,99511.42485119047
1612465591290,2021-02-04T19:07:29.357Z,45.79,99511.42485119047
1612465591368,2021-02-04T19:07:29.373Z,45.868,99511.42485119047
1612465591445,2021-02-04T19:07:29.402Z,45.945,99510.64360119047
1612465591523,2021-02-04T19:07:29.419Z,46.023,99510.64360119047
1612465591601,2021-02-04T19:07:29.448Z,46.101,99510.64360119047
1612465591678,2021-02-04T19:07:29.462Z,46.178,99511.34672619047
1612465591756,2021-02-04T19:07:29.492Z,46.256,99510.64360119047
1612465591834,2021-02-04T19:07:29.508Z,46.334,99510.64360119047
1612465591911,2021-02-04T19:07:29.537Z,46.411,99511.34672619047
1612465591989,2021-02-04T19:07:29.554Z,46.489,99511.34672619047
1612465592066,2021-02-04T19:07:29.583Z,46.566,99511.34672619047
1612465592144,2021-02-04T19:07:29.612Z,46.644,99511.34672619047
1612465592222,2021-02-04T19:07:29.629Z,46.722,99511.34672619047
1612465592299,2021-02-04T19:07:29.687Z,46.799,99511.34672619047
1612465592377,2021-02-04T19:07:29.704Z,46.877,99511.34672619047
1612465592455,2021-02-04T19:07:29.733Z,46.955,99511.34672619047
1612465592532,2021-02-04T19:07:29.762Z,47.032,99511.34672619047
1612465592610,2021-02-04T19:07:29.777Z,47.11,99511.34672619047
1612465592688,2021-02-04T19:07:29.794Z,47.188,99511.34672619047
1612465592765,2021-02-04T19:07:29.823Z,47.265,99512.12016369047
1612465592843,2021-02-04T19:07:29.852Z,47.343,99511.34672619047
1612465592920,2021-02-04T19:07:29.868Z,47.42,99511.34672619047
1612465592998,2021-02-04T19:07:29.897Z,47.498,99510.64360119047
1612465593076,2021-02-04T19:07:29.914Z,47.576,99510.64360119047
1612465593153,2021-02-04T19:07:29.942Z,47.653,99511.34672619047
1612465593231,2021-02-04T19:07:29.972Z,47.731,99511.34672619047
1612465593309,2021-02-04T19:07:29.988Z,47.809,99511.34672619047
1612465593388,2021-02-04T19:07:30.017Z,47.888,99511.34672619047
1612465593465,2021-02-04T19:07:30.033Z,47.965,99511.34672619047
1612465593543,2021-02-04T19:07:30.062Z,48.043,99512.04203869047
1612465593621,2021-02-04T19:07:30.079Z,48.121,99511.34672619047
1612465593698,2021-02-04T19:07:30.108Z,48.198,99511.34672619047
1612465593776,2021-02-04T19:07:30.124Z,48.276,99512.04203869047
1612465593854,2021-02-04T19:07:30.153Z,48.354,99512.04203869047
1612465593931,2021-02-04T19:07:30.182Z,48.431,99511.34672619047
1612465594009,2021-02-04T19:07:30.199Z,48.509,99511.34672619047
1612465594086,2021-02-04T19:07:30.227Z,48.586,99511.34672619047
1612465594164,2021-02-04T19:07:30.257Z,48.664,99511.34672619047
1612465594242,2021-02-04T19:07:30.272Z,48.742,99512.82328869047
1612465594319,2021-02-04T19:07:30.289Z,48.819,99512.82328869047
1612465594397,2021-02-04T19:07:30.317Z,48.897,99512.82328869047
1612465594475,2021-02-04T19:07:30.347Z,48.975,99512.04203869047
1612465594552,2021-02-04T19:07:30.364Z,49.052,99511.34672619047
1612465594630,2021-02-04T19:07:30.393Z,49.13,99512.12016369047
1612465594708,2021-02-04T19:07:30.409Z,49.208,99512.12016369047
1612465594785,2021-02-04T19:07:30.438Z,49.285,99511.34672619047
1612465594863,2021-02-04T19:07:30.467Z,49.363,99512.12016369047
1612465594940,2021-02-04T19:07:30.483Z,49.44,99512.12016369047
1612465595018,2021-02-04T19:07:30.512Z,49.518,99512.12016369047
1612465595096,2021-02-04T19:07:30.529Z,49.596,99511.42485119047
1612465595173,2021-02-04T19:07:30.557Z,49.673,99511.42485119047
1612465595251,2021-02-04T19:07:30.587Z,49.751,99511.42485119047
1612465595329,2021-02-04T19:07:30.603Z,49.829,99512.12016369047
1612465595406,2021-02-04T19:07:30.632Z,49.906,99511.34672619047
1612465595484,2021-02-04T19:07:30.679Z,49.984,99511.34672619047
1612465595562,2021-02-04T19:07:30.707Z,50.062,99510.64360119047
1612465595639,2021-02-04T19:07:30.724Z,50.139,99510.64360119047
1612465595717,2021-02-04T19:07:30.752Z,50.217,99510.64360119047
1612465595794,2021-02-04T19:07:30.769Z,50.294,99510.64360119047
1612465595872,2021-02-04T19:07:30.797Z,50.372,99509.94828869047
1612465595950,2021-02-04T19:07:30.814Z,50.45,99510.64360119047
1612465596027,2021-02-04T19:07:30.842Z,50.527,99510.64360119047
1612465596105,2021-02-04T19:07:30.872Z,50.605,99510.64360119047
1612465596183,2021-02-04T19:07:30.888Z,50.683,99510.64360119047
1612465596260,2021-02-04T19:07:30.917Z,50.76,99510.64360119047
1612465596338,2021-02-04T19:07:30.934Z,50.838,99511.42485119047
1612465596416,2021-02-04T19:07:30.963Z,50.916,99511.42485119047
1612465596493,2021-02-04T19:07:31.008Z,50.993,99511.42485119047
1612465596571,2021-02-04T19:07:31.037Z,51.071,99511.42485119047
1612465596648,2021-02-04T19:07:31.053Z,51.148,99510.72172619047
1612465596726,2021-02-04T19:07:31.082Z,51.226,99511.42485119047
1612465596804,2021-02-04T19:07:31.098Z,51.304,99510.72172619047
1612465596881,2021-02-04T19:07:31.127Z,51.381,99509.94828869047
1612465596959,2021-02-04T19:07:31.143Z,51.459,99509.94828869047
1612465597037,2021-02-04T19:07:31.172Z,51.537,99509.94828869047
1612465597114,2021-02-04T19:07:31.189Z,51.614,99509.94828869047
1612465597192,2021-02-04T19:07:31.218Z,51.692,99509.94828869047
1612465597270,2021-02-04T19:07:31.247Z,51.77,99511.42485119047
1612465597347,2021-02-04T19:07:31.264Z,51.847,99510.64360119047
1612465597425,2021-02-04T19:07:31.293Z,51.925,99510.64360119047
1612465597502,2021-02-04T19:07:31.322Z,52.002,99510.64360119047
1612465597580,2021-02-04T19:07:31.338Z,52.08,99509.94828869047
1612465597658,2021-02-04T19:07:31.367Z,52.158,99509.94828869047
1612465597735,2021-02-04T19:07:31.384Z,52.235,99509.94828869047
1612465597813,2021-02-04T19:07:31.412Z,52.313,99509.94828869047
1612465597891,2021-02-04T19:07:31.429Z,52.391,99509.94828869047
1612465597968,2021-02-04T19:07:31.458Z,52.468,99509.94828869047
1612465598046,2021-02-04T19:07:31.487Z,52.546,99510.72172619047
1612465598124,2021-02-04T19:07:31.502Z,52.624,99509.94828869047
1612465598201,2021-02-04T19:07:31.519Z,52.701,99510.72172619047
1612465598279,2021-02-04T19:07:31.549Z,52.779,99510.72172619047
1612465598356,2021-02-04T19:07:31.577Z,52.856,99511.42485119047
1612465598434,2021-02-04T19:07:31.594Z,52.934,99511.42485119047
1612465598512,2021-02-04T19:07:31.622Z,53.012,99511.42485119047
1612465598589,2021-02-04T19:07:31.638Z,53.089,99511.42485119047
1612465598667,2021-02-04T19:07:31.684Z,53.167,99511.42485119047
1612465598745,2021-02-04T19:07:31.712Z,53.245,99511.42485119047
1612465598822,2021-02-04T19:07:31.742Z,53.322,99511.42485119047
1612465598900,2021-02-04T19:07:31.759Z,53.4,99511.42485119047
1612465598978,2021-02-04T19:07:31.787Z,53.478,99511.42485119047
1612465599055,2021-02-04T19:07:31.804Z,53.555,99511.42485119047
1612465599133,2021-02-04T19:07:31.833Z,53.633,99511.42485119047
1612465599210,2021-02-04T19:07:31.862Z,53.71,99511.42485119047
1612465599288,2021-02-04T19:07:31.879Z,53.788,99510.64360119047
1612465599366,2021-02-04T19:07:31.907Z,53.866,99510.64360119047
1612465599443,2021-02-04T19:07:31.924Z,53.943,99510.64360119047
1612465599521,2021-02-04T19:07:31.953Z,54.021,99510.64360119047
1612465599599,2021-02-04T19:07:31.968Z,54.099,99510.64360119047
1612465599676,2021-02-04T19:07:31.997Z,54.176,99510.64360119047
1612465599754,2021-02-04T19:07:32.014Z,54.254,99510.64360119047
1612465599832,2021-02-04T19:07:32.042Z,54.332,99511.42485119047
1612465599909,2021-02-04T19:07:32.071Z,54.409,99511.42485119047
1612465599987,2021-02-04T19:07:32.088Z,54.487,99510.64360119047
1612465600064,2021-02-04T19:07:32.117Z,54.564,99511.42485119047
1612465600144,2021-02-04T19:07:32.134Z,54.644,99510.64360119047
1612465600221,2021-02-04T19:07:32.162Z,54.721,99511.42485119047
1612465600299,2021-02-04T19:07:32.179Z,54.799,99511.42485119047
1612465600377,2021-02-04T19:07:32.208Z,54.877,99511.42485119047
1612465600454,2021-02-04T19:07:32.237Z,54.954,99510.64360119047
1612465600532,2021-02-04T19:07:32.254Z,55.032,99511.34672619047
1612465600609,2021-02-04T19:07:32.282Z,55.109,99511.34672619047
1612465600687,2021-02-04T19:07:32.299Z,55.187,99511.34672619047
1612465600765,2021-02-04T19:07:32.327Z,55.265,99511.34672619047
1612465600842,2021-02-04T19:07:32.344Z,55.342,99511.34672619047
1612465600920,2021-02-04T19:07:32.373Z,55.42,99511.34672619047
1612465600998,2021-02-04T19:07:32.402Z,55.498,99511.34672619047
1612465601075,2021-02-04T19:07:32.417Z,55.575,99510.64360119047
1612465601153,2021-02-04T19:07:32.447Z,55.653,99511.34672619047
1612465601231,2021-02-04T19:07:32.463Z,55.731,99510.64360119047
1612465601308,2021-02-04T19:07:32.492Z,55.808,99511.34672619047
1612465601386,2021-02-04T19:07:32.509Z,55.886,99511.34672619047
1612465601463,2021-02-04T19:07:32.538Z,55.963,99511.34672619047
1612465601541,2021-02-04T19:07:32.567Z,56.041,99511.34672619047
1612465601619,2021-02-04T19:07:32.583Z,56.119,99511.34672619047
1612465601696,2021-02-04T19:07:32.612Z,56.196,99511.34672619047
1612465601774,2021-02-04T19:07:32.659Z,56.274,99511.34672619047
1612465601852,2021-02-04T19:07:32.688Z,56.352,99511.34672619047
1612465601929,2021-02-04T19:07:32.717Z,56.429,99511.34672619047
1612465602007,2021-02-04T19:07:32.733Z,56.507,99512.12016369047
1612465602085,2021-02-04T19:07:32.762Z,56.585,99512.12016369047
1612465602162,2021-02-04T19:07:32.778Z,56.662,99511.42485119047
1612465602240,2021-02-04T19:07:32.807Z,56.74,99510.64360119047
1612465602317,2021-02-04T19:07:32.824Z,56.817,99510.64360119047
1612465602395,2021-02-04T19:07:32.852Z,56.895,99510.64360119047
1612465602473,2021-02-04T19:07:32.882Z,56.973,99510.64360119047
1612465602550,2021-02-04T19:07:32.897Z,57.05,99510.64360119047
1612465602628,2021-02-04T19:07:32.914Z,57.128,99510.64360119047
1612465602706,2021-02-04T19:07:32.943Z,57.206,99510.64360119047
1612465602783,2021-02-04T19:07:32.972Z,57.283,99511.42485119047
1612465602861,2021-02-04T19:07:32.989Z,57.361,99510.64360119047
1612465602939,2021-02-04T19:07:33.018Z,57.439,99510.64360119047
1612465603016,2021-02-04T19:07:33.047Z,57.516,99509.94828869047
1612465603094,2021-02-04T19:07:33.064Z,57.594,99510.72172619047
1612465603171,2021-02-04T19:07:33.092Z,57.671,99510.72172619047
1612465603249,2021-02-04T19:07:33.109Z,57.749,99509.94828869047
1612465603327,2021-02-04T19:07:33.137Z,57.827,99509.94828869047
1612465603404,2021-02-04T19:07:33.166Z,57.904,99509.94828869047
1612465603482,2021-02-04T19:07:33.182Z,57.982,99509.94828869047
1612465603560,2021-02-04T19:07:33.212Z,58.06,99509.94828869047
1612465603637,2021-02-04T19:07:33.228Z,58.137,99509.94828869047
1612465603715,2021-02-04T19:07:33.257Z,58.215,99509.94828869047
1612465603793,2021-02-04T19:07:33.273Z,58.293,99509.94828869047
1612465603870,2021-02-04T19:07:33.302Z,58.37,99509.94828869047
1612465603948,2021-02-04T19:07:33.319Z,58.448,99509.94828869047
1612465604025,2021-02-04T19:07:33.347Z,58.525,99509.94828869047
1612465604103,2021-02-04T19:07:33.364Z,58.603,99509.94828869047
1612465604181,2021-02-04T19:07:33.393Z,58.681,99509.94828869047
1612465604258,2021-02-04T19:07:33.422Z,58.758,99509.94828869047
1612465604336,2021-02-04T19:07:33.439Z,58.836,99510.72172619047
1612465604414,2021-02-04T19:07:33.467Z,58.914,99510.72172619047
1612465604491,2021-02-04T19:07:33.496Z,58.991,99510.72172619047
1612465604569,2021-02-04T19:07:33.512Z,59.069,99510.72172619047
1612465604647,2021-02-04T19:07:33.541Z,59.147,99510.72172619047
1612465604724,2021-02-04T19:07:33.558Z,59.224,99510.72172619047
1612465604802,2021-02-04T19:07:33.587Z,59.302,99510.72172619047
1612465604879,2021-02-04T19:07:33.603Z,59.379,99510.72172619047
1612465604957,2021-02-04T19:07:33.662Z,59.457,99510.72172619047
1612465605035,2021-02-04T19:07:33.679Z,59.535,99510.72172619047
1612465605114,2021-02-04T19:07:33.707Z,59.614,99511.42485119047
1612465605191,2021-02-04T19:07:33.723Z,59.691,99511.42485119047
1612465605269,2021-02-04T19:07:33.752Z,59.769,99511.42485119047
1612465605347,2021-02-04T19:07:33.781Z,59.847,99511.42485119047
1612465605424,2021-02-04T19:07:33.798Z,59.924,99511.42485119047
1612465605502,2021-02-04T19:07:33.826Z,60.002,99511.42485119047
1612465605580,2021-02-04T19:07:33.843Z,60.08,99511.42485119047
1612465605657,2021-02-04T19:07:33.872Z,60.157,99511.42485119047
1612465605736,2021-02-04T19:07:33.889Z,60.236,99511.42485119047
1612465605813,2021-02-04T19:07:33.918Z,60.313,99512.12016369047
1612465605890,2021-02-04T19:07:33.934Z,60.39,99512.12016369047
1612465605968,2021-02-04T19:07:33.963Z,60.468,99512.12016369047
1612465606045,2021-02-04T19:07:33.992Z,60.545,99512.12016369047
1612465606123,2021-02-04T19:07:34.008Z,60.623,99512.12016369047
1612465606201,2021-02-04T19:07:34.037Z,60.701,99512.12016369047
1612465606278,2021-02-04T19:07:34.054Z,60.778,99512.12016369047
1612465606356,2021-02-04T19:07:34.081Z,60.856,99512.12016369047
1612465606434,2021-02-04T19:07:34.099Z,60.934,99512.12016369047
1612465606511,2021-02-04T19:07:34.127Z,61.011,99512.12016369047
1612465606589,2021-02-04T19:07:34.156Z,61.089,99512.12016369047
1612465606667,2021-02-04T19:07:34.173Z,61.167,99512.12016369047
1612465606744,2021-02-04T19:07:34.202Z,61.244,99511.42485119047
1612465606822,2021-02-04T19:07:34.232Z,61.322,99511.42485119047
1612465606899,2021-02-04T19:07:34.249Z,61.399,99511.42485119047
1612465606977,2021-02-04T19:07:34.277Z,61.477,99511.42485119047
1612465607055,2021-02-04T19:07:34.307Z,61.555,99512.12016369047
1612465607132,2021-02-04T19:07:34.322Z,61.632,99511.42485119047
1612465607210,2021-02-04T19:07:34.339Z,61.71,99511.42485119047
1612465607288,2021-02-04T19:07:34.367Z,61.788,99511.42485119047
1612465607365,2021-02-04T19:07:34.384Z,61.865,99511.42485119047
1612465607443,2021-02-04T19:07:34.412Z,61.943,99511.42485119047
1612465607521,2021-02-04T19:07:34.441Z,62.021,99511.42485119047
1612465607598,2021-02-04T19:07:34.458Z,62.098,99511.42485119047
1612465607676,2021-02-04T19:07:34.487Z,62.176,99511.42485119047
1612465607753,2021-02-04T19:07:34.504Z,62.253,99511.42485119047
1612465607831,2021-02-04T19:07:34.532Z,62.331,99511.42485119047
1612465607909,2021-02-04T19:07:34.549Z,62.409,99511.42485119047
1612465607986,2021-02-04T19:07:34.578Z,62.486,99510.72172619047
1612465608065,2021-02-04T19:07:34.606Z,62.565,99511.42485119047
1612465608142,2021-02-04T19:07:34.653Z,62.642,99511.42485119047
1612465608219,2021-02-04T19:07:34.682Z,62.719,99511.42485119047
1612465608297,2021-02-04T19:07:34.699Z,62.797,99511.42485119047
1612465608375,2021-02-04T19:07:34.726Z,62.875,99512.12016369047
1612465608452,2021-02-04T19:07:34.743Z,62.952,99512.12016369047
1612465608530,2021-02-04T19:07:34.772Z,63.03,99512.12016369047
1612465608607,2021-02-04T19:07:34.789Z,63.107,99512.12016369047
1612465608685,2021-02-04T19:07:34.817Z,63.185,99512.12016369047
1612465608763,2021-02-04T19:07:34.834Z,63.263,99512.12016369047
1612465608840,2021-02-04T19:07:34.863Z,63.34,99512.12016369047
1612465608918,2021-02-04T19:07:34.892Z,63.418,99512.12016369047
1612465608996,2021-02-04T19:07:34.909Z,63.496,99512.82328869047
1612465609073,2021-02-04T19:07:34.937Z,63.573,99512.82328869047
1612465609151,2021-02-04T19:07:34.966Z,63.651,99512.82328869047
1612465609229,2021-02-04T19:07:34.983Z,63.729,99512.82328869047
1612465609306,2021-02-04T19:07:35.012Z,63.806,99512.82328869047
1612465609384,2021-02-04T19:07:35.029Z,63.884,99512.82328869047
1612465609461,2021-02-04T19:07:35.058Z,63.961,99512.12016369047
1612465609541,2021-02-04T19:07:35.074Z,64.041,99512.12016369047
1612465609617,2021-02-04T19:07:35.103Z,64.117,99512.12016369047
1612465609694,2021-02-04T19:07:35.120Z,64.194,99512.12016369047
1612465609772,2021-02-04T19:07:35.148Z,64.272,99512.12016369047
1612465609850,2021-02-04T19:07:35.164Z,64.35,99511.42485119047
1612465609927,2021-02-04T19:07:35.193Z,64.427,99511.42485119047
1612465610005,2021-02-04T19:07:35.221Z,64.505,99511.42485119047
1612465610083,2021-02-04T19:07:35.239Z,64.583,99511.42485119047
1612465610162,2021-02-04T19:07:35.267Z,64.662,99511.42485119047
1612465610238,2021-02-04T19:07:35.296Z,64.738,99511.42485119047
1612465610315,2021-02-04T19:07:35.314Z,64.815,99511.42485119047
1612465610395,2021-02-04T19:07:35.342Z,64.895,99511.42485119047
1612465610471,2021-02-04T19:07:35.358Z,64.971,99510.72172619047
1612465610548,2021-02-04T19:07:35.387Z,65.048,99510.72172619047
1612465610627,2021-02-04T19:07:35.404Z,65.127,99510.72172619047
1612465610705,2021-02-04T19:07:35.433Z,65.205,99510.72172619047
1612465610783,2021-02-04T19:07:35.461Z,65.283,99510.72172619047
1612465610860,2021-02-04T19:07:35.491Z,65.36,99510.72172619047
1612465610938,2021-02-04T19:07:35.508Z,65.438,99510.72172619047
1612465611017,2021-02-04T19:07:35.537Z,65.517,99510.72172619047
1612465611093,2021-02-04T19:07:35.552Z,65.593,99510.72172619047
1612465611171,2021-02-04T19:07:35.581Z,65.671,99510.72172619047
1612465611249,2021-02-04T19:07:35.628Z,65.749,99510.72172619047
1612465611326,2021-02-04T19:07:35.644Z,65.826,99510.01860119047
1612465611404,2021-02-04T19:07:35.673Z,65.904,99510.01860119047
1612465611481,2021-02-04T19:07:35.702Z,65.981,99510.01860119047
1612465611559,2021-02-04T19:07:35.719Z,66.059,99510.01860119047
1612465611637,2021-02-04T19:07:35.747Z,66.137,99510.01860119047
1612465611714,2021-02-04T19:07:35.764Z,66.214,99510.72172619047
1612465611792,2021-02-04T19:07:35.792Z,66.292,99510.72172619047
1612465611871,2021-02-04T19:07:35.821Z,66.371,99510.72172619047
1612465611949,2021-02-04T19:07:35.838Z,66.449,99510.72172619047
1612465612026,2021-02-04T19:07:35.867Z,66.526,99510.01860119047
1612465612104,2021-02-04T19:07:35.884Z,66.604,99510.72172619047
1612465612182,2021-02-04T19:07:35.913Z,66.682,99510.72172619047
1612465612259,2021-02-04T19:07:35.929Z,66.759,99510.72172619047
1612465612337,2021-02-04T19:07:35.958Z,66.837,99510.72172619047
1612465612415,2021-02-04T19:07:35.986Z,66.915,99510.72172619047
1612465612492,2021-02-04T19:07:36.002Z,66.992,99510.72172619047
1612465612570,2021-02-04T19:07:36.019Z,67.07,99510.72172619047
1612465612647,2021-02-04T19:07:36.048Z,67.147,99510.72172619047
1612465612725,2021-02-04T19:07:36.076Z,67.225,99510.72172619047
1612465612803,2021-02-04T19:07:36.094Z,67.303,99510.72172619047
1612465612880,2021-02-04T19:07:36.121Z,67.38,99510.72172619047
1612465612958,2021-02-04T19:07:36.139Z,67.458,99510.72172619047
1612465613036,2021-02-04T19:07:36.167Z,67.536,99510.72172619047
1612465613113,2021-02-04T19:07:36.196Z,67.613,99510.72172619047
1612465613191,2021-02-04T19:07:36.213Z,67.691,99510.72172619047
1612465613269,2021-02-04T19:07:36.242Z,67.769,99510.72172619047
1612465613346,2021-02-04T19:07:36.259Z,67.846,99510.72172619047
1612465613424,2021-02-04T19:07:36.287Z,67.924,99510.72172619047
1612465613502,2021-02-04T19:07:36.304Z,68.002,99510.72172619047
1612465613579,2021-02-04T19:07:36.332Z,68.079,99510.72172619047
1612465613657,2021-02-04T19:07:36.349Z,68.157,99510.72172619047
1612465613734,2021-02-04T19:07:36.377Z,68.234,99510.72172619047
1612465613812,2021-02-04T19:07:36.394Z,68.312,99510.72172619047
1612465613890,2021-02-04T19:07:36.423Z,68.39,99510.72172619047
1612465613967,2021-02-04T19:07:36.452Z,68.467,99510.01860119047
1612465614045,2021-02-04T19:07:36.469Z,68.545,99510.01860119047
1612465614123,2021-02-04T19:07:36.497Z,68.623,99510.01860119047
1612465614200,2021-02-04T19:07:36.526Z,68.7,99510.01860119047
1612465614278,2021-02-04T19:07:36.542Z,68.778,99510.01860119047
1612465614356,2021-02-04T19:07:36.571Z,68.856,99510.01860119047
1612465614433,2021-02-04T19:07:36.618Z,68.933,99510.01860119047
1612465614512,2021-02-04T19:07:36.647Z,69.012,99510.01860119047
1612465614588,2021-02-04T19:07:36.676Z,69.088,99509.32328869047
1612465614666,2021-02-04T19:07:36.693Z,69.166,99509.32328869047
1612465614744,2021-02-04T19:07:36.723Z,69.244,99509.32328869047
1612465614821,2021-02-04T19:07:36.739Z,69.321,99510.01860119047
1612465614899,2021-02-04T19:07:36.766Z,69.399,99510.01860119047
1612465614977,2021-02-04T19:07:36.784Z,69.477,99510.01860119047
1612465615054,2021-02-04T19:07:36.813Z,69.554,99510.01860119047
1612465615133,2021-02-04T19:07:36.842Z,69.633,99510.01860119047
1612465615211,2021-02-04T19:07:36.858Z,69.711,99510.01860119047
1612465615289,2021-02-04T19:07:36.886Z,69.789,99510.76078869047
1612465615366,2021-02-04T19:07:36.903Z,69.866,99510.06547619047
1612465615444,2021-02-04T19:07:36.932Z,69.944,99510.01860119047
1612465615522,2021-02-04T19:07:36.949Z,70.022,99510.01860119047
1612465615599,2021-02-04T19:07:36.978Z,70.099,99510.76078869047
1612465615677,2021-02-04T19:07:37.007Z,70.177,99510.76078869047
1612465615754,2021-02-04T19:07:37.023Z,70.254,99510.76078869047
1612465615832,2021-02-04T19:07:37.052Z,70.332,99510.76078869047
1612465615910,2021-02-04T19:07:37.069Z,70.41,99510.76078869047
1612465615987,2021-02-04T19:07:37.098Z,70.487,99510.76078869047
1612465616065,2021-02-04T19:07:37.126Z,70.565,99510.76078869047
1612465616143,2021-02-04T19:07:37.143Z,70.643,99510.76078869047
1612465616220,2021-02-04T19:07:37.159Z,70.72,99510.76078869047
1612465616298,2021-02-04T19:07:37.188Z,70.798,99510.76078869047
1612465616376,2021-02-04T19:07:37.217Z,70.876,99510.76078869047
1612465616453,2021-02-04T19:07:37.234Z,70.953,99510.76078869047
1612465616531,2021-02-04T19:07:37.262Z,71.031,99510.76078869047
1612465616608,2021-02-04T19:07:37.291Z,71.108,99510.76078869047
1612465616686,2021-02-04T19:07:37.307Z,71.186,99510.76078869047
1612465616764,2021-02-04T19:07:37.336Z,71.264,99510.76078869047
1612465616841,2021-02-04T19:07:37.353Z,71.341,99510.76078869047
1612465616919,2021-02-04T19:07:37.382Z,71.419,99510.76078869047
1612465616997,2021-02-04T19:07:37.399Z,71.497,99510.76078869047
1612465617074,2021-02-04T19:07:37.428Z,71.574,99511.46391369047
1612465617152,2021-02-04T19:07:37.457Z,71.652,99510.76078869047
1612465617231,2021-02-04T19:07:37.473Z,71.731,99511.46391369047
1612465617307,2021-02-04T19:07:37.502Z,71.807,99511.46391369047
1612465617385,2021-02-04T19:07:37.518Z,71.885,99511.46391369047
1612465617462,2021-02-04T19:07:37.534Z,71.962,99512.16703869047
1612465617542,2021-02-04T19:07:37.563Z,72.042,99512.16703869047
1612465617619,2021-02-04T19:07:37.621Z,72.119,99512.16703869047
1612465617697,2021-02-04T19:07:37.638Z,72.197,99512.16703869047
1612465617774,2021-02-04T19:07:37.667Z,72.274,99512.16703869047
1612465617852,2021-02-04T19:07:37.684Z,72.352,99512.16703869047
1612465617930,2021-02-04T19:07:37.713Z,72.43,99512.87016369047
1612465618007,2021-02-04T19:07:37.741Z,72.507,99512.87016369047
1612465618085,2021-02-04T19:07:37.758Z,72.585,99512.16703869047
1612465618163,2021-02-04T19:07:37.787Z,72.663,99512.16703869047
1612465618240,2021-02-04T19:07:37.804Z,72.74,99512.87016369047
1612465618318,2021-02-04T19:07:37.832Z,72.818,99512.87016369047
1612465618396,2021-02-04T19:07:37.861Z,72.896,99512.87016369047
1612465618473,2021-02-04T19:07:37.877Z,72.973,99512.87016369047
1612465618551,2021-02-04T19:07:37.906Z,73.051,99512.16703869047
1612465618628,2021-02-04T19:07:37.923Z,73.128,99512.16703869047
1612465618706,2021-02-04T19:07:37.952Z,73.206,99512.16703869047
1612465618784,2021-02-04T19:07:37.968Z,73.284,99512.16703869047
1612465618861,2021-02-04T19:07:37.997Z,73.361,99512.16703869047
1612465618939,2021-02-04T19:07:38.014Z,73.439,99511.46391369047
1612465619018,2021-02-04T19:07:38.043Z,73.518,99511.46391369047
1612465619096,2021-02-04T19:07:38.072Z,73.596,99511.46391369047
1612465619173,2021-02-04T19:07:38.088Z,73.673,99511.46391369047
1612465619251,2021-02-04T19:07:38.117Z,73.751,99511.46391369047
1612465619329,2021-02-04T19:07:38.146Z,73.829,99511.46391369047
1612465619406,2021-02-04T19:07:38.162Z,73.906,99511.46391369047
1612465619484,2021-02-04T19:07:38.191Z,73.984,99511.46391369047
1612465619562,2021-02-04T19:07:38.208Z,74.062,99511.46391369047
1612465619639,2021-02-04T19:07:38.236Z,74.139,99511.46391369047
1612465619717,2021-02-04T19:07:38.253Z,74.217,99511.46391369047
1612465619794,2021-02-04T19:07:38.282Z,74.294,99511.46391369047
1612465619872,2021-02-04T19:07:38.298Z,74.372,99511.46391369047
1612465619950,2021-02-04T19:07:38.328Z,74.45,99511.46391369047
1612465620027,2021-02-04T19:07:38.356Z,74.527,99511.46391369047
1612465620105,2021-02-04T19:07:38.373Z,74.605,99511.46391369047
1612465620183,2021-02-04T19:07:38.401Z,74.683,99511.46391369047
1612465620260,2021-02-04T19:07:38.417Z,74.76,99511.46391369047
1612465620338,2021-02-04T19:07:38.434Z,74.838,99511.46391369047
1612465620416,2021-02-04T19:07:38.463Z,74.916,99511.46391369047
1612465620493,2021-02-04T19:07:38.492Z,74.993,99511.46391369047
1612465620571,2021-02-04T19:07:38.508Z,75.071,99511.46391369047
1612465620648,2021-02-04T19:07:38.537Z,75.148,99511.46391369047
1612465620726,2021-02-04T19:07:38.566Z,75.226,99512.16703869047
1612465620804,2021-02-04T19:07:38.613Z,75.304,99511.46391369047
1612465620881,2021-02-04T19:07:38.641Z,75.381,99512.16703869047
1612465620959,2021-02-04T19:07:38.659Z,75.459,99512.16703869047
1612465621037,2021-02-04T19:07:38.687Z,75.537,99512.16703869047
1612465621114,2021-02-04T19:07:38.716Z,75.614,99512.16703869047
1612465621192,2021-02-04T19:07:38.733Z,75.692,99512.16703869047
1612465621270,2021-02-04T19:07:38.761Z,75.77,99511.46391369047
1612465621347,2021-02-04T19:07:38.776Z,75.847,99512.16703869047
1612465621425,2021-02-04T19:07:38.793Z,75.925,99511.46391369047
1612465621502,2021-02-04T19:07:38.822Z,76.002,99511.46391369047
1612465621580,2021-02-04T19:07:38.851Z,76.08,99512.16703869047
1612465621658,2021-02-04T19:07:38.868Z,76.158,99511.46391369047
1612465621735,2021-02-04T19:07:38.897Z,76.235,99512.16703869047
1612465621813,2021-02-04T19:07:38.914Z,76.313,99512.16703869047
1612465621891,2021-02-04T19:07:38.943Z,76.391,99512.16703869047
1612465621968,2021-02-04T19:07:38.971Z,76.468,99512.16703869047
1612465622046,2021-02-04T19:07:38.988Z,76.546,99512.16703869047
1612465622124,2021-02-04T19:07:39.016Z,76.624,99512.16703869047
1612465622201,2021-02-04T19:07:39.033Z,76.701,99512.16703869047
1612465622279,2021-02-04T19:07:39.061Z,76.779,99512.16703869047
1612465622356,2021-02-04T19:07:39.079Z,76.856,99512.16703869047
1612465622434,2021-02-04T19:07:39.107Z,76.934,99512.16703869047
1612465622512,2021-02-04T19:07:39.136Z,77.012,99512.16703869047
1612465622589,2021-02-04T19:07:39.153Z,77.089,99512.16703869047
1612465622667,2021-02-04T19:07:39.168Z,77.167,99512.16703869047
1612465622745,2021-02-04T19:07:39.197Z,77.245,99512.16703869047
1612465622822,2021-02-04T19:07:39.226Z,77.322,99512.16703869047
1612465622900,2021-02-04T19:07:39.243Z,77.4,99512.16703869047
1612465622978,2021-02-04T19:07:39.272Z,77.478,99512.16703869047
1612465623055,2021-02-04T19:07:39.289Z,77.555,99512.16703869047
1612465623133,2021-02-04T19:07:39.319Z,77.633,99511.46391369047
1612465623210,2021-02-04T19:07:39.346Z,77.71,99511.46391369047
1612465623288,2021-02-04T19:07:39.363Z,77.788,99511.46391369047
1612465623366,2021-02-04T19:07:39.392Z,77.866,99511.46391369047
1612465623443,2021-02-04T19:07:39.408Z,77.943,99511.46391369047
1612465623521,2021-02-04T19:07:39.437Z,78.021,99511.46391369047
1612465623599,2021-02-04T19:07:39.466Z,78.099,99511.46391369047
1612465623676,2021-02-04T19:07:39.483Z,78.176,99511.46391369047
1612465623754,2021-02-04T19:07:39.512Z,78.254,99511.46391369047
1612465623832,2021-02-04T19:07:39.529Z,78.332,99511.46391369047
1612465623909,2021-02-04T19:07:39.556Z,78.409,99511.46391369047
1612465623987,2021-02-04T19:07:39.603Z,78.487,99511.46391369047
1612465624064,2021-02-04T19:07:39.619Z,78.564,99511.46391369047
1612465624142,2021-02-04T19:07:39.648Z,78.642,99512.24516369047
1612465624220,2021-02-04T19:07:39.676Z,78.72,99511.54203869047
1612465624297,2021-02-04T19:07:39.694Z,78.797,99511.54203869047
1612465624375,2021-02-04T19:07:39.722Z,78.875,99510.76078869047
1612465624453,2021-02-04T19:07:39.751Z,78.953,99510.76078869047
1612465624530,2021-02-04T19:07:39.768Z,79.03,99510.76078869047
1612465624609,2021-02-04T19:07:39.797Z,79.109,99510.06547619047
1612465624686,2021-02-04T19:07:39.814Z,79.186,99510.06547619047
1612465624763,2021-02-04T19:07:39.843Z,79.263,99510.06547619047
1612465624841,2021-02-04T19:07:39.872Z,79.341,99510.06547619047
1612465624918,2021-02-04T19:07:39.888Z,79.418,99510.06547619047
1612465624996,2021-02-04T19:07:39.917Z,79.496,99510.83891369047
1612465625074,2021-02-04T19:07:39.934Z,79.574,99510.06547619047
1612465625151,2021-02-04T19:07:39.961Z,79.651,99510.06547619047
1612465625229,2021-02-04T19:07:39.977Z,79.729,99510.13578869047
1612465625307,2021-02-04T19:07:40.007Z,79.807,99509.36235119047
1612465625384,2021-02-04T19:07:40.023Z,79.884,99509.36235119047
1612465625463,2021-02-04T19:07:40.052Z,79.963,99509.36235119047
1612465625541,2021-02-04T19:07:40.068Z,80.041,99509.36235119047
1612465625619,2021-02-04T19:07:40.097Z,80.119,99509.36235119047
1612465625696,2021-02-04T19:07:40.126Z,80.196,99509.36235119047
1612465625774,2021-02-04T19:07:40.143Z,80.274,99510.13578869047
1612465625852,2021-02-04T19:07:40.171Z,80.352,99510.13578869047
1612465625929,2021-02-04T19:07:40.188Z,80.429,99509.36235119047
1612465626007,2021-02-04T19:07:40.217Z,80.507,99510.13578869047
1612465626085,2021-02-04T19:07:40.234Z,80.585,99510.13578869047
1612465626162,2021-02-04T19:07:40.263Z,80.662,99510.13578869047
1612465626240,2021-02-04T19:07:40.291Z,80.74,99510.13578869047
1612465626317,2021-02-04T19:07:40.308Z,80.817,99510.13578869047
1612465626397,2021-02-04T19:07:40.337Z,80.897,99510.13578869047
1612465626474,2021-02-04T19:07:40.353Z,80.974,99510.13578869047
1612465626552,2021-02-04T19:07:40.369Z,81.052,99509.36235119047
1612465626629,2021-02-04T19:07:40.398Z,81.129,99509.36235119047
1612465626707,2021-02-04T19:07:40.426Z,81.207,99509.36235119047
1612465626785,2021-02-04T19:07:40.443Z,81.285,99509.36235119047
1612465626862,2021-02-04T19:07:40.472Z,81.362,99510.83891369047
1612465626940,2021-02-04T19:07:40.501Z,81.44,99509.36235119047
1612465627018,2021-02-04T19:07:40.518Z,81.518,99510.13578869047
1612465627095,2021-02-04T19:07:40.577Z,81.595,99509.36235119047
1612465627173,2021-02-04T19:07:40.593Z,81.673,99510.13578869047
