epoch (ms),time (-07:00),elapsed (s),X-Axis (deg/s),Y-Axis (deg/s),Z-Axis (deg/s)
1614182154086,2021-02-24T15:56:58.152Z,44.211000000000006,15.080828666687012,-10.984118461608887,-14.222915649414062
1614182154127,2021-02-24T15:56:58.154Z,44.251999999999995,13.861316680908205,-4.337776184082031,-19.588769912719727
1614182154166,2021-02-24T15:56:58.165Z,44.291000000000004,13.556438446044922,-4.886557102203369,-11.357061386108398
1614182154207,2021-02-24T15:56:58.167Z,44.332,16.788145065307614,0.7231991291046143,-10.320476531982422
1614182154247,2021-02-24T15:56:58.179Z,44.372,16.91009521484375,-6.898752212524414,-12.393647193908693
1614182154287,2021-02-24T15:56:58.195Z,44.412,23.617412567138672,-16.654850006103516,-17.759502410888672
1614182154328,2021-02-24T15:56:58.197Z,44.453,18.43448638916016,-18.788997650146484,-20.74730682373047
1614182154367,2021-02-24T15:56:58.199Z,44.492,20.50765609741211,-20.313386917114254,-24.03998947143555
1614182154408,2021-02-24T15:56:58.211Z,44.533,9.532048225402832,-18.788997650146484,-25.68633079528809
1614182154448,2021-02-24T15:56:58.213Z,44.573,12.763754844665527,-21.471923828125,-27.08876991271973
1614182154487,2021-02-24T15:56:58.224Z,44.611999999999995,17.580827713012695,-16.776802062988278,-26.66194152832031
1614182154528,2021-02-24T15:56:58.227Z,44.653,14.958877563476562,-20.496313095092773,-13.06437873840332
1614182154568,2021-02-24T15:56:58.228Z,44.693000000000005,-0.5899035334587097,-17.447532653808597,6.569767475128174
1614182154609,2021-02-24T15:56:58.239Z,44.733999999999995,-17.54112434387207,-4.764605522155762,4.43562126159668
1614182154648,2021-02-24T15:56:58.241Z,44.773,-23.882587432861328,18.46710205078125,9.19171905517578
1614182154688,2021-02-24T15:56:58.244Z,44.813,-25.955759048461914,37.430519104003906,17.423425674438473
1614182154729,2021-02-24T15:56:58.255Z,44.854,-24.43136787414551,31.88173675537109,26.203914642333984
1614182154768,2021-02-24T15:56:58.257Z,44.893,-14.065513610839846,37.12564086914063,31.203914642333984
1614182154809,2021-02-24T15:56:58.259Z,44.934,-10.95575714111328,10.479296684265137,33.94781875610352
1614182154849,2021-02-24T15:56:58.270Z,44.974,-17.175270080566403,5.7231993675231925,-4.283891201019287
1614182154889,2021-02-24T15:56:58.272Z,45.013999999999996,2.641803741455078,-22.508508682250977,-40.07657241821289
1614182154930,2021-02-24T15:56:58.274Z,45.055,-11.504537582397461,-14.154850006103516,-16.174135208129886
1614182154969,2021-02-24T15:56:58.285Z,45.093999999999994,-7.9069766998291025,-9.947532653808594,-13.73511028289795
1614182155009,2021-02-24T15:56:58.288Z,45.13399999999999,-7.9069766998291025,-9.947532653808594,-13.73511028289795
1614182155050,2021-02-24T15:56:58.299Z,45.175,-10.833806037902832,13.284174919128418,-3.796086311340332
1614182155089,2021-02-24T15:56:58.315Z,45.214,1.7881453037261963,-6.228020191192628,-12.149744987487793
1614182155130,2021-02-24T15:56:58.317Z,45.255,1.6661940813064575,2.613442897796631,-8.369256973266603
1614182155170,2021-02-24T15:56:58.329Z,45.295,-6.748440265655518,9.930516242980957,-1.2960861921310425
1614182155209,2021-02-24T15:56:58.331Z,45.333999999999996,-6.748440265655518,9.930516242980957,-1.2960861921310425
1614182155250,2021-02-24T15:56:58.339Z,45.375,7.153998851776122,4.99149227142334,-1.113159418106079
1614182155290,2021-02-24T15:56:58.344Z,45.415,16.605216979980472,-2.6304595470428467,-1.7229155302047732
1614182155331,2021-02-24T15:56:58.362Z,45.456,21.23936462402344,-2.569483995437622,4.008791923522948
1614182155371,2021-02-24T15:56:58.363Z,45.496,21.17838859558105,-0.5572887063026428,9.069767951965332
1614182155410,2021-02-24T15:56:58.374Z,45.535,21.17838859558105,-0.5572887063026428,9.069767951965332
1614182155451,2021-02-24T15:56:58.376Z,45.576,9.89790153503418,3.3451502323150635,10.411231994628906
1614182155491,2021-02-24T15:56:58.379Z,45.61600000000001,8.983267784118652,3.954906463623047,1.5087918043136597
1614182155532,2021-02-24T15:56:58.390Z,45.657,4.349120616912842,15.96710205078125,-1.6009643077850342
1614182155571,2021-02-24T15:56:58.392Z,45.696000000000005,2.153998851776123,8.771979331970215,2.9112308025360107
1614182155611,2021-02-24T15:56:58.394Z,45.736000000000004,2.153998851776123,8.771979331970215,2.9112308025360107
1614182155652,2021-02-24T15:56:58.405Z,45.777,2.702779531478882,-1.2889961004257202,0.1063528135418892
1614182155691,2021-02-24T15:56:58.407Z,45.816,-1.07770836353302,-0.3133862912654877,0.777084469795227
1614182155732,2021-02-24T15:56:58.409Z,45.857,-4.004537582397462,-5.8011908531188965,3.5209870338439937
1614182155772,2021-02-24T15:56:58.421Z,45.897,-4.370391368865967,-11.471923828125,4.740499019622803
1614182155811,2021-02-24T15:56:58.423Z,45.93600000000001,-4.370391368865967,-11.471923828125,4.740499019622803
1614182155852,2021-02-24T15:56:58.434Z,45.977,-4.5533180236816415,-12.081679344177244,2.423425912857056
1614182155892,2021-02-24T15:56:58.436Z,46.016999999999996,-2.2972207069396973,-7.752410411834718,1.2039138078689575
1614182155933,2021-02-24T15:56:58.439Z,46.058,-1.3216108083724976,2.430516242980957,-1.6009643077850342
1614182155973,2021-02-24T15:56:58.450Z,46.098,-6.443562030792236,10.784174919128418,-0.3204764723777771
1614182156014,2021-02-24T15:56:58.452Z,46.138999999999996,-9.67526912689209,16.150028228759766,1.5087918043136597
1614182156063,2021-02-24T15:56:58.454Z,46.188,-10.163074493408203,3.0402722358703613,16.874645233154293
1614182156103,2021-02-24T15:56:58.480Z,46.228,-11.62648868560791,-1.7768008708953855,12.484402656555176
1614182156153,2021-02-24T15:56:58.483Z,46.278,7.885706424713135,-6.2889957427978525,0.5331820845603943
1614182156194,2021-02-24T15:56:58.484Z,46.318999999999996,1.0564379692077637,-0.4963131248950958,-5.747305870056152
1614182156233,2021-02-24T15:56:58.495Z,46.358000000000004,1.0564379692077637,-0.4963131248950958,-5.747305870056152
1614182156273,2021-02-24T15:56:58.498Z,46.398,2.519852638244629,0.11344299465417862,-9.649744033813477
1614182156314,2021-02-24T15:56:58.509Z,46.43899999999999,5.141803741455078,-5.557288646697998,-8.308280944824219
1614182156353,2021-02-24T15:56:58.511Z,46.478,4.349120616912842,-8.179240226745605,-2.5765740871429443
1614182156394,2021-02-24T15:56:58.514Z,46.519,4.349120616912842,-5.1304593086242685,0.8990356922149658
1614182156434,2021-02-24T15:56:58.525Z,46.559,4.532047748565674,-3.4841179847717285,1.447816252708435
1614182156474,2021-02-24T15:56:58.527Z,46.599,0.2637549638748169,-1.898752212524414,0.8380601406097412
1614182156515,2021-02-24T15:56:58.529Z,46.64,0.8735110759735107,1.3939307928085327,1.0819625854492188
1614182156554,2021-02-24T15:56:58.540Z,46.678999999999995,-1.5655133724212646,1.759784460067749,1.1429381370544434
1614182156595,2021-02-24T15:56:58.542Z,46.72,-1.8094158172607424,-2.081679105758667,-0.6863301396369934
1614182156635,2021-02-24T15:56:58.556Z,46.76,-0.3460011482238769,-2.6304595470428467,-1.6009643077850342
1614182156674,2021-02-24T15:56:58.557Z,46.799,0.5686330199241638,-2.996313095092773,-1.2960861921310425
1614182156715,2021-02-24T15:56:58.569Z,46.84,0.2637549638748169,0.2963698208332062,-2.637549638748169
1614182156755,2021-02-24T15:56:58.571Z,46.88,1.6052184104919434,1.759784460067749,-2.6985251903533936
1614182156796,2021-02-24T15:56:58.573Z,46.92100000000001,1.849120855331421,2.8573453426361084,-1.113159418106079
1614182156835,2021-02-24T15:56:58.584Z,46.96,-2.4191718101501465,2.7963697910308842,1.386840581893921
1614182156875,2021-02-24T15:56:58.587Z,47.0,0.3857061862945557,6.51588249206543,1.5697674751281738
1614182156916,2021-02-24T15:56:58.589Z,47.041000000000004,-0.6508792042732239,6.454906940460205,1.9965968132019043
1614182156955,2021-02-24T15:56:58.600Z,47.08,0.2637549638748169,6.089053153991699,2.362450361251831
1614182156997,2021-02-24T15:56:58.602Z,47.122,1.4832671880722046,4.930516242980957,2.0575723648071294
1614182157036,2021-02-24T15:56:58.604Z,47.161,1.1783891916275024,3.954906463623047,1.5087918043136597
1614182157076,2021-02-24T15:56:58.615Z,47.201,-0.8338059782981873,3.8329551219940186,0.8380601406097412
1614182157117,2021-02-24T15:56:58.660Z,47.242,-4.5533180236816415,3.711004018783569,0.22830402851104736
1614182157156,2021-02-24T15:56:58.662Z,47.281000000000006,-4.2484402656555185,-0.4963131248950958,0.28927963972091675
1614182157206,2021-02-24T15:56:58.664Z,47.331,-4.431366920471191,0.235394224524498,0.1063528135418892
1614182157247,2021-02-24T15:56:58.676Z,47.372,-2.9069766998291016,-2.081679105758667,-0.19852524995803836
1614182157287,2021-02-24T15:56:58.678Z,47.412,-1.992342472076416,-3.1792399883270264,0.16732841730117798
1614182157328,2021-02-24T15:56:58.689Z,47.453,-2.358196258544922,-0.862166702747345,-0.13754963874816895
1614182157367,2021-02-24T15:56:58.691Z,47.492,-1.504537582397461,-1.3499716520309448,0.5331820845603943
1614182157407,2021-02-24T15:56:58.694Z,47.532,-1.992342472076416,-1.898752212524414,0.5331820845603943
1614182157448,2021-02-24T15:56:58.705Z,47.573,-2.480147361755371,0.4792966544628143,2.240499258041382
1614182157487,2021-02-24T15:56:58.707Z,47.611999999999995,-3.699659824371338,-0.6182643175125122,-0.015598412603139876
1614182157528,2021-02-24T15:56:58.709Z,47.653,-9.065513610839844,-3.2402155399322514,-0.625354528427124
1614182157568,2021-02-24T15:56:58.722Z,47.693000000000005,-5.8947815895080575,1.2110040187835691,-1.9058423042297363
1614182157607,2021-02-24T15:56:58.723Z,47.732,-6.138684272766112,2.5524673461914062,-1.3570618629455566
1614182157648,2021-02-24T15:56:58.734Z,47.773,-4.614294052124023,0.235394224524498,-0.930232584476471
1614182157698,2021-02-24T15:56:58.750Z,47.823,-3.5167326927185063,-0.4353375136852264,-0.07657402008771896
1614182157738,2021-02-24T15:56:58.753Z,47.863,-2.1142938137054443,-3.971923112869263,1.386840581893921
1614182157779,2021-02-24T15:56:58.764Z,47.903999999999996,-2.967952251434326,-2.8743619918823238,1.386840581893921
1614182157818,2021-02-24T15:56:58.766Z,47.943000000000005,-1.9313669204711916,-3.1182644367218018,1.0819625854492188
1614182157859,2021-02-24T15:56:58.768Z,47.983999999999995,-0.6508792042732239,-2.386557102203369,0.4722064733505249
1614182157899,2021-02-24T15:56:58.780Z,48.023999999999994,-0.5899035334587097,-2.0207033157348637,-0.2595008611679077
1614182157938,2021-02-24T15:56:58.782Z,48.063,0.93448668718338,-0.5572887063026428,-0.5034033060073853
1614182157979,2021-02-24T15:56:58.795Z,48.104,1.727169632911682,3.0402722358703613,-0.07657402008771896
1614182158019,2021-02-24T15:56:58.797Z,48.144,1.239364743232727,1.6378332376480105,0.22830402851104736
1614182158060,2021-02-24T15:56:58.799Z,48.185,0.9954622983932496,-2.2036302089691158,0.5941576957702637
1614182158100,2021-02-24T15:56:58.810Z,48.225,0.2027793526649475,-5.069483757019043,0.777084469795227
1614182158139,2021-02-24T15:56:58.812Z,48.263999999999996,-1.3825864791870115,-4.093873977661134,0.28927963972091675
1614182158180,2021-02-24T15:56:58.824Z,48.305,-0.6508792042732239,-2.0207033157348637,0.4112308621406555
1614182158220,2021-02-24T15:56:58.826Z,48.345,1.5442428588867188,0.6622235178947449,0.4112308621406555
1614182158259,2021-02-24T15:56:58.828Z,48.38399999999999,1.5442428588867188,0.6622235178947449,0.4112308621406555
1614182158300,2021-02-24T15:56:58.839Z,48.425,0.751559853553772,-0.9841179251670836,0.1063528135418892
1614182158350,2021-02-24T15:56:58.846Z,48.475,2.641803741455078,-1.3499716520309448,0.045377198606729514
1614182158391,2021-02-24T15:56:58.846Z,48.516000000000005,3.9222917556762695,-1.2889961004257202,0.3502552509307861
1614182158431,2021-02-24T15:56:58.870Z,48.556000000000004,3.3735110759735107,-1.6548497676849363,0.22830402851104736
1614182158470,2021-02-24T15:56:58.872Z,48.595,1.97107207775116,0.4792966544628143,0.16732841730117798
1614182158511,2021-02-24T15:56:58.874Z,48.636,2.0930233001708984,1.6378332376480105,0.1063528135418892
1614182158551,2021-02-24T15:56:58.885Z,48.676,1.6661940813064575,2.4914917945861816,0.045377198606729514
1614182158592,2021-02-24T15:56:58.887Z,48.717,2.458876848220825,2.125638246536255,-0.5034033060073853
1614182158631,2021-02-24T15:56:58.899Z,48.756,0.2027793526649475,2.0646624565124507,-0.8082813620567322
1614182158671,2021-02-24T15:56:58.916Z,48.79600000000001,-1.1996595859527588,2.430516242980957,-0.015598412603139876
1614182158712,2021-02-24T15:56:58.918Z,48.836999999999996,-0.7118547558784485,-1.4719228744506836,0.1063528135418892
1614182158751,2021-02-24T15:56:58.929Z,48.876000000000005,-0.9557572007179259,-1.7768008708953855,0.045377198606729514
1614182158791,2021-02-24T15:56:58.931Z,48.916000000000004,-0.9557572007179259,-1.7768008708953855,0.045377198606729514
1614182158832,2021-02-24T15:56:58.934Z,48.957,0.8735110759735107,1.759784460067749,-0.3814520835876465
1614182158872,2021-02-24T15:56:58.945Z,48.997,2.702779531478882,1.3939307928085327,-0.5643789172172546
1614182158913,2021-02-24T15:56:58.947Z,49.038000000000004,0.6905842423439026,1.6988087892532349,-0.5034033060073853
1614182158952,2021-02-24T15:56:58.949Z,49.077,-0.6508792042732239,0.6012479066848755,0.22830402851104736
1614182158992,2021-02-24T15:56:58.960Z,49.117,-0.6508792042732239,0.6012479066848755,0.22830402851104736
1614182159033,2021-02-24T15:56:58.962Z,49.158,0.3247305750846863,-1.045093655586243,0.16732841730117798
1614182159072,2021-02-24T15:56:58.964Z,49.196999999999996,-0.1630743145942688,-0.06948383897542952,-0.3204764723777771
1614182159113,2021-02-24T15:56:58.976Z,49.238,-0.1630743145942688,-0.06948383897542952,-0.3204764723777771
1614182159153,2021-02-24T15:56:58.978Z,49.278,1.0564379692077637,-0.8011911511421204,-0.4424276947975159
1614182159194,2021-02-24T15:56:58.989Z,49.318999999999996,0.019852524623274803,0.845150351524353,-0.19852524995803836
1614182159244,2021-02-24T15:56:58.991Z,49.369,-0.7728304266929626,-1.7158253192901611,0.3502552509307861
1614182159283,2021-02-24T15:56:58.994Z,49.408,-0.5289279818534851,-1.5938740968704224,0.1063528135418892
1614182159323,2021-02-24T15:56:59.005Z,49.448,-0.1630743145942688,-2.6304595470428467,0.045377198606729514
1614182159364,2021-02-24T15:56:59.007Z,49.489,-0.10209869593381883,-0.9841179251670836,-0.3814520835876465
1614182159403,2021-02-24T15:56:59.009Z,49.528,-1.6264889240264893,-2.569483995437622,-0.3204764723777771
1614182159444,2021-02-24T15:56:59.035Z,49.568999999999996,-1.1996595859527588,-1.5328985452651978,0.4722064733505249
1614182159484,2021-02-24T15:56:59.037Z,49.608999999999995,-1.0167328119277954,0.7841747403144836,0.045377198606729514
1614182159523,2021-02-24T15:56:59.039Z,49.648,0.2027793526649475,1.759784460067749,-0.015598412603139876
1614182159564,2021-02-24T15:56:59.050Z,49.68899999999999,0.8735110759735107,1.2110040187835691,-0.2595008611679077
1614182159604,2021-02-24T15:56:59.052Z,49.729,0.6905842423439026,0.5402722954750061,0.1063528135418892
1614182159645,2021-02-24T15:56:59.055Z,49.77,0.08082813769578934,0.7231991291046143,0.045377198606729514
1614182159684,2021-02-24T15:56:59.065Z,49.809,-1.07770836353302,-0.2524106800556183,-0.13754963874816895
1614182159724,2021-02-24T15:56:59.067Z,49.849,0.2027793526649475,0.2963698208332062,0.045377198606729514
1614182159765,2021-02-24T15:56:59.079Z,49.89,-0.8947816491127014,0.5402722954750061,-0.625354528427124
1614182159805,2021-02-24T15:56:59.081Z,49.93,-0.22404992580413816,1.8207600116729736,-0.5643789172172546
1614182159846,2021-02-24T15:56:59.083Z,49.971000000000004,-0.8947816491127014,-1.4719228744506836,-0.5034033060073853
1614182159885,2021-02-24T15:56:59.109Z,50.01,2.458876848220825,1.9427112340927124,0.4722064733505249
1614182159925,2021-02-24T15:56:59.111Z,50.05,1.97107207775116,-0.4353375136852264,0.1063528135418892
1614182159966,2021-02-24T15:56:59.113Z,50.091,1.97107207775116,-3.2402155399322514,-0.3814520835876465
1614182160005,2021-02-24T15:56:59.124Z,50.13,0.751559853553772,-3.728020429611206,0.5941576957702637
1614182160045,2021-02-24T15:56:59.127Z,50.17,0.8735110759735107,-2.3255815505981445,-0.015598412603139876
1614182160086,2021-02-24T15:56:59.129Z,50.211000000000006,-0.6508792042732239,-2.3255815505981445,-0.5643789172172546
1614182160125,2021-02-24T15:56:59.140Z,50.25,-2.967952251434326,-0.008508224971592426,-0.3204764723777771
1614182160166,2021-02-24T15:56:59.142Z,50.291000000000004,-5.285025596618652,-0.4353375136852264,-0.3814520835876465
1614182160206,2021-02-24T15:56:59.144Z,50.331,-2.2362449169158936,-0.2524106800556183,0.777084469795227
1614182160246,2021-02-24T15:56:59.155Z,50.371,-0.7728304266929626,4.015882015228272,-0.3814520835876465
1614182160287,2021-02-24T15:56:59.186Z,50.412,-3.3947815895080566,-0.008508224971592426,0.6551332473754883
1614182160326,2021-02-24T15:56:59.188Z,50.451,-1.9313669204711916,0.1744186133146286,1.0819625854492188
1614182160367,2021-02-24T15:56:59.200Z,50.492,0.8125354647636414,-0.4963131248950958,-0.07657402008771896
1614182160407,2021-02-24T15:56:59.202Z,50.532,-1.9313669204711916,-0.13045944273471832,0.16732841730117798
1614182160446,2021-02-24T15:56:59.204Z,50.571000000000005,-1.8703913688659668,-1.5938740968704224,-0.4424276947975159
1614182160487,2021-02-24T15:56:59.215Z,50.611999999999995,-0.7728304266929626,-0.6182643175125122,-0.5034033060073853
1614182160527,2021-02-24T15:56:59.217Z,50.652,0.2027793526649475,-1.1670448780059814,-0.19852524995803836
1614182160568,2021-02-24T15:56:59.219Z,50.693000000000005,-0.10209869593381883,-2.996313095092773,0.22830402851104736
1614182160607,2021-02-24T15:56:59.231Z,50.732,-0.10209869593381883,-1.045093655586243,0.28927963972091675
1614182160647,2021-02-24T15:56:59.233Z,50.772,-0.7728304266929626,-1.2889961004257202,-0.19852524995803836
1614182160688,2021-02-24T15:56:59.244Z,50.813,0.6905842423439026,1.5768575668334959,0.1063528135418892
1614182160727,2021-02-24T15:56:59.245Z,50.852,0.3857061862945557,-0.7402154803276062,-0.6863301396369934
1614182160768,2021-02-24T15:56:59.248Z,50.893,-0.22404992580413816,-0.1914350539445877,-0.015598412603139876
1614182160808,2021-02-24T15:56:59.260Z,50.933,-0.22404992580413816,-0.1914350539445877,-0.015598412603139876
1614182160858,2021-02-24T15:56:59.262Z,50.983000000000004,-1.687464475631714,-0.3133862912654877,-0.07657402008771896
1614182160908,2021-02-24T15:56:59.274Z,51.033,-1.687464475631714,-0.3133862912654877,-0.07657402008771896
1614182160949,2021-02-24T15:56:59.276Z,51.074,-1.8703913688659668,-0.862166702747345,-0.7473057508468628
1614182160988,2021-02-24T15:56:59.278Z,51.113,-1.7484400272369385,0.11344299465417862,-0.6863301396369934
1614182161029,2021-02-24T15:56:59.289Z,51.153999999999996,0.6905842423439026,-0.9841179251670836,-0.13754963874816895
1614182161069,2021-02-24T15:56:59.306Z,51.193999999999996,1.1174135208129885,-0.7402154803276062,0.22830402851104736
1614182161108,2021-02-24T15:56:59.308Z,51.233000000000004,1.1174135208129885,-0.7402154803276062,0.22830402851104736
1614182161149,2021-02-24T15:56:59.319Z,51.273999999999994,0.8735110759735107,0.5402722954750061,0.045377198606729514
1614182161189,2021-02-24T15:56:59.321Z,51.31399999999999,1.0564379692077637,0.4792966544628143,-0.07657402008771896
1614182161230,2021-02-24T15:56:59.324Z,51.355,-0.04112308844923973,1.0280771255493164,-0.2595008611679077
1614182161269,2021-02-24T15:56:59.335Z,51.394,0.14180374145507812,0.5402722954750061,-0.07657402008771896
1614182161309,2021-02-24T15:56:59.337Z,51.434,0.14180374145507812,0.5402722954750061,-0.07657402008771896
1614182161350,2021-02-24T15:56:59.339Z,51.475,1.5442428588867188,-0.9231423735618592,-0.07657402008771896
1614182161390,2021-02-24T15:56:59.350Z,51.515,1.1783891916275024,-1.410947322845459,0.1063528135418892
1614182161431,2021-02-24T15:56:59.352Z,51.556000000000004,-0.22404992580413816,-0.13045944273471832,0.4112308621406555
1614182161470,2021-02-24T15:56:59.355Z,51.595,-0.1630743145942688,0.9671015739440918,-0.015598412603139876
1614182161510,2021-02-24T15:56:59.365Z,51.635,-0.1630743145942688,0.9671015739440918,-0.015598412603139876
1614182161551,2021-02-24T15:56:59.368Z,51.676,-0.5289279818534851,-0.4963131248950958,-0.07657402008771896
1614182161590,2021-02-24T15:56:59.379Z,51.715,0.44668179750442505,1.9427112340927124,0.045377198606729514
1614182161631,2021-02-24T15:56:59.381Z,51.756,-1.0167328119277954,0.9061259627342224,-0.5643789172172546
1614182161671,2021-02-24T15:56:59.383Z,51.79600000000001,-0.1630743145942688,1.3329551219940186,0.22830402851104736
1614182161710,2021-02-24T15:56:59.395Z,51.835,-0.1630743145942688,1.3329551219940186,0.22830402851104736
1614182161762,2021-02-24T15:56:59.397Z,51.887,-0.22404992580413816,1.0890527963638306,-0.07657402008771896
1614182161801,2021-02-24T15:56:59.399Z,51.926,0.5076574087142944,0.3573454320430756,0.5331820845603943
1614182161841,2021-02-24T15:56:59.425Z,51.966,0.5076574087142944,0.3573454320430756,0.5331820845603943
1614182161882,2021-02-24T15:56:59.427Z,52.007,0.6296086311340332,-1.1670448780059814,0.16732841730117798
1614182161921,2021-02-24T15:56:59.429Z,52.04600000000001,-0.22404992580413816,-1.1670448780059814,-0.3204764723777771
1614182161962,2021-02-24T15:56:59.440Z,52.086999999999996,-0.7118547558784485,-0.9231423735618592,-0.13754963874816895
1614182162002,2021-02-24T15:56:59.442Z,52.126999999999995,-0.5289279818534851,-0.008508224971592426,-0.6863301396369934
1614182162041,2021-02-24T15:56:59.444Z,52.166000000000004,-0.7118547558784485,-0.13045944273471832,-0.3204764723777771
1614182162082,2021-02-24T15:56:59.470Z,52.207,-1.260635256767273,0.05246738716959953,-0.13754963874816895
1614182162122,2021-02-24T15:56:59.472Z,52.247,0.5076574087142944,-1.045093655586243,0.1063528135418892
1614182162163,2021-02-24T15:56:59.474Z,52.288000000000004,0.019852524623274803,-1.1670448780059814,0.1063528135418892
1614182162203,2021-02-24T15:56:59.485Z,52.328,-0.7728304266929626,-0.37436190247535706,0.5941576957702637
1614182162242,2021-02-24T15:56:59.488Z,52.367,-0.7728304266929626,-0.37436190247535706,0.5941576957702637
1614182162283,2021-02-24T15:56:59.499Z,52.408,0.019852524623274803,0.9671015739440918,0.1063528135418892
1614182162333,2021-02-24T15:56:59.502Z,52.458,-3.2728304862976074,2.3695404529571533,-0.13754963874816895
1614182162372,2021-02-24T15:56:59.504Z,52.497,-3.943562030792236,0.7841747403144836,-0.8082813620567322
1614182162424,2021-02-24T15:56:59.515Z,52.549,-3.333806037902832,0.845150351524353,-0.5643789172172546
1614182162463,2021-02-24T15:56:59.517Z,52.588,-3.5777082443237305,0.05246738716959953,-0.3814520835876465
1614182162503,2021-02-24T15:56:59.519Z,52.628,-3.0899035930633545,-1.7158253192901611,-0.015598412603139876
1614182162544,2021-02-24T15:56:59.530Z,52.669,0.019852524623274803,-2.142654657363892,0.045377198606729514
1614182162583,2021-02-24T15:56:59.532Z,52.708,1.3003404140472412,-2.8133864402771,0.16732841730117798
1614182162624,2021-02-24T15:56:59.544Z,52.748999999999995,0.6296086311340332,-1.959727764129639,0.1063528135418892
1614182162664,2021-02-24T15:56:59.546Z,52.788999999999994,0.9954622983932496,-2.3255815505981445,0.4112308621406555
1614182162704,2021-02-24T15:56:59.548Z,52.82899999999999,0.2637549638748169,-1.410947322845459,0.16732841730117798
1614182162745,2021-02-24T15:56:59.559Z,52.87,-0.2850255370140076,2.735394239425659,-0.19852524995803836
1614182162784,2021-02-24T15:56:59.562Z,52.909,-1.7484400272369385,4.015882015228272,-0.7473057508468628
1614182162825,2021-02-24T15:56:59.564Z,52.95,-2.7240498065948486,3.1012477874755864,-0.8692569732666016
1614182162865,2021-02-24T15:56:59.589Z,52.99,-3.3947815895080566,0.845150351524353,-0.8082813620567322
1614182162904,2021-02-24T15:56:59.591Z,53.028999999999996,-3.5167326927185063,-0.8011911511421204,-0.07657402008771896
1614182162945,2021-02-24T15:56:59.594Z,53.07,-3.638684272766113,-2.8133864402771,0.4112308621406555
1614182162985,2021-02-24T15:56:59.605Z,53.11,-1.504537582397461,-1.7768008708953855,0.7161089181900024
1614182163026,2021-02-24T15:56:59.607Z,53.151,0.5076574087142944,-2.8133864402771,0.4112308621406555
1614182163065,2021-02-24T15:56:59.609Z,53.19,0.9954622983932496,-0.9841179251670836,0.3502552509307861
1614182163105,2021-02-24T15:56:59.620Z,53.23,2.0320477485656743,-0.37436190247535706,-0.2595008611679077
1614182163146,2021-02-24T15:56:59.622Z,53.271,1.97107207775116,0.5402722954750061,-0.3814520835876465
1614182163185,2021-02-24T15:56:59.625Z,53.31,0.8125354647636414,0.6622235178947449,0.045377198606729514
1614182163225,2021-02-24T15:56:59.636Z,53.35,0.8125354647636414,1.2110040187835691,0.16732841730117798
1614182163266,2021-02-24T15:56:59.638Z,53.391000000000005,0.6296086311340332,-0.008508224971592426,-0.4424276947975159
1614182163306,2021-02-24T15:56:59.649Z,53.431000000000004,-0.3460011482238769,1.6988087892532349,-0.015598412603139876
1614182163347,2021-02-24T15:56:59.651Z,53.472,0.3247305750846863,-0.3133862912654877,-0.19852524995803836
1614182163386,2021-02-24T15:56:59.654Z,53.511,1.5442428588867188,0.9061259627342224,-0.4424276947975159
1614182163426,2021-02-24T15:56:59.665Z,53.551,2.0930233001708984,0.9671015739440918,0.1063528135418892
1614182163467,2021-02-24T15:56:59.696Z,53.592,1.6661940813064575,0.9671015739440918,0.22830402851104736
1614182163506,2021-02-24T15:56:59.698Z,53.631,3.251559972763061,0.9061259627342224,0.4722064733505249
1614182163547,2021-02-24T15:56:59.709Z,53.672,3.4954624176025386,0.845150351524353,-0.07657402008771896
1614182163587,2021-02-24T15:56:59.711Z,53.711999999999996,2.336925745010376,3.0402722358703613,0.22830402851104736
1614182163626,2021-02-24T15:56:59.714Z,53.751000000000005,2.702779531478882,1.8207600116729736,-0.13754963874816895
1614182163667,2021-02-24T15:56:59.725Z,53.792,2.275950193405152,2.1866137981414795,0.4722064733505249
1614182163707,2021-02-24T15:56:59.727Z,53.832,2.824730634689331,1.0280771255493164,0.22830402851104736
1614182163748,2021-02-24T15:56:59.729Z,53.873000000000005,-0.8947816491127014,-0.3133862912654877,0.3502552509307861
1614182163788,2021-02-24T15:56:59.740Z,53.913000000000004,-2.846001148223877,-0.8011911511421204,-0.2595008611679077
1614182163829,2021-02-24T15:56:59.742Z,53.95399999999999,-2.4191718101501465,-0.1914350539445877,-0.2595008611679077
1614182163878,2021-02-24T15:56:59.754Z,54.003,-1.8703913688659668,0.7231991291046143,-0.6863301396369934
1614182163918,2021-02-24T15:56:59.756Z,54.043,-0.3460011482238769,0.845150351524353,0.1063528135418892
1614182163968,2021-02-24T15:56:59.759Z,54.093,2.275950193405152,-1.7158253192901611,0.5331820845603943
1614182164009,2021-02-24T15:56:59.770Z,54.13399999999999,2.7637550830841064,-1.045093655586243,0.6551332473754883
1614182164048,2021-02-24T15:56:59.772Z,54.173,3.4954624176025386,1.271979570388794,0.22830402851104736
1614182164088,2021-02-24T15:56:59.774Z,54.213,3.4954624176025386,1.271979570388794,0.22830402851104736
1614182164129,2021-02-24T15:56:59.785Z,54.254,-1.687464475631714,1.2110040187835691,-0.3814520835876465
1614182164168,2021-02-24T15:56:59.787Z,54.293,-2.4191718101501465,0.6622235178947449,-0.19852524995803836
1614182164209,2021-02-24T15:56:59.790Z,54.333999999999996,-2.967952251434326,1.3939307928085327,-0.625354528427124
1614182164249,2021-02-24T15:56:59.801Z,54.373999999999995,-2.9069766998291016,0.41832104325294495,-0.3204764723777771
1614182164288,2021-02-24T15:56:59.803Z,54.413000000000004,-2.9069766998291016,0.41832104325294495,-0.3204764723777771
1614182164330,2021-02-24T15:56:59.814Z,54.455,0.3857061862945557,-1.5938740968704224,0.045377198606729514
1614182164369,2021-02-24T15:56:59.816Z,54.494,1.6052184104919434,-2.2036302089691158,0.28927963972091675
1614182164410,2021-02-24T15:56:59.819Z,54.535,0.5686330199241638,-1.045093655586243,0.28927963972091675
1614182164450,2021-02-24T15:56:59.830Z,54.575,0.8125354647636414,-0.3133862912654877,0.3502552509307861
1614182164489,2021-02-24T15:56:59.832Z,54.614,0.8125354647636414,-0.3133862912654877,0.3502552509307861
1614182164530,2021-02-24T15:56:59.834Z,54.655,0.3857061862945557,1.3329551219940186,-0.4424276947975159
1614182164570,2021-02-24T15:56:59.860Z,54.695,-0.1630743145942688,0.5402722954750061,0.5941576957702637
1614182164611,2021-02-24T15:56:59.862Z,54.736000000000004,0.019852524623274803,-1.959727764129639,0.777084469795227
1614182164650,2021-02-24T15:56:59.864Z,54.775,-0.04112308844923973,-3.1182644367218018,-0.13754963874816895
1614182164690,2021-02-24T15:56:59.875Z,54.815,-0.04112308844923973,-3.1182644367218018,-0.13754963874816895
1614182164731,2021-02-24T15:56:59.877Z,54.856,0.6296086311340332,-0.6792399287223816,0.1063528135418892
1614182164770,2021-02-24T15:56:59.879Z,54.895,-0.5289279818534851,-0.2524106800556183,0.045377198606729514
1614182164811,2021-02-24T15:56:59.890Z,54.93600000000001,-0.6508792042732239,-0.1914350539445877,-0.2595008611679077
1614182164851,2021-02-24T15:56:59.892Z,54.976000000000006,-0.5899035334587097,0.1744186133146286,-0.19852524995803836
1614182164891,2021-02-24T15:56:59.904Z,55.016000000000005,-0.5899035334587097,0.1744186133146286,-0.19852524995803836
1614182164932,2021-02-24T15:56:59.906Z,55.056999999999995,0.08082813769578934,-0.37436190247535706,-0.19852524995803836
1614182164971,2021-02-24T15:56:59.908Z,55.096000000000004,0.44668179750442505,-0.7402154803276062,0.16732841730117798
1614182165012,2021-02-24T15:56:59.920Z,55.137,0.93448668718338,0.6012479066848755,-0.13754963874816895
1614182165052,2021-02-24T15:56:59.922Z,55.177,1.1174135208129885,1.454906344413757,0.3502552509307861
1614182165091,2021-02-24T15:56:59.924Z,55.216,0.019852524623274803,-0.4353375136852264,-0.015598412603139876
1614182165132,2021-02-24T15:56:59.935Z,55.257,-0.1630743145942688,0.05246738716959953,0.5331820845603943
1614182165172,2021-02-24T15:56:59.937Z,55.297,-0.1630743145942688,-1.4719228744506836,-0.19852524995803836
1614182165213,2021-02-24T15:56:59.939Z,55.338,-0.1630743145942688,-0.1914350539445877,-0.13754963874816895
1614182165252,2021-02-24T15:56:59.950Z,55.376999999999995,-0.22404992580413816,-1.1670448780059814,-0.07657402008771896
1614182165292,2021-02-24T15:56:59.952Z,55.417,-0.3460011482238769,0.6012479066848755,-0.2595008611679077
1614182165333,2021-02-24T15:56:59.964Z,55.458,0.019852524623274803,0.1744186133146286,0.045377198606729514
1614182165372,2021-02-24T15:56:59.980Z,55.497,-0.6508792042732239,-0.2524106800556183,-0.4424276947975159
1614182165422,2021-02-24T15:56:59.982Z,55.547,0.5076574087142944,0.11344299465417862,0.1063528135418892
1614182165463,2021-02-24T15:56:59.984Z,55.588,0.08082813769578934,0.3573454320430756,-0.07657402008771896
1614182165513,2021-02-24T15:56:59.997Z,55.638000000000005,0.5076574087142944,0.845150351524353,0.1063528135418892
1614182165553,2021-02-24T15:56:59.999Z,55.678000000000004,0.5076574087142944,0.845150351524353,0.1063528135418892
1614182165604,2021-02-24T15:57:00.025Z,55.729,-1.8094158172607424,-1.7158253192901611,0.1063528135418892
1614182165643,2021-02-24T15:57:00.027Z,55.768,-4.126489162445068,-2.3255815505981445,0.16732841730117798
1614182165683,2021-02-24T15:57:00.029Z,55.808,-4.126489162445068,-2.3255815505981445,0.16732841730117798
1614182165724,2021-02-24T15:57:00.040Z,55.849,-1.7484400272369385,0.845150351524353,-0.015598412603139876
1614182165764,2021-02-24T15:57:00.042Z,55.888999999999996,-0.7118547558784485,1.6988087892532349,-0.6863301396369934
1614182165805,2021-02-24T15:57:00.045Z,55.93,-0.9557572007179259,2.430516242980957,-0.5034033060073853
1614182165844,2021-02-24T15:57:00.055Z,55.968999999999994,0.3247305750846863,1.3329551219940186,-0.2595008611679077
1614182165884,2021-02-24T15:57:00.057Z,56.00899999999999,0.3247305750846863,1.3329551219940186,-0.2595008611679077
1614182165925,2021-02-24T15:57:00.059Z,56.05,-0.10209869593381883,3.3451502323150635,0.3502552509307861
1614182165964,2021-02-24T15:57:00.071Z,56.089,-0.10209869593381883,2.125638246536255,0.1063528135418892
1614182166005,2021-02-24T15:57:00.073Z,56.13,-0.8338059782981873,0.1744186133146286,0.22830402851104736
1614182166045,2021-02-24T15:57:00.084Z,56.17,-0.9557572007179259,-0.2524106800556183,-0.015598412603139876
1614182166084,2021-02-24T15:57:00.089Z,56.208999999999996,-1.1996595859527588,-0.862166702747345,-0.3204764723777771
1614182166125,2021-02-24T15:57:00.091Z,56.25,-0.6508792042732239,-0.6182643175125122,-0.5643789172172546
1614182166165,2021-02-24T15:57:00.100Z,56.29,0.9954622983932496,-0.9231423735618592,-0.5034033060073853
1614182166206,2021-02-24T15:57:00.102Z,56.331,1.42229163646698,1.0280771255493164,0.3502552509307861
1614182166246,2021-02-24T15:57:00.104Z,56.371,0.6296086311340332,0.7231991291046143,0.6551332473754883
1614182166285,2021-02-24T15:57:00.115Z,56.41,-0.7728304266929626,0.3573454320430756,0.28927963972091675
1614182166326,2021-02-24T15:57:00.117Z,56.451,-0.467952311038971,-0.1914350539445877,0.1063528135418892
1614182166366,2021-02-24T15:57:00.119Z,56.49100000000001,-0.8338059782981873,-0.008508224971592426,-0.3204764723777771
1614182166407,2021-02-24T15:57:00.145Z,56.532,-0.467952311038971,2.430516242980957,-0.07657402008771896
1614182166446,2021-02-24T15:57:00.147Z,56.571000000000005,-1.6264889240264893,0.9061259627342224,-0.5034033060073853
1614182166486,2021-02-24T15:57:00.149Z,56.611000000000004,-0.5289279818534851,-0.3133862912654877,0.1063528135418892
1614182166527,2021-02-24T15:57:00.160Z,56.652,-0.8947816491127014,-0.008508224971592426,0.3502552509307861
1614182166566,2021-02-24T15:57:00.163Z,56.691,-0.04112308844923973,-0.13045944273471832,-0.015598412603139876
1614182166606,2021-02-24T15:57:00.174Z,56.731,-0.04112308844923973,-0.13045944273471832,-0.015598412603139876
1614182166647,2021-02-24T15:57:00.207Z,56.772,0.5686330199241638,-0.4353375136852264,-0.3204764723777771
1614182166686,2021-02-24T15:57:00.220Z,56.81100000000001,-0.04112308844923973,-0.7402154803276062,-0.5034033060073853
1614182166727,2021-02-24T15:57:00.222Z,56.852,0.019852524623274803,-0.8011911511421204,-0.07657402008771896
1614182166767,2021-02-24T15:57:00.224Z,56.891999999999996,-0.10209869593381883,-0.4963131248950958,-0.2595008611679077
1614182166807,2021-02-24T15:57:00.235Z,56.931999999999995,-0.10209869593381883,-0.4963131248950958,-0.2595008611679077
1614182166848,2021-02-24T15:57:00.238Z,56.973,-0.10209869593381883,-1.3499716520309448,-0.2595008611679077
1614182166887,2021-02-24T15:57:00.240Z,57.012,-0.10209869593381883,-1.3499716520309448,-0.2595008611679077
1614182166928,2021-02-24T15:57:00.250Z,57.053000000000004,-0.4069767594337464,0.3573454320430756,-0.19852524995803836
1614182166968,2021-02-24T15:57:00.253Z,57.093,-0.4069767594337464,-0.5572887063026428,-0.3204764723777771
1614182167009,2021-02-24T15:57:00.264Z,57.13399999999999,-0.1630743145942688,0.1744186133146286,-0.13754963874816895
1614182167059,2021-02-24T15:57:00.266Z,57.184,-0.5289279818534851,-0.06948383897542952,0.045377198606729514
1614182167098,2021-02-24T15:57:00.268Z,57.223,0.5686330199241638,-0.1914350539445877,-0.13754963874816895
1614182167148,2021-02-24T15:57:00.282Z,57.273,-0.5289279818534851,-1.410947322845459,-0.19852524995803836
1614182167189,2021-02-24T15:57:00.284Z,57.31399999999999,-0.5289279818534851,-0.3133862912654877,0.045377198606729514
1614182167228,2021-02-24T15:57:00.295Z,57.353,0.019852524623274803,-0.37436190247535706,0.1063528135418892
1614182167268,2021-02-24T15:57:00.297Z,57.393,0.3247305750846863,0.11344299465417862,-0.2595008611679077
1614182167309,2021-02-24T15:57:00.310Z,57.434,-0.5289279818534851,-0.4353375136852264,-0.07657402008771896
1614182167349,2021-02-24T15:57:00.312Z,57.474,-0.467952311038971,-0.008508224971592426,-0.19852524995803836
1614182167390,2021-02-24T15:57:00.315Z,57.515,1.1174135208129885,-1.2889961004257202,0.1063528135418892
1614182167429,2021-02-24T15:57:00.326Z,57.553999999999995,0.9954622983932496,-1.1060692071914673,0.16732841730117798
1614182167469,2021-02-24T15:57:00.328Z,57.593999999999994,0.3247305750846863,-0.1914350539445877,-0.015598412603139876
1614182167510,2021-02-24T15:57:00.339Z,57.635,0.9954622983932496,-2.2036302089691158,0.045377198606729514
1614182167549,2021-02-24T15:57:00.341Z,57.674,0.8125354647636414,-1.1060692071914673,0.1063528135418892
1614182167590,2021-02-24T15:57:00.344Z,57.715,1.7881453037261963,-1.410947322845459,0.1063528135418892
1614182167630,2021-02-24T15:57:00.355Z,57.755,0.3247305750846863,0.11344299465417862,0.1063528135418892
1614182167669,2021-02-24T15:57:00.357Z,57.794,0.5686330199241638,-1.045093655586243,-0.3204764723777771
1614182167710,2021-02-24T15:57:00.360Z,57.835,0.6905842423439026,-0.7402154803276062,-0.4424276947975159
1614182167750,2021-02-24T15:57:00.370Z,57.875,-1.9313669204711916,0.7231991291046143,0.16732841730117798
1614182167791,2021-02-24T15:57:00.372Z,57.916000000000004,-1.1386840343475342,-2.0207033157348637,-0.19852524995803836
1614182167830,2021-02-24T15:57:00.374Z,57.955,0.6905842423439026,2.0646624565124507,0.1063528135418892
1614182167870,2021-02-24T15:57:00.385Z,57.995,0.8125354647636414,1.9427112340927124,-0.4424276947975159
1614182167911,2021-02-24T15:57:00.388Z,58.036,1.3613159656524658,1.6988087892532349,-0.5643789172172546
1614182167951,2021-02-24T15:57:00.399Z,58.076,1.849120855331421,1.1500283479690552,0.1063528135418892
1614182167992,2021-02-24T15:57:00.430Z,58.117,0.14180374145507812,0.6012479066848755,0.16732841730117798
1614182168031,2021-02-24T15:57:00.432Z,58.156000000000006,-0.5899035334587097,-0.4353375136852264,0.16732841730117798
1614182168071,2021-02-24T15:57:00.444Z,58.196000000000005,0.44668179750442505,-1.959727764129639,-0.015598412603139876
1614182168112,2021-02-24T15:57:00.446Z,58.236999999999995,-0.2850255370140076,-0.37436190247535706,-0.015598412603139876
1614182168151,2021-02-24T15:57:00.459Z,58.276,0.5686330199241638,-1.5328985452651978,-0.13754963874816895
1614182168192,2021-02-24T15:57:00.461Z,58.317,0.44668179750442505,-1.1060692071914673,-0.3204764723777771
1614182168232,2021-02-24T15:57:00.464Z,58.357,-0.3460011482238769,-0.008508224971592426,0.3502552509307861
1614182168271,2021-02-24T15:57:00.475Z,58.396,0.5076574087142944,2.0646624565124507,-0.3204764723777771
1614182168312,2021-02-24T15:57:00.477Z,58.437,-3.0899035930633545,2.3085649013519287,0.16732841730117798
1614182168352,2021-02-24T15:57:00.479Z,58.477,0.2027793526649475,2.0646624565124507,0.22830402851104736
1614182168393,2021-02-24T15:57:00.491Z,58.518,-1.3216108083724976,3.6500284671783447,-0.625354528427124
1614182168433,2021-02-24T15:57:00.493Z,58.558,-1.4435620307922363,1.6988087892532349,0.045377198606729514
1614182168472,2021-02-24T15:57:00.504Z,58.597,-0.04112308844923973,0.6622235178947449,-0.3814520835876465
1614182168513,2021-02-24T15:57:00.507Z,58.638000000000005,-1.4435620307922363,1.0280771255493164,0.1063528135418892
1614182168553,2021-02-24T15:57:00.509Z,58.678000000000004,-2.9069766998291016,-0.9231423735618592,0.045377198606729514
1614182168602,2021-02-24T15:57:00.534Z,58.727,-0.8947816491127014,-0.9231423735618592,0.5331820845603943
1614182168643,2021-02-24T15:57:00.536Z,58.768,-0.6508792042732239,-0.3133862912654877,-0.3204764723777771
1614182168693,2021-02-24T15:57:00.540Z,58.818000000000005,-1.0167328119277954,2.430516242980957,-0.2595008611679077
1614182168733,2021-02-24T15:57:00.551Z,58.858000000000004,-1.0167328119277954,2.430516242980957,-0.2595008611679077
1614182168774,2021-02-24T15:57:00.552Z,58.898999999999994,-0.7728304266929626,0.4792966544628143,-0.3204764723777771
1614182168813,2021-02-24T15:57:00.554Z,58.938,-1.1996595859527588,1.454906344413757,-0.07657402008771896
1614182168854,2021-02-24T15:57:00.580Z,58.979,-2.541123151779175,-0.06948383897542952,-0.015598412603139876
1614182168894,2021-02-24T15:57:00.582Z,59.019,-1.687464475631714,0.11344299465417862,0.3502552509307861
1614182168934,2021-02-24T15:57:00.585Z,59.059,-2.175269365310669,-0.008508224971592426,-0.015598412603139876
1614182168975,2021-02-24T15:57:00.596Z,59.1,0.6905842423439026,-0.6792399287223816,0.7161089181900024
1614182169014,2021-02-24T15:57:00.598Z,59.138999999999996,-0.2850255370140076,0.05246738716959953,-0.930232584476471
1614182169055,2021-02-24T15:57:00.609Z,59.18,-2.846001148223877,0.6622235178947449,-0.19852524995803836
1614182169095,2021-02-24T15:57:00.611Z,59.22,1.42229163646698,0.05246738716959953,-0.3814520835876465
1614182169134,2021-02-24T15:57:00.614Z,59.25899999999999,1.1174135208129885,1.5768575668334959,-0.6863301396369934
1614182169175,2021-02-24T15:57:00.625Z,59.3,0.14180374145507812,1.5768575668334959,0.3502552509307861
1614182169215,2021-02-24T15:57:00.627Z,59.34,2.458876848220825,0.9671015739440918,0.4722064733505249
1614182169256,2021-02-24T15:57:00.629Z,59.381,1.3003404140472412,0.1744186133146286,-0.07657402008771896
1614182169295,2021-02-24T15:57:00.640Z,59.42,1.3613159656524658,0.41832104325294495,0.3502552509307861
1614182169335,2021-02-24T15:57:00.642Z,59.46,2.580828189849853,-0.4353375136852264,-0.015598412603139876
1614182169376,2021-02-24T15:57:00.645Z,59.501000000000005,1.910096526145935,0.235394224524498,0.16732841730117798
1614182169415,2021-02-24T15:57:00.655Z,59.54,0.93448668718338,-1.6548497676849363,-0.13754963874816895
1614182169455,2021-02-24T15:57:00.658Z,59.58,1.910096526145935,0.3573454320430756,-0.07657402008771896
1614182169496,2021-02-24T15:57:00.669Z,59.621,1.42229163646698,1.454906344413757,-2.1497447490692143
1614182169536,2021-02-24T15:57:00.672Z,59.661,-2.05331826210022,1.9427112340927124,-3.6131594181060787
1614182169577,2021-02-24T15:57:00.673Z,59.702,-1.4435620307922363,-1.1060692071914673,-6.418037414550781
1614182169616,2021-02-24T15:57:00.699Z,59.74100000000001,-0.9557572007179259,-2.264605760574341,-12.393647193908693
1614182169656,2021-02-24T15:57:00.701Z,59.781000000000006,10.141803741455078,-5.008508205413818,-28.49120903015137
1614182169697,2021-02-24T15:57:00.703Z,59.821999999999996,0.9954622983932496,-7.874361515045166,-28.979013442993164
1614182169736,2021-02-24T15:57:00.714Z,59.861000000000004,6.361316204071045,-17.386558532714847,-19.71072196960449
1614182169777,2021-02-24T15:57:00.745Z,59.902,-7.785025596618652,-20.37436294555664,-8.491208076477049
1614182169817,2021-02-24T15:57:00.746Z,59.942,-0.8338059782981873,-32.752410888671875,-12.027792930603027
1614182169856,2021-02-24T15:57:00.749Z,59.981,-13.211854934692385,-32.508506774902344,-14.832671165466307
1614182169897,2021-02-24T15:57:00.760Z,60.022,-0.9557572007179259,-19.2158260345459,-15.320476531982422
1614182169937,2021-02-24T15:57:00.762Z,60.062,8.007657051086426,-10.374361991882324,-15.442427635192873
1614182169978,2021-02-24T15:57:00.775Z,60.103,2.580828189849853,-13.971923828125,-12.51559829711914
1614182170018,2021-02-24T15:57:00.778Z,60.143,2.94668197631836,-14.642655372619627,-2.820476531982422
1614182170057,2021-02-24T15:57:00.789Z,60.181999999999995,5.2637553215026855,-13.179240226745605,5.045377254486084
1614182170098,2021-02-24T15:57:00.791Z,60.223,3.9832673072814937,-13.54509449005127,12.057573318481445
1614182170148,2021-02-24T15:57:00.794Z,60.273,-0.6508792042732239,-12.203630447387695,12.362451553344727
1614182170189,2021-02-24T15:57:00.805Z,60.31399999999999,3.617413520812988,-9.764606475830078,12.240499496459961
1614182170228,2021-02-24T15:57:00.807Z,60.353,3.800340414047241,-5.862166881561278,10.045377731323242
1614182170268,2021-02-24T15:57:00.809Z,60.393,4.89790153503418,-4.886557102203369,9.740499496459961
1614182170309,2021-02-24T15:57:00.820Z,60.434,3.129608631134033,-3.1792399883270264,9.496597290039062
1614182170349,2021-02-24T15:57:00.822Z,60.474,11.056438446044922,0.5402722954750061,9.31367015838623
1614182170388,2021-02-24T15:57:00.825Z,60.513000000000005,3.9832673072814937,3.1622235774993896,12.606353759765625
1614182170429,2021-02-24T15:57:00.835Z,60.553999999999995,9.22716999053955,3.284174680709839,11.69171905517578
1614182170469,2021-02-24T15:57:00.838Z,60.593999999999994,9.410097122192383,3.2231991291046143,11.26488971710205
1614182170510,2021-02-24T15:57:00.849Z,60.635,3.617413520812988,6.820760250091553,10.594158172607422
1614182170549,2021-02-24T15:57:00.851Z,60.674,-2.358196258544922,12.369540214538574,11.752695083618164
1614182170589,2021-02-24T15:57:00.864Z,60.714,5.87351131439209,8.771979331970215,7.423426151275635
1614182170630,2021-02-24T15:57:00.867Z,60.755,10.507658004760742,8.101247787475586,6.447816371917725
1614182170669,2021-02-24T15:57:00.869Z,60.794,6.788145542144775,12.18661403656006,7.179523468017577
1614182170710,2021-02-24T15:57:00.880Z,60.835,7.458877086639403,11.881735801696776,6.325865268707275
1614182170750,2021-02-24T15:57:00.882Z,60.875,5.690584182739258,12.918320655822756,6.813670158386231
1614182170789,2021-02-24T15:57:00.885Z,60.913999999999994,4.714974403381348,10.967101097106934,6.6307430267333975
1614182170830,2021-02-24T15:57:00.895Z,60.955,4.288145065307616,6.332955360412598,7.1185479164123535
1614182170870,2021-02-24T15:57:00.898Z,60.995,2.458876848220825,4.137833595275879,5.350255489349365
1614182170911,2021-02-24T15:57:00.900Z,61.036,1.6661940813064575,9.13783359527588,3.8258652687072754
1614182170951,2021-02-24T15:57:00.911Z,61.076,-1.3825864791870115,10.540271759033203,6.1429381370544425
1614182170990,2021-02-24T15:57:00.913Z,61.115,0.8125354647636414,7.125638484954834,5.777084827423097
1614182171031,2021-02-24T15:57:00.924Z,61.156000000000006,1.910096526145935,6.150028705596924,5.9600114822387695
1614182171071,2021-02-24T15:57:00.927Z,61.196000000000005,0.93448668718338,2.7963697910308842,4.2526941299438485
1614182171110,2021-02-24T15:57:00.929Z,61.235,0.8735110759735107,1.0890527963638306,3.9478163719177246
1614182171151,2021-02-24T15:57:00.969Z,61.276,1.5442428588867188,-0.9841179251670836,2.6063528060913086
1614182171191,2021-02-24T15:57:00.971Z,61.316,2.458876848220825,-3.3621668815612797,2.0575723648071294
1614182171232,2021-02-24T15:57:00.974Z,61.357,0.93448668718338,-5.191434860229492,1.5087918043136597
1614182171271,2021-02-24T15:57:00.985Z,61.396,0.8735110759735107,-6.3499717712402335,0.8990356922149658
1614182171311,2021-02-24T15:57:00.987Z,61.43600000000001,0.6296086311340332,-5.1304593086242685,-0.19852524995803836
1614182171352,2021-02-24T15:57:00.988Z,61.477,2.153998851776123,-0.862166702747345,-1.1741349697113037
1614182171392,2021-02-24T15:57:01.000Z,61.516999999999996,2.336925745010376,2.3085649013519287,-1.235110640525818
1614182171433,2021-02-24T15:57:01.002Z,61.558,2.153998851776123,2.7963697910308842,0.16732841730117798
1614182171472,2021-02-24T15:57:01.015Z,61.597,1.6661940813064575,0.2963698208332062,1.447816252708435
1614182171512,2021-02-24T15:57:01.017Z,61.637,1.6661940813064575,0.2963698208332062,1.447816252708435
1614182171553,2021-02-24T15:57:01.019Z,61.678000000000004,-0.04112308844923973,-3.606069326400757,0.8990356922149658
1614182171592,2021-02-24T15:57:01.030Z,61.717,-0.04112308844923973,-3.606069326400757,0.8990356922149658
1614182171633,2021-02-24T15:57:01.033Z,61.758,-2.358196258544922,0.4792966544628143,1.5697674751281738
1614182171673,2021-02-24T15:57:01.035Z,61.798,-2.846001148223877,-1.898752212524414,0.4722064733505249
1614182171723,2021-02-24T15:57:01.047Z,61.848,-3.1508791446685787,-1.045093655586243,-0.5643789172172546
1614182171764,2021-02-24T15:57:01.049Z,61.888999999999996,-2.663074254989624,-0.1914350539445877,-1.6619398593902588
1614182171803,2021-02-24T15:57:01.089Z,61.928000000000004,-2.4191718101501465,2.430516242980957,-1.3570618629455566
1614182171843,2021-02-24T15:57:01.091Z,61.968,-2.1142938137054443,2.8573453426361084,-1.9668179750442505
1614182171884,2021-02-24T15:57:01.094Z,62.00899999999999,-3.5167326927185063,3.0402722358703613,-0.8082813620567322
1614182171923,2021-02-24T15:57:01.105Z,62.048,-1.504537582397461,0.11344299465417862,-0.13754963874816895
1614182171964,2021-02-24T15:57:01.107Z,62.089,5.019852638244629,0.2963698208332062,-0.4424276947975159
1614182172004,2021-02-24T15:57:01.110Z,62.129,4.2271695137023935,4.747589588165283,-1.6009643077850342
1614182172043,2021-02-24T15:57:01.135Z,62.168,3.7393648624420166,4.8695406913757315,0.7161089181900024
1614182172084,2021-02-24T15:57:01.137Z,62.208999999999996,-0.22404992580413816,5.54027271270752,4.313670158386231
1614182172124,2021-02-24T15:57:01.139Z,62.248999999999995,0.3857061862945557,1.454906344413757,2.423425912857056
1614182172165,2021-02-24T15:57:01.152Z,62.29,0.08082813769578934,2.0036869049072266,1.7526943683624268
1614182172205,2021-02-24T15:57:01.153Z,62.33,-1.1996595859527588,5.845150470733643,0.16732841730117798
1614182172244,2021-02-24T15:57:01.164Z,62.369,-0.5289279818534851,6.637833595275879,0.045377198606729514
1614182172285,2021-02-24T15:57:01.166Z,62.41,-0.7728304266929626,6.576858043670653,-1.7229155302047732
1614182172325,2021-02-24T15:57:01.169Z,62.45,-1.8703913688659668,7.49149227142334,0.1063528135418892
1614182172366,2021-02-24T15:57:01.180Z,62.49100000000001,-1.7484400272369385,9.930516242980957,4.923426151275635
1614182172405,2021-02-24T15:57:01.182Z,62.53,-5.711854934692383,13.467101097106935,8.8868408203125
1614182172445,2021-02-24T15:57:01.184Z,62.57,-7.785025596618652,12.979296684265135,10.350255966186523
1614182172486,2021-02-24T15:57:01.195Z,62.611000000000004,-12.541123390197756,14.930516242980955,14.313671112060547
1614182172525,2021-02-24T15:57:01.197Z,62.65,-17.114295959472653,21.028078079223636,18.33806037902832
1614182172566,2021-02-24T15:57:01.200Z,62.691,-21.077709197998047,21.089052200317386,15.228304862976074
1614182172606,2021-02-24T15:57:01.210Z,62.731,-21.016735076904297,12.003686904907227,15.228304862976074
1614182172645,2021-02-24T15:57:01.213Z,62.77,-21.748441696166992,12.308565139770508,14.801475524902346
1614182172686,2021-02-24T15:57:01.224Z,62.81100000000001,-16.748441696166992,9.747589111328123,15.411231994628904
1614182172726,2021-02-24T15:57:01.226Z,62.851000000000006,-15.955758094787598,9.015881538391113,10.716109275817873
1614182172766,2021-02-24T15:57:01.228Z,62.891000000000005,-7.236245155334473,2.918321132659912,7.728304386138916
1614182172807,2021-02-24T15:57:01.254Z,62.931999999999995,-3.1508791446685787,1.3939307928085327,6.3868408203125
1614182172846,2021-02-24T15:57:01.256Z,62.971000000000004,-3.638684272766113,3.8939309120178223,6.6307430267333975
1614182172887,2021-02-24T15:57:01.258Z,63.012,-2.663074254989624,8.893930435180664,7.850255489349365
1614182172927,2021-02-24T15:57:01.269Z,63.052,0.751559853553772,14.076857566833494,4.8014750480651855
1614182172966,2021-02-24T15:57:01.301Z,63.091,4.288145065307616,21.759784698486328,7.667328357696532
1614182173007,2021-02-24T15:57:01.303Z,63.132,6.6052184104919425,23.65002822875977,6.752694606781006
1614182173047,2021-02-24T15:57:01.315Z,63.172,11.54424285888672,20.296369552612305,1.5087918043136597
1614182173088,2021-02-24T15:57:01.317Z,63.213,12.214974403381348,17.674419403076172,-0.13754963874816895
1614182173127,2021-02-24T15:57:01.319Z,63.251999999999995,15.934487342834473,12.125638008117676,-3.308281421661377
1614182173167,2021-02-24T15:57:01.331Z,63.292,15.141803741455078,9.259784698486328,-4.588769435882568
1614182173208,2021-02-24T15:57:01.333Z,63.333,14.65399932861328,6.332955360412598,-8.491208076477049
1614182173247,2021-02-24T15:57:01.345Z,63.372,14.288146018981935,7.49149227142334,-12.332671165466307
1614182173297,2021-02-24T15:57:01.347Z,63.422,15.629609107971193,4.930516242980957,-18.55218505859375
1614182173338,2021-02-24T15:57:01.349Z,63.463,2.519852638244629,7.674418926239014,-18.674135208129886
1614182173388,2021-02-24T15:57:01.360Z,63.513000000000005,4.105218410491943,8.893930435180664,-24.466819763183594
1614182173429,2021-02-24T15:57:01.362Z,63.553999999999995,9.836925506591797,1.6378332376480105,-24.16194152832031
1614182173469,2021-02-24T15:57:01.364Z,63.593999999999994,9.47107219696045,-1.5328985452651978,-24.71072196960449
1614182173508,2021-02-24T15:57:01.391Z,63.633,4.593023300170898,-6.410947322845459,-20.381452560424805
1614182173549,2021-02-24T15:57:01.393Z,63.674,9.105218887329102,-23.30119132995605,-18.85706329345703
